id,score,token,language,error
0,0.999896,Yes,Danish,
1,0.0,No,Danish,
2,0.0,No,Danish,
3,1e-06,No,Danish,
4,0.028872,No,Danish,
5,0.002112,No,Danish,
6,1e-06,No,Danish,
7,0.000265,No,Danish,
8,6e-06,No,Danish,
9,0.000473,No,Danish,
10,8e-06,No,Danish,
11,0.001576,No,Danish,
12,6e-06,No,Danish,
13,1e-06,No,Danish,
14,0.0,No,Danish,
15,0.0,No,Danish,
16,3e-06,No,Danish,
17,0.001246,No,Danish,
18,0.009577,No,Danish,
19,0.004613,No,Danish,
20,0.250913,No,Danish,
21,2e-06,No,Danish,
22,0.022618,No,Danish,
23,1.0,Yes,Danish,
24,5e-06,No,Danish,
25,2e-05,No,Danish,
26,0.0,No,Danish,
27,0.015184,No,Danish,
28,0.0,No,Danish,
29,0.665465,Yes,Danish,
30,0.0,No,Danish,
31,1e-06,No,Danish,
32,2e-06,No,Danish,
33,0.857738,Yes,Danish,
34,0.068584,No,Danish,
35,1e-06,No,Danish,
36,1e-06,No,Danish,
37,0.0,No,Danish,
38,0.0,No,Danish,
39,0.998296,Yes,Danish,
40,0.000151,No,Danish,
41,8e-06,No,Danish,
42,0.000536,No,Danish,
43,0.000188,No,Danish,
44,0.0,No,Danish,
45,6e-06,No,Danish,
46,0.0,No,Danish,
47,0.0,No,Danish,
48,0.006686,No,Danish,
49,0.000112,No,Danish,
50,0.00052,No,Danish,
51,0.999869,Yes,Danish,
52,0.001153,No,Danish,
53,0.0,No,Danish,
54,0.0,No,Danish,
55,6.1e-05,No,Danish,
56,0.00872,No,Danish,
57,0.156089,No,Danish,
58,0.999964,Yes,Danish,
59,3e-06,No,Danish,
60,0.0,No,Danish,
61,0.003537,No,Danish,
62,6e-06,No,Danish,
63,0.0,No,Danish,
64,0.000123,No,Danish,
65,0.0,No,Danish,
66,1e-06,No,Danish,
67,0.0,No,Danish,
68,8.1e-05,No,Danish,
69,0.0,No,Danish,
70,1.2e-05,No,Danish,
71,1e-06,No,Danish,
72,0.0,No,Danish,
73,0.0,No,Danish,
74,0.07474,No,Danish,
75,0.000721,No,Danish,
76,0.000792,No,Danish,
77,0.191971,No,Danish,
78,0.035652,No,Danish,
79,5e-06,No,Danish,
80,0.046681,No,Danish,
81,0.880797,Yes,Danish,
82,0.999648,Yes,Danish,
83,0.0,No,Danish,
84,0.000545,No,Danish,
85,0.0,No,Danish,
86,0.938993,Yes,Danish,
87,1e-06,No,Danish,
88,0.999755,Yes,Danish,
89,4e-06,No,Danish,
90,3.8e-05,No,Danish,
91,5.5e-05,No,Danish,
92,9e-06,No,Danish,
93,4.6e-05,No,Danish,
94,0.999999,Yes,Danish,
95,0.0,No,Danish,
96,0.000357,No,Danish,
97,0.99999,Yes,Danish,
98,0.999986,Yes,Danish,
99,0.457137,No,Danish,
100,0.001651,No,Danish,
101,0.001033,No,Danish,
102,0.0,No,Danish,
103,0.002469,No,Danish,
104,1.0,Yes,Danish,
105,0.000898,No,Danish,
106,6e-06,No,Danish,
107,0.0,No,Danish,
108,0.001758,No,Danish,
109,0.087559,No,Danish,
110,0.997372,Yes,Danish,
111,0.980877,Yes,Danish,
112,0.975585,Yes,Danish,
113,0.247987,No,Danish,
114,0.908608,Yes,Danish,
115,0.021624,No,Danish,
116,0.0,No,Danish,
117,1e-06,No,Danish,
118,0.999941,Yes,Danish,
119,0.000169,No,Danish,
120,0.001153,No,Danish,
121,4.8e-05,No,Danish,
122,0.000617,No,Danish,
123,8.8e-05,No,Danish,
124,1e-05,No,Danish,
125,1.0,Yes,Danish,
126,0.999455,Yes,Danish,
127,0.0,No,Danish,
128,0.204382,No,Danish,
129,0.000151,No,Danish,
130,0.0,No,Danish,
131,8e-06,No,Danish,
132,0.0,No,Danish,
133,0.0,No,Danish,
134,0.0,No,Danish,
135,0.028872,No,Danish,
136,0.9998,Yes,Danish,
137,0.0,No,Danish,
138,1e-06,No,Danish,
139,0.0,No,Danish,
140,2e-06,No,Danish,
141,3e-06,No,Danish,
142,0.997245,Yes,Danish,
143,1.4e-05,No,Danish,
144,0.999993,Yes,Danish,
145,0.022267,No,Danish,
146,0.999549,Yes,Danish,
147,0.0,No,Danish,
148,1e-06,No,Danish,
149,1e-06,No,Danish,
150,0.997113,Yes,Danish,
151,3.8e-05,No,Danish,
152,0.985955,Yes,Danish,
153,7e-06,No,Danish,
154,7.8e-05,No,Danish,
155,0.000386,No,Danish,
156,0.307358,No,Danish,
157,0.0,No,Danish,
158,2e-05,No,Danish,
159,9e-06,No,Danish,
160,0.001814,No,Danish,
161,2e-06,No,Danish,
162,0.0,No,Danish,
163,6.2e-05,No,Danish,
164,0.05753,No,Danish,
165,0.0,No,Danish,
166,0.036784,No,Danish,
167,0.11132,No,Danish,
168,1.0,Yes,Danish,
169,0.000197,No,Danish,
170,1.3e-05,No,Danish,
171,2e-06,No,Danish,
172,0.999989,Yes,Danish,
173,2.4e-05,No,Danish,
174,2e-06,No,Danish,
175,0.000768,No,Danish,
176,8.4e-05,No,Danish,
177,0.997888,Yes,Danish,
178,8e-06,No,Danish,
179,0.00078,No,Danish,
180,5e-06,No,Danish,
181,1e-06,No,Danish,
182,0.99978,Yes,Danish,
183,0.027984,No,Danish,
184,0.171113,No,Danish,
185,0.00139,No,Danish,
186,2.6e-05,No,Danish,
187,3e-06,No,Danish,
188,0.000444,No,Danish,
189,3.4e-05,No,Danish,
190,1e-06,No,Danish,
191,0.129389,No,Danish,
192,0.999999,Yes,Danish,
193,0.059239,No,Danish,
194,0.999987,Yes,Danish,
195,0.0,No,Danish,
196,0.999965,Yes,Danish,
197,0.033103,No,Danish,
198,0.999924,Yes,Danish,
199,0.994368,Yes,Danish,
200,0.0,No,Danish,
201,0.0,No,Danish,
202,5e-06,No,Danish,
203,0.000571,No,Danish,
204,0.259779,No,Danish,
205,1e-06,No,Danish,
206,0.0,No,Danish,
207,0.0,No,Danish,
208,1e-05,No,Danish,
209,0.007117,No,Danish,
210,0.934425,Yes,Danish,
211,0.0,No,Danish,
212,1e-06,No,Danish,
213,1e-06,No,Danish,
214,0.031157,No,Danish,
215,0.999632,Yes,Danish,
216,1.8e-05,No,Danish,
217,0.662032,Yes,Danish,
218,1.9e-05,No,Danish,
219,0.00038,No,Danish,
220,0.0,No,Danish,
221,0.851937,Yes,Danish,
222,1e-06,No,Danish,
223,0.999995,Yes,Danish,
224,0.999988,Yes,Danish,
225,0.000111,No,Danish,
226,0.000109,No,Danish,
227,2e-06,No,Danish,
228,0.999739,Yes,Danish,
229,1.0,Yes,Danish,
230,1e-06,No,Danish,
231,0.0,No,Danish,
232,0.00027,No,Danish,
233,0.075918,No,Danish,
234,0.037877,No,Danish,
235,0.001527,No,Danish,
236,0.0,No,Danish,
237,0.999998,Yes,Danish,
238,0.999996,Yes,Danish,
239,1e-06,No,Danish,
240,1e-06,No,Danish,
241,2.2e-05,No,Danish,
242,0.994276,Yes,Danish,
243,3e-06,No,Danish,
244,0.003025,No,Danish,
245,0.000129,No,Danish,
246,0.0,No,Danish,
247,0.999901,Yes,Danish,
248,0.000857,No,Danish,
249,1.5e-05,No,Danish,
250,0.154105,No,Danish,
251,0.999999,Yes,Danish,
252,1.4e-05,No,Danish,
253,0.129389,No,Danish,
254,0.999851,Yes,Danish,
255,0.096727,No,Danish,
256,8e-06,No,Danish,
257,4.9e-05,No,Danish,
258,0.997156,Yes,Danish,
259,0.187151,No,Danish,
260,7e-06,No,Danish,
261,0.003482,No,Danish,
262,0.0,No,Danish,
263,1e-06,No,Danish,
264,0.016941,No,Danish,
265,0.592667,Yes,Danish,
266,7.5e-05,No,Danish,
267,0.987355,Yes,Danish,
268,0.89335,Yes,Danish,
269,0.0,No,Danish,
270,4.2e-05,No,Danish,
271,2e-06,No,Danish,
272,8.6e-05,No,Danish,
273,1.3e-05,No,Danish,
274,2.3e-05,No,Danish,
275,6.9e-05,No,Danish,
276,0.999301,Yes,Danish,
277,0.994276,Yes,Danish,
278,0.692642,Yes,Danish,
279,0.994691,Yes,Danish,
280,0.0,No,Danish,
281,0.798128,Yes,Danish,
282,0.999846,Yes,Danish,
283,0.02558,No,Danish,
284,0.88715,Yes,Danish,
285,0.002015,No,Danish,
286,0.449393,No,Danish,
287,0.999966,Yes,Danish,
288,0.999919,Yes,Danish,
289,0.985956,Yes,Danish,
290,2e-06,No,Danish,
291,0.015423,No,Danish,
292,0.999997,Yes,Danish,
293,0.000257,No,Danish,
294,7e-06,No,Danish,
295,0.093937,No,Danish,
296,1e-06,No,Danish,
297,0.999704,Yes,Danish,
298,1.6e-05,No,Danish,
299,0.999905,Yes,Danish,
300,0.999959,Yes,Danish,
301,0.999232,Yes,Danish,
302,3e-06,No,Danish,
303,0.000346,No,Danish,
304,0.000133,No,Danish,
305,0.001017,No,Danish,
306,4e-06,No,Danish,
307,0.0,No,Danish,
308,5e-06,No,Danish,
309,0.959759,Yes,Danish,
310,3e-06,No,Danish,
311,0.0,No,Danish,
312,0.051068,No,Danish,
313,3.5e-05,No,Danish,
314,0.999932,Yes,Danish,
315,1e-06,No,Danish,
316,0.036214,No,Danish,
317,0.061,No,Danish,
318,0.01098,No,Danish,
319,0.000245,No,Danish,
320,0.0,No,Danish,
321,2e-06,No,Danish,
322,0.000598,No,Danish,
323,0.000203,No,Danish,
324,5.1e-05,No,Danish,
325,0.0,No,Danish,
326,0.999643,Yes,Danish,
327,0.999373,Yes,Danish,
328,4e-06,No,Danish,
329,0.250913,No,Danish,
330,0.981454,Yes,Danish,
331,0.999899,Yes,Danish,
332,0.0,No,Danish,
333,0.718693,Yes,Danish,
334,0.000898,No,Danish,
335,3e-06,No,Danish,
336,0.999999,Yes,Danish,
337,0.000352,No,Danish,
338,0.0,No,Danish,
339,0.001208,No,Danish,
340,0.000151,No,Danish,
341,0.0002,No,Danish,
342,0.999976,Yes,Danish,
343,0.997884,Yes,Danish,
344,1e-06,No,Danish,
345,0.999994,Yes,Danish,
346,0.0,No,Danish,
347,0.0,No,Danish,
348,1e-06,No,Danish,
349,4.4e-05,No,Danish,
350,3e-06,No,Danish,
351,0.989685,Yes,Danish,
352,1e-06,No,Danish,
353,0.999992,Yes,Danish,
354,1e-06,No,Danish,
355,0.965912,Yes,Danish,
356,0.000156,No,Danish,
357,0.000203,No,Danish,
358,0.012638,No,Danish,
359,3e-06,No,Danish,
360,0.99683,Yes,Danish,
361,0.997158,Yes,Danish,
362,0.999999,Yes,Danish,
363,3e-06,No,Danish,
364,0.980875,Yes,Danish,
365,0.000114,No,Danish,
366,1.1e-05,No,Danish,
367,2e-06,No,Danish,
368,1e-06,No,Danish,
369,0.00012,No,Danish,
370,0.0,No,Danish,
371,0.999595,Yes,Danish,
372,0.0,No,Danish,
373,0.025981,No,Danish,
374,0.120866,No,Danish,
375,0.0,No,Danish,
376,1.0,Yes,Danish,
377,0.989358,Yes,Danish,
378,0.152017,No,Danish,
379,0.0,No,Danish,
380,0.21465,No,Danish,
381,0.000688,No,Danish,
382,2.4e-05,No,Danish,
383,0.0,No,Danish,
384,0.999569,Yes,Danish,
385,0.982316,Yes,Danish,
386,0.998323,Yes,Danish,
387,0.000571,No,Danish,
388,4e-06,No,Danish,
389,0.0,No,Danish,
390,0.011688,No,Danish,
391,3e-06,No,Danish,
392,0.177739,No,Danish,
393,5e-06,No,Danish,
394,4.6e-05,No,Danish,
395,0.0,No,Danish,
396,5.6e-05,No,Danish,
397,0.0,No,Danish,
398,0.985951,Yes,Danish,
399,0.000504,No,Danish,
400,0.002712,No,Danish,
401,0.004834,No,Danish,
402,0.999999,Yes,Danish,
403,0.0,No,Danish,
404,4e-06,No,Danish,
405,0.0,No,Danish,
406,1e-06,No,Danish,
407,2e-06,No,Danish,
408,0.0,No,Danish,
409,5.4e-05,No,Danish,
410,0.006791,No,Danish,
411,1.0,Yes,Danish,
412,5e-05,No,Danish,
413,0.000341,No,Danish,
414,1e-06,No,Danish,
415,1.0,Yes,Danish,
416,0.002213,No,Danish,
417,0.999993,Yes,Danish,
418,0.031646,No,Danish,
419,0.999996,Yes,Danish,
420,4e-06,No,Danish,
421,1.3e-05,No,Danish,
422,0.0,No,Danish,
423,0.999279,Yes,Danish,
424,0.828904,Yes,Danish,
425,0.957902,Yes,Danish,
426,2e-06,No,Danish,
427,0.001871,No,Danish,
428,3e-06,No,Danish,
429,0.964331,Yes,Danish,
430,0.000253,No,Danish,
431,0.0,No,Danish,
432,0.012441,No,Danish,
433,0.001227,No,Danish,
434,0.984576,Yes,Danish,
435,2e-06,No,Danish,
436,1.2e-05,No,Danish,
437,0.0,No,Danish,
438,2e-06,No,Danish,
439,1.0,Yes,Danish,
440,0.0,No,Danish,
441,0.001327,No,Danish,
442,0.999999,Yes,Danish,
443,0.0,No,Danish,
444,0.004266,No,Danish,
445,1e-06,No,Danish,
446,3e-06,No,Danish,
447,0.006791,No,Danish,
448,0.000368,No,Danish,
449,3e-06,No,Danish,
450,8e-06,No,Danish,
451,0.000197,No,Danish,
452,0.000231,No,Danish,
453,1.4e-05,No,Danish,
454,0.300848,No,Danish,
455,0.996292,Yes,Danish,
456,0.0,No,Danish,
457,0.000536,No,Danish,
458,0.951831,Yes,Danish,
459,2e-06,No,Danish,
460,0.99997,Yes,Danish,
461,0.0,No,Danish,
462,0.999999,Yes,Danish,
463,0.0,No,Danish,
464,1e-06,No,Danish,
465,0.0,No,Danish,
466,1.8e-05,No,Danish,
467,1e-05,No,Danish,
468,0.999793,Yes,Danish,
469,6e-06,No,Danish,
470,2e-06,No,Danish,
471,0.0,No,Danish,
472,0.003537,No,Danish,
473,3e-05,No,Danish,
474,0.999998,Yes,Danish,
475,0.951838,Yes,Danish,
476,1e-06,No,Danish,
477,1.0,Yes,Danish,
478,0.001677,No,Danish,
479,7e-06,No,Danish,
480,0.991545,Yes,Danish,
481,0.003073,No,Danish,
482,1e-06,No,Danish,
483,8.8e-05,No,Danish,
484,0.35942,No,Danish,
485,1e-06,No,Danish,
486,0.000341,No,Danish,
487,1.1e-05,No,Danish,
488,0.001527,No,Danish,
489,0.0,No,Danish,
490,0.001033,No,Danish,
491,0.000109,No,Danish,
492,0.000843,No,Danish,
493,0.0,No,Danish,
494,0.001551,No,Danish,
495,4e-06,No,Danish,
496,0.993816,Yes,Danish,
497,0.993911,Yes,Danish,
498,0.0,No,Danish,
499,4e-06,No,Danish,
500,0.0,No,Danish,
501,0.001984,No,Danish,
502,1e-06,No,Danish,
503,9e-06,No,Danish,
504,1.9e-05,No,Danish,
505,0.002508,No,Danish,
506,0.000843,No,Danish,
507,1e-06,No,Danish,
508,1.8e-05,No,Danish,
509,0.0,No,Danish,
510,0.999954,Yes,Danish,
511,0.999987,Yes,Danish,
512,3.8e-05,No,Danish,
513,0.152017,No,Danish,
514,8.6e-05,No,Danish,
515,1e-06,No,Danish,
516,6e-06,No,Danish,
517,0.070504,No,Danish,
518,0.999891,Yes,Danish,
519,7.4e-05,No,Danish,
520,0.0,No,Danish,
521,0.999978,Yes,Danish,
522,1.9e-05,No,Danish,
523,0.000637,No,Danish,
524,0.002978,No,Danish,
525,0.031157,No,Danish,
526,3e-06,No,Danish,
527,8e-06,No,Danish,
528,0.0,No,Danish,
529,3.9e-05,No,Danish,
530,0.0,No,Danish,
531,0.0,No,Danish,
532,1e-06,No,Danish,
533,6e-06,No,Danish,
534,0.000253,No,Danish,
535,0.99994,Yes,Danish,
536,0.000657,No,Danish,
537,6e-06,No,Danish,
538,0.080344,No,Danish,
539,0.168908,No,Danish,
540,0.00021,No,Danish,
541,2e-06,No,Danish,
542,0.999999,Yes,Danish,
543,0.168925,No,Danish,
544,0.99979,Yes,Danish,
545,2e-06,No,Danish,
546,4e-06,No,Danish,
547,0.0,No,Danish,
548,0.0,No,Danish,
549,0.00139,No,Danish,
550,2.1e-05,No,Danish,
551,8.9e-05,No,Danish,
552,0.0,No,Danish,
553,1e-06,No,Danish,
554,6e-06,No,Danish,
555,0.999998,Yes,Danish,
556,0.000274,No,Danish,
557,0.999999,Yes,Danish,
558,0.074749,No,Danish,
559,0.0,No,Danish,
560,0.468791,No,Danish,
561,0.004135,No,Danish,
562,8e-06,No,Danish,
563,3e-06,No,Danish,
564,0.204401,No,Danish,
565,3e-06,No,Danish,
566,0.00038,No,Danish,
567,0.0,No,Danish,
568,4.8e-05,No,Danish,
569,1e-06,No,Danish,
570,3e-06,No,Danish,
571,0.0,No,Danish,
572,5e-05,No,Danish,
573,0.003271,No,Danish,
574,0.0,No,Danish,
575,0.001412,No,Danish,
576,0.0,No,Danish,
577,0.00071,No,Danish,
578,0.999999,Yes,Danish,
579,0.999971,Yes,Danish,
580,0.999974,Yes,Danish,
581,2.9e-05,No,Danish,
582,0.0,No,Danish,
583,3e-06,No,Danish,
584,1.8e-05,No,Danish,
585,0.685949,Yes,Danish,
586,0.000444,No,Danish,
587,0.995929,Yes,Danish,
588,0.138418,No,Danish,
589,0.999925,Yes,Danish,
590,1e-06,No,Danish,
591,3e-06,No,Danish,
592,0.0,No,Danish,
593,0.000405,No,Danish,
594,8e-06,No,Danish,
595,0.014044,No,Danish,
596,1e-06,No,Danish,
597,1e-05,No,Danish,
598,0.0,No,Danish,
599,0.998165,Yes,Danish,
600,0.0,No,Danish,
601,0.00139,No,Danish,
602,1e-06,No,Danish,
603,1.4e-05,No,Danish,
604,3e-06,No,Danish,
605,0.0,No,Danish,
606,0.005741,No,Danish,
607,2e-06,No,Danish,
608,0.999704,Yes,Danish,
609,2e-06,No,Danish,
610,2e-06,No,Danish,
611,0.999244,Yes,Danish,
612,0.000637,No,Danish,
613,5.7e-05,No,Danish,
614,0.028872,No,Danish,
615,0.99998,Yes,Danish,
616,6.9e-05,No,Danish,
617,0.0,No,Danish,
618,0.936318,Yes,Danish,
619,0.061,No,Danish,
620,0.99962,Yes,Danish,
621,0.004541,No,Danish,
622,0.815196,Yes,Danish,
623,0.996293,Yes,Danish,
624,0.999846,Yes,Danish,
625,0.0,No,Danish,
626,0.281504,No,Danish,
627,1e-06,No,Danish,
628,3.3e-05,No,Danish,
629,0.000817,No,Danish,
630,1e-05,No,Danish,
631,0.999837,Yes,Danish,
632,0.984078,Yes,Danish,
633,0.999974,Yes,Danish,
634,0.000756,No,Danish,
635,0.0,No,Danish,
636,0.885588,Yes,Danish,
637,0.000227,No,Danish,
638,1.6e-05,No,Danish,
639,2e-06,No,Danish,
640,0.0,No,Danish,
641,0.99999,Yes,Danish,
642,0.999998,Yes,Danish,
643,0.0,No,Danish,
644,5.3e-05,No,Danish,
645,2.1e-05,No,Danish,
646,0.999985,Yes,Danish,
647,1e-06,No,Danish,
648,0.00022,No,Danish,
649,0.0,No,Danish,
650,8e-06,No,Danish,
651,0.0,No,Danish,
652,0.0,No,Danish,
653,0.0,No,Danish,
654,0.011688,No,Danish,
655,0.99999,Yes,Danish,
656,0.000374,No,Danish,
657,6e-06,No,Danish,
658,2e-06,No,Danish,
659,0.998424,Yes,Danish,
660,8.2e-05,No,Danish,
661,0.999743,Yes,Danish,
662,0.0,No,Danish,
663,0.000227,No,Danish,
664,0.000107,No,Danish,
665,0.392337,No,Danish,
666,1.2e-05,No,Danish,
667,2.2e-05,No,Danish,
668,0.562177,Yes,Danish,
669,0.078025,No,Danish,
670,0.999998,Yes,Danish,
671,0.003765,No,Danish,
672,8e-06,No,Danish,
673,2e-06,No,Danish,
674,0.993719,Yes,Danish,
675,0.001208,No,Danish,
676,0.0,No,Danish,
677,3e-06,No,Danish,
678,5e-06,No,Danish,
679,0.0,No,Danish,
680,0.0,No,Danish,
681,1.0,Yes,Danish,
682,0.999914,Yes,Danish,
683,1.0,Yes,Danish,
684,0.999886,Yes,Danish,
685,0.785309,Yes,Danish,
686,6e-06,No,Danish,
687,1e-06,No,Danish,
688,0.0,No,Danish,
689,3e-06,No,Danish,
690,3e-06,No,Danish,
691,0.999311,Yes,Danish,
692,0.999967,Yes,Danish,
693,1.2e-05,No,Danish,
694,0.096722,No,Danish,
695,0.0,No,Danish,
696,0.998792,Yes,Danish,
697,0.0,No,Danish,
698,0.0,No,Danish,
699,0.013612,No,Danish,
700,0.000245,No,Danish,
701,0.000466,No,Danish,
702,0.968838,Yes,Danish,
703,0.000589,No,Danish,
704,0.0,No,Danish,
705,0.0,No,Danish,
706,0.000678,No,Danish,
707,0.999569,Yes,Danish,
708,2e-06,No,Danish,
709,2.8e-05,No,Danish,
710,0.885563,Yes,Danish,
711,0.0,No,Danish,
712,7.8e-05,No,Danish,
713,0.0,No,Danish,
714,2.7e-05,No,Danish,
715,1.3e-05,No,Danish,
716,4e-06,No,Danish,
717,0.001953,No,Danish,
718,0.00173,No,Danish,
719,4.5e-05,No,Danish,
720,6.6e-05,No,Danish,
721,1e-06,No,Danish,
722,3.4e-05,No,Danish,
723,1.5e-05,No,Danish,
724,0.981459,Yes,Danish,
725,1e-06,No,Danish,
726,0.000481,No,Danish,
727,0.999997,Yes,Danish,
728,4.5e-05,No,Danish,
729,2e-06,No,Danish,
730,0.999755,Yes,Danish,
731,0.003323,No,Danish,
732,0.993098,Yes,Danish,
733,0.184804,No,Danish,
734,1.8e-05,No,Danish,
735,0.99206,Yes,Danish,
736,0.0,No,Danish,
737,1e-06,No,Danish,
738,0.0,No,Danish,
739,8.4e-05,No,Danish,
740,0.0,No,Danish,
741,0.0,No,Danish,
742,0.999999,Yes,Danish,
743,0.000127,No,Danish,
744,0.001503,No,Danish,
745,0.0,No,Danish,
746,1e-06,No,Danish,
747,0.0,No,Danish,
748,0.0,No,Danish,
749,2.7e-05,No,Danish,
750,0.0,No,Danish,
751,0.0,No,Danish,
752,0.0,No,Danish,
753,0.0,No,Danish,
754,0.0,No,Danish,
755,1.0,Yes,Danish,
756,0.897611,Yes,Danish,
757,6e-06,No,Danish,
758,0.999637,Yes,Danish,
759,1e-06,No,Danish,
760,0.138447,No,Danish,
761,0.018824,No,Danish,
762,1e-06,No,Danish,
763,9e-06,No,Danish,
764,0.0,No,Danish,
765,0.0,No,Danish,
766,0.999747,Yes,Danish,
767,0.0,No,Danish,
768,1e-06,No,Danish,
769,0.003271,No,Danish,
770,3e-06,No,Danish,
771,1e-06,No,Danish,
772,8e-06,No,Danish,
773,0.0,No,Danish,
774,3e-06,No,Danish,
775,0.0,No,Danish,
776,3e-06,No,Danish,
777,2e-05,No,Danish,
778,1e-06,No,Danish,
779,0.0,No,Danish,
780,1.3e-05,No,Danish,
781,2.5e-05,No,Danish,
782,0.000131,No,Danish,
783,0.0,No,Danish,
784,3.2e-05,No,Danish,
785,0.976664,Yes,Danish,
786,0.0,No,Danish,
787,0.61503,Yes,Danish,
788,1.0,Yes,Danish,
789,0.897639,Yes,Danish,
790,0.0,No,Danish,
791,0.000884,No,Danish,
792,1.8e-05,No,Danish,
793,4e-06,No,Danish,
794,1.0,Yes,Danish,
795,0.999878,Yes,Danish,
796,2e-06,No,Danish,
797,0.0,No,Danish,
798,1.6e-05,No,Danish,
799,0.001871,No,Danish,
800,0.000185,No,Danish,
801,0.16025,No,Danish,
802,1.3e-05,No,Danish,
803,0.0,No,Danish,
804,0.000118,No,Danish,
805,0.999851,Yes,Danish,
806,2e-06,No,Danish,
807,0.99979,Yes,Danish,
808,0.006582,No,Danish,
809,0.000169,No,Danish,
810,0.000107,No,Danish,
811,0.999589,Yes,Danish,
812,0.007576,No,Danish,
813,4e-06,No,Danish,
814,6.8e-05,No,Danish,
815,0.0,No,Danish,
816,0.0,No,Danish,
817,0.0,No,Danish,
818,0.0,No,Danish,
819,0.006898,No,Danish,
820,0.0,No,Danish,
821,0.000185,No,Danish,
822,1.8e-05,No,Danish,
823,1e-06,No,Danish,
824,0.999873,Yes,Danish,
825,0.0,No,Danish,
826,0.0,No,Danish,
827,4e-06,No,Danish,
828,5.7e-05,No,Danish,
829,0.999929,Yes,Danish,
830,0.999735,Yes,Danish,
831,0.993314,Yes,Danish,
832,0.999976,Yes,Danish,
833,0.001306,No,Danish,
834,0.062822,No,Danish,
835,0.0,No,Danish,
836,7e-06,No,Danish,
837,0.622459,Yes,Danish,
838,5e-06,No,Danish,
839,1.8e-05,No,Danish,
840,3e-06,No,Danish,
841,0.0,No,Danish,
842,1e-06,No,Danish,
843,0.0,No,Danish,
844,0.998473,Yes,Danish,
845,5.7e-05,No,Danish,
846,0.0,No,Danish,
847,0.002754,No,Danish,
848,0.0,No,Danish,
849,0.00022,No,Danish,
850,0.004834,No,Danish,
851,0.001953,No,Danish,
852,0.0,No,Danish,
853,0.015185,No,Danish,
854,1.3e-05,No,Danish,
855,0.0,No,Danish,
856,1.0,Yes,Danish,
857,0.999803,Yes,Danish,
858,1e-06,No,Danish,
859,3e-06,No,Danish,
860,0.000898,No,Danish,
861,4e-06,No,Danish,
862,4.1e-05,No,Danish,
863,1.6e-05,No,Danish,
864,0.005564,No,Danish,
865,0.108136,No,Danish,
866,0.003271,No,Danish,
867,0.002213,No,Danish,
868,1e-06,No,Danish,
869,0.011688,No,Danish,
870,4e-06,No,Danish,
871,0.000346,No,Danish,
872,0.000265,No,Danish,
873,1e-06,No,Danish,
874,5.5e-05,No,Danish,
875,0.028871,No,Danish,
876,0.0,No,Danish,
877,4e-06,No,Danish,
878,0.977728,Yes,Danish,
879,0.000161,No,Danish,
880,0.010811,No,Danish,
881,0.0,No,Danish,
882,0.0,No,Danish,
883,7.4e-05,No,Danish,
884,0.000545,No,Danish,
885,0.000553,No,Danish,
886,0.000926,No,Danish,
887,3.5e-05,No,Danish,
888,0.994522,Yes,Danish,
889,0.0,No,Danish,
890,2.9e-05,No,Danish,
891,0.0,No,Danish,
892,0.0,No,Danish,
893,1.2e-05,No,Danish,
894,0.0002,No,Danish,
895,1e-06,No,Danish,
896,5.7e-05,No,Danish,
897,8e-06,No,Danish,
898,0.0,No,Danish,
899,2e-06,No,Danish,
900,0.000411,No,Danish,
901,0.00071,No,Danish,
902,0.0,No,Danish,
903,0.000335,No,Danish,
904,0.999996,Yes,Danish,
905,0.0,No,Danish,
906,0.000971,No,Danish,
907,0.992781,Yes,Danish,
908,0.0,No,Danish,
909,0.0,No,Danish,
910,0.999999,Yes,Danish,
911,0.80801,Yes,Danish,
912,0.999999,Yes,Danish,
913,0.0,No,Danish,
914,0.000242,No,Danish,
915,0.040241,No,Danish,
916,0.047416,No,Danish,
917,3e-06,No,Danish,
918,0.999993,Yes,Danish,
919,1.0,Yes,Danish,
920,0.0,No,Danish,
921,0.999999,Yes,Danish,
922,0.988125,Yes,Danish,
923,0.00038,No,Danish,
924,0.004135,No,Danish,
925,0.025933,No,Danish,
926,0.00038,No,Danish,
927,1.9e-05,No,Danish,
928,0.777342,Yes,Danish,
929,0.175503,No,Danish,
930,0.020634,No,Danish,
931,0.0,No,Danish,
932,5e-06,No,Danish,
933,6e-06,No,Danish,
934,0.995667,Yes,Danish,
935,0.994522,Yes,Danish,
936,2.6e-05,No,Danish,
937,1e-06,No,Danish,
938,2e-06,No,Danish,
939,0.341582,No,Danish,
940,2e-06,No,Danish,
941,0.0,No,Danish,
942,5e-06,No,Danish,
943,0.0,No,Danish,
944,0.0,No,Danish,
945,0.000261,No,Danish,
946,9e-06,No,Danish,
947,0.999945,Yes,Danish,
948,1e-06,No,Danish,
949,0.00014,No,Danish,
950,0.999997,Yes,Danish,
951,1e-06,No,Danish,
952,1e-06,No,Danish,
953,2.2e-05,No,Danish,
954,0.999994,Yes,Danish,
955,0.002393,No,Danish,
956,1e-06,No,Danish,
957,0.989354,Yes,Danish,
958,0.025981,No,Danish,
959,0.004834,No,Danish,
960,0.982028,Yes,Danish,
961,3e-06,No,Danish,
962,0.999997,Yes,Danish,
963,2e-06,No,Danish,
964,2e-06,No,Danish,
965,0.0,No,Danish,
966,0.025182,No,Danish,
967,0.021964,No,Danish,
968,7e-06,No,Danish,
969,2.6e-05,No,Danish,
970,4e-06,No,Danish,
971,0.995992,Yes,Danish,
972,0.0,No,Danish,
973,0.0016,No,Danish,
974,0.006281,No,Danish,
975,0.0,No,Danish,
976,0.001369,No,Danish,
977,0.0,No,Danish,
978,0.0,No,Danish,
979,1e-06,No,Danish,
980,1e-06,No,Danish,
981,0.042099,No,Danish,
982,0.0,No,Danish,
983,0.0,No,Danish,
984,0.0,No,Danish,
985,0.000986,No,Danish,
986,0.511717,Yes,Danish,
987,0.0,No,Danish,
988,0.142262,No,Danish,
989,0.256879,No,Danish,
990,0.115998,No,Danish,
991,0.000291,No,Danish,
992,0.867022,Yes,Danish,
993,0.9998,Yes,Danish,
994,1e-06,No,Danish,
995,0.027175,No,Danish,
996,0.0016,No,Danish,
997,0.0,No,Danish,
998,0.99999,Yes,Danish,
999,0.006791,No,Danish,
1000,1.0,Yes,Spanish,
1001,1e-06,No,Spanish,
1002,0.999999,Yes,Spanish,
1003,1.0,Yes,Spanish,
1004,0.0,No,Spanish,
1005,6e-06,No,Spanish,
1006,1.0,Yes,Spanish,
1007,0.0,No,Spanish,
1008,0.173271,No,Spanish,
1009,0.0,No,Spanish,
1010,0.006898,No,Spanish,
1011,0.0,No,Spanish,
1012,0.000374,No,Spanish,
1013,0.00021,No,Spanish,
1014,0.008584,No,Spanish,
1015,0.0,No,Spanish,
1016,2.1e-05,No,Spanish,
1017,0.001266,No,Spanish,
1018,1e-06,No,Spanish,
1019,1e-06,No,Spanish,
1020,0.999995,Yes,Spanish,
1021,0.999999,Yes,Spanish,
1022,0.148063,No,Spanish,
1023,0.212089,No,Spanish,
1024,0.999994,Yes,Spanish,
1025,0.0,No,Spanish,
1026,0.000386,No,Spanish,
1027,0.999829,Yes,Spanish,
1028,0.002798,No,Spanish,
1029,0.000207,No,Spanish,
1030,2e-06,No,Spanish,
1031,6e-06,No,Spanish,
1032,0.999998,Yes,Spanish,
1033,0.0,No,Spanish,
1034,0.999991,Yes,Spanish,
1035,0.003824,No,Spanish,
1036,3.6e-05,No,Spanish,
1037,0.000444,No,Spanish,
1038,9e-06,No,Spanish,
1039,0.000274,No,Spanish,
1040,1.0,Yes,Spanish,
1041,0.024407,No,Spanish,
1042,1.1e-05,No,Spanish,
1043,0.999989,Yes,Spanish,
1044,0.997288,Yes,Spanish,
1045,0.0,No,Spanish,
1046,0.999343,Yes,Spanish,
1047,4e-06,No,Spanish,
1048,0.982317,Yes,Spanish,
1049,0.001984,No,Spanish,
1050,0.0,No,Spanish,
1051,7e-06,No,Spanish,
1052,0.0,No,Spanish,
1053,0.001651,No,Spanish,
1054,0.999998,Yes,Spanish,
1055,0.0,No,Spanish,
1056,1e-06,No,Spanish,
1057,0.999996,Yes,Spanish,
1058,0.979686,Yes,Spanish,
1059,3.3e-05,No,Spanish,
1060,0.114406,No,Spanish,
1061,0.0,No,Spanish,
1062,3e-06,No,Spanish,
1063,1e-06,No,Spanish,
1064,2e-06,No,Spanish,
1065,2e-06,No,Spanish,
1066,4e-06,No,Spanish,
1067,0.051871,No,Spanish,
1068,0.999999,Yes,Spanish,
1069,0.724773,Yes,Spanish,
1070,0.013244,No,Spanish,
1071,0.00018,No,Spanish,
1072,0.0,No,Spanish,
1073,0.988493,Yes,Spanish,
1074,1.0,Yes,Spanish,
1075,2e-06,No,Spanish,
1076,0.039077,No,Spanish,
1077,1.0,Yes,Spanish,
1078,0.00021,No,Spanish,
1079,0.999997,Yes,Spanish,
1080,0.999998,Yes,Spanish,
1081,1e-06,No,Spanish,
1082,1.2e-05,No,Spanish,
1083,1e-06,No,Spanish,
1084,4e-06,No,Spanish,
1085,0.999973,Yes,Spanish,
1086,0.999353,Yes,Spanish,
1087,0.000986,No,Spanish,
1088,0.06858,No,Spanish,
1089,0.005652,No,Spanish,
1090,0.999997,Yes,Spanish,
1091,1e-06,No,Spanish,
1092,0.000121,No,Spanish,
1093,5e-06,No,Spanish,
1094,3e-06,No,Spanish,
1095,0.000805,No,Spanish,
1096,0.000301,No,Spanish,
1097,3e-06,No,Spanish,
1098,4.8e-05,No,Spanish,
1099,0.999942,Yes,Spanish,
1100,3e-06,No,Spanish,
1101,5e-06,No,Spanish,
1102,0.000405,No,Spanish,
1103,0.000123,No,Spanish,
1104,1e-06,No,Spanish,
1105,0.000545,No,Spanish,
1106,0.0,No,Spanish,
1107,0.000144,No,Spanish,
1108,1e-06,No,Spanish,
1109,3.6e-05,No,Spanish,
1110,0.99988,Yes,Spanish,
1111,0.000843,No,Spanish,
1112,5.7e-05,No,Spanish,
1113,1.0,Yes,Spanish,
1114,0.0,No,Spanish,
1115,3.2e-05,No,Spanish,
1116,0.00052,No,Spanish,
1117,0.002393,No,Spanish,
1118,0.00087,No,Spanish,
1119,0.996572,Yes,Spanish,
1120,1.0,Yes,Spanish,
1121,0.998998,Yes,Spanish,
1122,0.0,No,Spanish,
1123,0.999919,Yes,Spanish,
1124,0.0,No,Spanish,
1125,0.00193,No,Spanish,
1126,0.0,No,Spanish,
1127,2e-06,No,Spanish,
1128,0.10235,No,Spanish,
1129,1e-06,No,Spanish,
1130,0.999961,Yes,Spanish,
1131,0.0,No,Spanish,
1132,1.4e-05,No,Spanish,
1133,1e-05,No,Spanish,
1134,0.999954,Yes,Spanish,
1135,0.0,No,Spanish,
1136,0.999999,Yes,Spanish,
1137,0.999999,Yes,Spanish,
1138,5.4e-05,No,Spanish,
1139,1.0,Yes,Spanish,
1140,0.999402,Yes,Spanish,
1141,2e-06,No,Spanish,
1142,0.00193,No,Spanish,
1143,1e-06,No,Spanish,
1144,0.999995,Yes,Spanish,
1145,7e-06,No,Spanish,
1146,2.8e-05,No,Spanish,
1147,0.0,No,Spanish,
1148,2e-06,No,Spanish,
1149,0.000451,No,Spanish,
1150,0.000274,No,Spanish,
1151,0.999992,Yes,Spanish,
1152,0.0,No,Spanish,
1153,4e-06,No,Spanish,
1154,0.997113,Yes,Spanish,
1155,6e-06,No,Spanish,
1156,2e-06,No,Spanish,
1157,0.004685,No,Spanish,
1158,0.0,No,Spanish,
1159,0.0,No,Spanish,
1160,0.000142,No,Spanish,
1161,0.999999,Yes,Spanish,
1162,0.996518,Yes,Spanish,
1163,0.999999,Yes,Spanish,
1164,3e-06,No,Spanish,
1165,0.803097,Yes,Spanish,
1166,8e-06,No,Spanish,
1167,0.048825,No,Spanish,
1168,0.009727,No,Spanish,
1169,2e-06,No,Spanish,
1170,1e-06,No,Spanish,
1171,4.3e-05,No,Spanish,
1172,0.999999,Yes,Spanish,
1173,0.99922,Yes,Spanish,
1174,1e-06,No,Spanish,
1175,0.009727,No,Spanish,
1176,0.0,No,Spanish,
1177,0.999994,Yes,Spanish,
1178,0.997607,Yes,Spanish,
1179,0.0,No,Spanish,
1180,0.968354,Yes,Spanish,
1181,0.999993,Yes,Spanish,
1182,0.867022,Yes,Spanish,
1183,3e-06,No,Spanish,
1184,1.1e-05,No,Spanish,
1185,0.0,No,Spanish,
1186,0.0,No,Spanish,
1187,0.0,No,Spanish,
1188,7e-06,No,Spanish,
1189,1.9e-05,No,Spanish,
1190,0.00105,No,Spanish,
1191,0.016676,No,Spanish,
1192,2e-06,No,Spanish,
1193,5e-06,No,Spanish,
1194,0.000637,No,Spanish,
1195,0.0,No,Spanish,
1196,0.997821,Yes,Spanish,
1197,0.0,No,Spanish,
1198,1e-06,No,Spanish,
1199,0.000106,No,Spanish,
1200,0.000118,No,Spanish,
1201,0.040873,No,Spanish,
1202,0.000127,No,Spanish,
1203,0.071595,No,Spanish,
1204,0.049593,No,Spanish,
1205,6e-06,No,Spanish,
1206,1e-06,No,Spanish,
1207,0.000647,No,Spanish,
1208,1.0,Yes,Spanish,
1209,0.824515,Yes,Spanish,
1210,5.3e-05,No,Spanish,
1211,0.0,No,Spanish,
1212,0.000941,No,Spanish,
1213,1e-06,No,Spanish,
1214,0.002213,No,Spanish,
1215,0.132978,No,Spanish,
1216,0.000688,No,Spanish,
1217,0.013452,No,Spanish,
1218,0.002547,No,Spanish,
1219,0.164516,No,Spanish,
1220,0.0,No,Spanish,
1221,2e-06,No,Spanish,
1222,0.004471,No,Spanish,
1223,0.000177,No,Spanish,
1224,0.0,No,Spanish,
1225,2e-06,No,Spanish,
1226,0.0,No,Spanish,
1227,0.00027,No,Spanish,
1228,1e-06,No,Spanish,
1229,1.0,Yes,Spanish,
1230,0.000667,No,Spanish,
1231,1.6e-05,No,Spanish,
1232,0.046681,No,Spanish,
1233,0.0,No,Spanish,
1234,1e-06,No,Spanish,
1235,5e-06,No,Spanish,
1236,0.803097,Yes,Spanish,
1237,2e-06,No,Spanish,
1238,0.039077,No,Spanish,
1239,0.187151,No,Spanish,
1240,0.0,No,Spanish,
1241,0.000627,No,Spanish,
1242,2e-05,No,Spanish,
1243,0.055865,No,Spanish,
1244,6.7e-05,No,Spanish,
1245,0.000142,No,Spanish,
1246,0.0,No,Spanish,
1247,2e-06,No,Spanish,
1248,0.826729,Yes,Spanish,
1249,8e-06,No,Spanish,
1250,2.5e-05,No,Spanish,
1251,0.0,No,Spanish,
1252,1e-06,No,Spanish,
1253,1.0,Yes,Spanish,
1254,0.998773,Yes,Spanish,
1255,7.8e-05,No,Spanish,
1256,0.00014,No,Spanish,
1257,0.999735,Yes,Spanish,
1258,1e-06,No,Spanish,
1259,0.000107,No,Spanish,
1260,0.001651,No,Spanish,
1261,0.951839,Yes,Spanish,
1262,0.079246,No,Spanish,
1263,0.0,No,Spanish,
1264,0.000109,No,Spanish,
1265,0.000121,No,Spanish,
1266,0.022267,No,Spanish,
1267,0.212089,No,Spanish,
1268,0.999632,Yes,Spanish,
1269,1.1e-05,No,Spanish,
1270,0.000197,No,Spanish,
1271,0.061844,No,Spanish,
1272,0.000123,No,Spanish,
1273,0.995929,Yes,Spanish,
1274,0.154105,No,Spanish,
1275,1.8e-05,No,Spanish,
1276,0.00032,No,Spanish,
1277,0.0,No,Spanish,
1278,1.3e-05,No,Spanish,
1279,0.0,No,Spanish,
1280,0.003121,No,Spanish,
1281,0.000504,No,Spanish,
1282,0.0,No,Spanish,
1283,0.999933,Yes,Spanish,
1284,0.0,No,Spanish,
1285,2.2e-05,No,Spanish,
1286,3e-05,No,Spanish,
1287,2.3e-05,No,Spanish,
1288,0.028424,No,Spanish,
1289,0.000562,No,Spanish,
1290,0.0,No,Spanish,
1291,0.912451,Yes,Spanish,
1292,0.026339,No,Spanish,
1293,1e-06,No,Spanish,
1294,2e-06,No,Spanish,
1295,0.001208,No,Spanish,
1296,5.3e-05,No,Spanish,
1297,0.000481,No,Spanish,
1298,1e-06,No,Spanish,
1299,0.0,No,Spanish,
1300,3.4e-05,No,Spanish,
1301,0.000647,No,Spanish,
1302,0.000481,No,Spanish,
1303,4e-06,No,Spanish,
1304,0.09941,No,Spanish,
1305,0.0,No,Spanish,
1306,1.2e-05,No,Spanish,
1307,0.000138,No,Spanish,
1308,0.201794,No,Spanish,
1309,0.992657,Yes,Spanish,
1310,0.999996,Yes,Spanish,
1311,0.146057,No,Spanish,
1312,0.017683,No,Spanish,
1313,2.8e-05,No,Spanish,
1314,9e-06,No,Spanish,
1315,0.999803,Yes,Spanish,
1316,0.000392,No,Spanish,
1317,0.000325,No,Spanish,
1318,0.0,No,Spanish,
1319,0.0,No,Spanish,
1320,0.000227,No,Spanish,
1321,0.999997,Yes,Spanish,
1322,0.99978,Yes,Spanish,
1323,0.999923,Yes,Spanish,
1324,0.0,No,Spanish,
1325,7.3e-05,No,Spanish,
1326,0.99994,Yes,Spanish,
1327,1e-05,No,Spanish,
1328,6e-06,No,Spanish,
1329,1e-06,No,Spanish,
1330,0.999993,Yes,Spanish,
1331,0.000817,No,Spanish,
1332,0.0,No,Spanish,
1333,1.1e-05,No,Spanish,
1334,4e-06,No,Spanish,
1335,1.9e-05,No,Spanish,
1336,1e-06,No,Spanish,
1337,1e-06,No,Spanish,
1338,0.00052,No,Spanish,
1339,0.001327,No,Spanish,
1340,0.003537,No,Spanish,
1341,2e-06,No,Spanish,
1342,0.000104,No,Spanish,
1343,0.989845,Yes,Spanish,
1344,0.103766,No,Spanish,
1345,0.0,No,Spanish,
1346,0.0,No,Spanish,
1347,2e-06,No,Spanish,
1348,0.999875,Yes,Spanish,
1349,1e-06,No,Spanish,
1350,3e-05,No,Spanish,
1351,3.2e-05,No,Spanish,
1352,0.0,No,Spanish,
1353,0.00022,No,Spanish,
1354,0.993314,Yes,Spanish,
1355,0.999999,Yes,Spanish,
1356,0.000147,No,Spanish,
1357,1e-06,No,Spanish,
1358,0.766381,Yes,Spanish,
1359,0.999747,Yes,Spanish,
1360,2e-06,No,Spanish,
1361,0.0,No,Spanish,
1362,0.0,No,Spanish,
1363,1e-06,No,Spanish,
1364,0.085028,No,Spanish,
1365,0.009428,No,Spanish,
1366,0.000171,No,Spanish,
1367,7e-06,No,Spanish,
1368,0.000197,No,Spanish,
1369,0.000253,No,Spanish,
1370,0.989523,Yes,Spanish,
1371,1.0,Yes,Spanish,
1372,0.0,No,Spanish,
1373,0.001002,No,Spanish,
1374,2e-06,No,Spanish,
1375,0.978712,Yes,Spanish,
1376,1.0,Yes,Spanish,
1377,0.990003,Yes,Spanish,
1378,1.0,Yes,Spanish,
1379,1e-06,No,Spanish,
1380,9e-06,No,Spanish,
1381,0.0,No,Spanish,
1382,0.000368,No,Spanish,
1383,0.001813,No,Spanish,
1384,2.8e-05,No,Spanish,
1385,7e-05,No,Spanish,
1386,1e-06,No,Spanish,
1387,0.000116,No,Spanish,
1388,1.8e-05,No,Spanish,
1389,0.0,No,Spanish,
1390,0.000488,No,Spanish,
1391,0.028424,No,Spanish,
1392,0.0,No,Spanish,
1393,1e-05,No,Spanish,
1394,2e-06,No,Spanish,
1395,0.0,No,Spanish,
1396,1.0,Yes,Spanish,
1397,2e-06,No,Spanish,
1398,0.995314,Yes,Spanish,
1399,3e-06,No,Spanish,
1400,0.999997,Yes,Spanish,
1401,1.4e-05,No,Spanish,
1402,0.028424,No,Spanish,
1403,0.0,No,Spanish,
1404,0.999826,Yes,Spanish,
1405,0.000107,No,Spanish,
1406,0.999987,Yes,Spanish,
1407,0.999899,Yes,Spanish,
1408,5e-05,No,Spanish,
1409,0.0,No,Spanish,
1410,0.334644,No,Spanish,
1411,0.000188,No,Spanish,
1412,0.399812,No,Spanish,
1413,4.6e-05,No,Spanish,
1414,1.6e-05,No,Spanish,
1415,4.6e-05,No,Spanish,
1416,1e-06,No,Spanish,
1417,9e-06,No,Spanish,
1418,1.0,Yes,Spanish,
1419,0.0,No,Spanish,
1420,9.3e-05,No,Spanish,
1421,1e-06,No,Spanish,
1422,0.0,No,Spanish,
1423,0.782662,Yes,Spanish,
1424,4e-06,No,Spanish,
1425,1.9e-05,No,Spanish,
1426,1e-05,No,Spanish,
1427,4e-06,No,Spanish,
1428,0.0,No,Spanish,
1429,0.979042,Yes,Spanish,
1430,0.057526,No,Spanish,
1431,0.93142,Yes,Spanish,
1432,0.978036,Yes,Spanish,
1433,6.2e-05,No,Spanish,
1434,0.000278,No,Spanish,
1435,0.0,No,Spanish,
1436,0.997716,Yes,Spanish,
1437,1.0,Yes,Spanish,
1438,0.000617,No,Spanish,
1439,3.5e-05,No,Spanish,
1440,1.9e-05,No,Spanish,
1441,0.998694,Yes,Spanish,
1442,0.051871,No,Spanish,
1443,8.4e-05,No,Spanish,
1444,0.999793,Yes,Spanish,
1445,2.8e-05,No,Spanish,
1446,0.998714,Yes,Spanish,
1447,0.001551,No,Spanish,
1448,0.026339,No,Spanish,
1449,2e-06,No,Spanish,
1450,2e-06,No,Spanish,
1451,0.0,No,Spanish,
1452,0.999967,Yes,Spanish,
1453,2e-06,No,Spanish,
1454,0.000188,No,Spanish,
1455,6.7e-05,No,Spanish,
1456,2e-06,No,Spanish,
1457,0.0,No,Spanish,
1458,0.999999,Yes,Spanish,
1459,0.016676,No,Spanish,
1460,1.4e-05,No,Spanish,
1461,0.003593,No,Spanish,
1462,0.021623,No,Spanish,
1463,5e-05,No,Spanish,
1464,0.999766,Yes,Spanish,
1465,7e-06,No,Spanish,
1466,0.0,No,Spanish,
1467,0.002978,No,Spanish,
1468,5e-06,No,Spanish,
1469,0.999999,Yes,Spanish,
1470,0.843927,Yes,Spanish,
1471,6.9e-05,No,Spanish,
1472,0.000261,No,Spanish,
1473,0.999999,Yes,Spanish,
1474,0.0,No,Spanish,
1475,6e-06,No,Spanish,
1476,1e-06,No,Spanish,
1477,0.045333,No,Spanish,
1478,0.000223,No,Spanish,
1479,0.003025,No,Spanish,
1480,0.999842,Yes,Spanish,
1481,0.998424,Yes,Spanish,
1482,6e-06,No,Spanish,
1483,0.109801,No,Spanish,
1484,2.5e-05,No,Spanish,
1485,0.002112,No,Spanish,
1486,9e-06,No,Spanish,
1487,1.4e-05,No,Spanish,
1488,0.000956,No,Spanish,
1489,7.1e-05,No,Spanish,
1490,0.0,No,Spanish,
1491,0.001758,No,Spanish,
1492,0.000884,No,Spanish,
1493,0.000398,No,Spanish,
1494,1e-06,No,Spanish,
1495,1.7e-05,No,Spanish,
1496,2e-06,No,Spanish,
1497,1e-06,No,Spanish,
1498,0.0,No,Spanish,
1499,1.6e-05,No,Spanish,
1500,1e-06,No,Spanish,
1501,0.999991,Yes,Spanish,
1502,0.999999,Yes,Spanish,
1503,0.0,No,Spanish,
1504,0.569853,Yes,Spanish,
1505,1.0,Yes,Spanish,
1506,5.7e-05,No,Spanish,
1507,0.000144,No,Spanish,
1508,0.996677,Yes,Spanish,
1509,0.999595,Yes,Spanish,
1510,0.0,No,Spanish,
1511,0.0,No,Spanish,
1512,0.015184,No,Spanish,
1513,0.99998,Yes,Spanish,
1514,0.992184,Yes,Spanish,
1515,9.9e-05,No,Spanish,
1516,0.999997,Yes,Spanish,
1517,0.577495,Yes,Spanish,
1518,0.187151,No,Spanish,
1519,0.0,No,Spanish,
1520,0.998829,Yes,Spanish,
1521,1e-06,No,Spanish,
1522,3.5e-05,No,Spanish,
1523,2.7e-05,No,Spanish,
1524,0.0,No,Spanish,
1525,0.981468,Yes,Spanish,
1526,0.414899,No,Spanish,
1527,0.0,No,Spanish,
1528,0.999999,Yes,Spanish,
1529,3.4e-05,No,Spanish,
1530,0.999455,Yes,Spanish,
1531,0.000274,No,Spanish,
1532,2e-06,No,Spanish,
1533,0.020037,No,Spanish,
1534,0.0,No,Spanish,
1535,0.000131,No,Spanish,
1536,0.999925,Yes,Spanish,
1537,2.2e-05,No,Spanish,
1538,0.0,No,Spanish,
1539,0.0,No,Spanish,
1540,0.000163,No,Spanish,
1541,0.999851,Yes,Spanish,
1542,0.000926,No,Spanish,
1543,0.12251,No,Spanish,
1544,1e-06,No,Spanish,
1545,1e-06,No,Spanish,
1546,3.8e-05,No,Spanish,
1547,0.001208,No,Spanish,
1548,4e-06,No,Spanish,
1549,0.000598,No,Spanish,
1550,0.0,No,Spanish,
1551,0.0,No,Spanish,
1552,0.201794,No,Spanish,
1553,1.3e-05,No,Spanish,
1554,0.999896,Yes,Spanish,
1555,3.2e-05,No,Spanish,
1556,0.0,No,Spanish,
1557,0.996463,Yes,Spanish,
1558,5e-05,No,Spanish,
1559,0.0,No,Spanish,
1560,2.3e-05,No,Spanish,
1561,0.0,No,Spanish,
1562,0.995241,Yes,Spanish,
1563,0.334644,No,Spanish,
1564,2e-06,No,Spanish,
1565,0.998473,Yes,Spanish,
1566,2e-05,No,Spanish,
1567,0.103766,No,Spanish,
1568,3.6e-05,No,Spanish,
1569,0.002547,No,Spanish,
1570,0.00038,No,Spanish,
1571,0.999996,Yes,Spanish,
1572,1.0,Yes,Spanish,
1573,0.002508,No,Spanish,
1574,3e-06,No,Spanish,
1575,0.0,No,Spanish,
1576,0.0,No,Spanish,
1577,0.999996,Yes,Spanish,
1578,0.999905,Yes,Spanish,
1579,0.018245,No,Spanish,
1580,2.7e-05,No,Spanish,
1581,1e-06,No,Spanish,
1582,2.6e-05,No,Spanish,
1583,1e-06,No,Spanish,
1584,1e-06,No,Spanish,
1585,2.1e-05,No,Spanish,
1586,0.999675,Yes,Spanish,
1587,1e-06,No,Spanish,
1588,0.0,No,Spanish,
1589,0.000305,No,Spanish,
1590,1.6e-05,No,Spanish,
1591,0.000127,No,Spanish,
1592,0.0002,No,Spanish,
1593,0.414899,No,Spanish,
1594,0.0,No,Spanish,
1595,0.000111,No,Spanish,
1596,1e-06,No,Spanish,
1597,0.0,No,Spanish,
1598,0.000102,No,Spanish,
1599,4e-06,No,Spanish,
1600,2e-06,No,Spanish,
1601,1e-06,No,Spanish,
1602,0.024792,No,Spanish,
1603,0.000956,No,Spanish,
1604,0.000217,No,Spanish,
1605,0.99994,Yes,Spanish,
1606,8e-06,No,Spanish,
1607,0.007343,No,Spanish,
1608,0.0,No,Spanish,
1609,0.0,No,Spanish,
1610,5e-06,No,Spanish,
1611,0.028871,No,Spanish,
1612,0.805575,Yes,Spanish,
1613,0.000512,No,Spanish,
1614,6e-06,No,Spanish,
1615,0.994773,Yes,Spanish,
1616,0.014717,No,Spanish,
1617,9e-06,No,Spanish,
1618,0.000265,No,Spanish,
1619,0.024407,No,Spanish,
1620,8e-06,No,Spanish,
1621,5.4e-05,No,Spanish,
1622,1.3e-05,No,Spanish,
1623,3.8e-05,No,Spanish,
1624,1.4e-05,No,Spanish,
1625,0.002547,No,Spanish,
1626,2e-06,No,Spanish,
1627,2.6e-05,No,Spanish,
1628,0.000368,No,Spanish,
1629,0.0,No,Spanish,
1630,1.8e-05,No,Spanish,
1631,0.000278,No,Spanish,
1632,0.0,No,Spanish,
1633,0.002978,No,Spanish,
1634,1e-05,No,Spanish,
1635,0.000417,No,Spanish,
1636,1.0,Yes,Spanish,
1637,5.3e-05,No,Spanish,
1638,4e-06,No,Spanish,
1639,1.0,Yes,Spanish,
1640,4e-06,No,Spanish,
1641,0.032083,No,Spanish,
1642,0.0,No,Spanish,
1643,0.999751,Yes,Spanish,
1644,0.55447,Yes,Spanish,
1645,6e-06,No,Spanish,
1646,0.0,No,Spanish,
1647,5.2e-05,No,Spanish,
1648,0.999999,Yes,Spanish,
1649,0.99998,Yes,Spanish,
1650,0.0059,No,Spanish,
1651,4e-06,No,Spanish,
1652,0.092657,No,Spanish,
1653,1e-06,No,Spanish,
1654,0.607663,Yes,Spanish,
1655,0.0,No,Spanish,
1656,7.1e-05,No,Spanish,
1657,1.0,Yes,Spanish,
1658,2e-06,No,Spanish,
1659,0.129389,No,Spanish,
1660,1.2e-05,No,Spanish,
1661,0.0,No,Spanish,
1662,0.002047,No,Spanish,
1663,9.6e-05,No,Spanish,
1664,0.00267,No,Spanish,
1665,0.974819,Yes,Spanish,
1666,0.999996,Yes,Spanish,
1667,3.2e-05,No,Spanish,
1668,1e-06,No,Spanish,
1669,0.991549,Yes,Spanish,
1670,0.000744,No,Spanish,
1671,1.6e-05,No,Spanish,
1672,0.000805,No,Spanish,
1673,1e-06,No,Spanish,
1674,1e-06,No,Spanish,
1675,5e-06,No,Spanish,
1676,0.000257,No,Spanish,
1677,1e-06,No,Spanish,
1678,0.0,No,Spanish,
1679,0.000112,No,Spanish,
1680,0.999991,Yes,Spanish,
1681,0.0,No,Spanish,
1682,0.998047,Yes,Spanish,
1683,0.0,No,Spanish,
1684,1e-06,No,Spanish,
1685,3.6e-05,No,Spanish,
1686,0.001066,No,Spanish,
1687,2.8e-05,No,Spanish,
1688,3e-06,No,Spanish,
1689,5e-06,No,Spanish,
1690,0.989685,Yes,Spanish,
1691,0.9984,Yes,Spanish,
1692,2.5e-05,No,Spanish,
1693,0.999988,Yes,Spanish,
1694,0.0,No,Spanish,
1695,1.0,Yes,Spanish,
1696,2e-06,No,Spanish,
1697,0.998714,Yes,Spanish,
1698,8e-06,No,Spanish,
1699,0.00148,No,Spanish,
1700,0.0,No,Spanish,
1701,4e-06,No,Spanish,
1702,0.99999,Yes,Spanish,
1703,7e-06,No,Spanish,
1704,0.0,No,Spanish,
1705,0.000488,No,Spanish,
1706,0.000109,No,Spanish,
1707,1.0,Yes,Spanish,
1708,0.0,No,Spanish,
1709,0.999924,Yes,Spanish,
1710,0.009842,No,Spanish,
1711,0.0,No,Spanish,
1712,1.0,Yes,Spanish,
1713,0.000154,No,Spanish,
1714,4.2e-05,No,Spanish,
1715,0.999961,Yes,Spanish,
1716,0.001153,No,Spanish,
1717,0.000265,No,Spanish,
1718,3.1e-05,No,Spanish,
1719,0.999995,Yes,Spanish,
1720,0.217317,No,Spanish,
1721,1.0,Yes,Spanish,
1722,3e-06,No,Spanish,
1723,3e-06,No,Spanish,
1724,0.000792,No,Spanish,
1725,2e-06,No,Spanish,
1726,0.000109,No,Spanish,
1727,0.18954,No,Spanish,
1728,0.414899,No,Spanish,
1729,1e-06,No,Spanish,
1730,0.000305,No,Spanish,
1731,6e-06,No,Spanish,
1732,0.000106,No,Spanish,
1733,7e-06,No,Spanish,
1734,7e-06,No,Spanish,
1735,3e-06,No,Spanish,
1736,0.785226,Yes,Spanish,
1737,7e-06,No,Spanish,
1738,0.0,No,Spanish,
1739,0.030673,No,Spanish,
1740,0.0,No,Spanish,
1741,0.507812,Yes,Spanish,
1742,0.00071,No,Spanish,
1743,1.0,Yes,Spanish,
1744,4e-06,No,Spanish,
1745,0.999995,Yes,Spanish,
1746,1e-06,No,Spanish,
1747,0.000488,No,Spanish,
1748,2e-06,No,Spanish,
1749,1.8e-05,No,Spanish,
1750,0.0,No,Spanish,
1751,0.002508,No,Spanish,
1752,3e-06,No,Spanish,
1753,1.0,Yes,Spanish,
1754,2e-06,No,Spanish,
1755,0.000598,No,Spanish,
1756,7.4e-05,No,Spanish,
1757,0.999998,Yes,Spanish,
1758,0.307358,No,Spanish,
1759,0.999787,Yes,Spanish,
1760,0.999993,Yes,Spanish,
1761,0.212089,No,Spanish,
1762,1.1e-05,No,Spanish,
1763,0.999997,Yes,Spanish,
1764,4e-06,No,Spanish,
1765,0.999534,Yes,Spanish,
1766,0.0,No,Spanish,
1767,9.6e-05,No,Spanish,
1768,3.9e-05,No,Spanish,
1769,0.000116,No,Spanish,
1770,8.1e-05,No,Spanish,
1771,1.0,Yes,Spanish,
1772,2.8e-05,No,Spanish,
1773,0.983837,Yes,Spanish,
1774,1.0,Yes,Spanish,
1775,2.2e-05,No,Spanish,
1776,0.0,No,Spanish,
1777,0.991143,Yes,Spanish,
1778,0.087549,No,Spanish,
1779,0.000257,No,Spanish,
1780,1e-06,No,Spanish,
1781,2e-06,No,Spanish,
1782,0.010477,No,Spanish,
1783,0.0,No,Spanish,
1784,0.00173,No,Spanish,
1785,4.8e-05,No,Spanish,
1786,1e-06,No,Spanish,
1787,0.287868,No,Spanish,
1788,0.999997,Yes,Spanish,
1789,6.1e-05,No,Spanish,
1790,0.076961,No,Spanish,
1791,0.996625,Yes,Spanish,
1792,1e-06,No,Spanish,
1793,0.000405,No,Spanish,
1794,0.051871,No,Spanish,
1795,0.004402,No,Spanish,
1796,0.000598,No,Spanish,
1797,0.998694,Yes,Spanish,
1798,0.999996,Yes,Spanish,
1799,0.0,No,Spanish,
1800,0.0,No,Spanish,
1801,0.999979,Yes,Spanish,
1802,0.0,No,Spanish,
1803,1e-06,No,Spanish,
1804,0.0059,No,Spanish,
1805,3.3e-05,No,Spanish,
1806,0.0,No,Spanish,
1807,0.0,No,Spanish,
1808,1.0,Yes,Spanish,
1809,2e-06,No,Spanish,
1810,0.0,No,Spanish,
1811,0.07474,No,Spanish,
1812,0.000627,No,Spanish,
1813,0.999996,Yes,Spanish,
1814,0.00148,No,Spanish,
1815,0.000156,No,Spanish,
1816,1.0,Yes,Spanish,
1817,0.999999,Yes,Spanish,
1818,0.997855,Yes,Spanish,
1819,1.0,Yes,Spanish,
1820,0.014265,No,Spanish,
1821,0.0,No,Spanish,
1822,0.0,No,Spanish,
1823,0.000466,No,Spanish,
1824,0.00022,No,Spanish,
1825,1.0,Yes,Spanish,
1826,0.453262,No,Spanish,
1827,3.1e-05,No,Spanish,
1828,3.3e-05,No,Spanish,
1829,6e-06,No,Spanish,
1830,0.011688,No,Spanish,
1831,0.999777,Yes,Spanish,
1832,1e-06,No,Spanish,
1833,0.999997,Yes,Spanish,
1834,6e-06,No,Spanish,
1835,0.002213,No,Spanish,
1836,0.999766,Yes,Spanish,
1837,5e-06,No,Spanish,
1838,2.1e-05,No,Spanish,
1839,0.256832,No,Spanish,
1840,0.006898,No,Spanish,
1841,2e-06,No,Spanish,
1842,0.000107,No,Spanish,
1843,0.003884,No,Spanish,
1844,0.0,No,Spanish,
1845,0.000287,No,Spanish,
1846,0.999976,Yes,Spanish,
1847,1e-06,No,Spanish,
1848,1.0,Yes,Spanish,
1849,4.1e-05,No,Spanish,
1850,2.8e-05,No,Spanish,
1851,1.4e-05,No,Spanish,
1852,1.0,Yes,Spanish,
1853,0.0,No,Spanish,
1854,0.018245,No,Spanish,
1855,0.000182,No,Spanish,
1856,0.000197,No,Spanish,
1857,0.718496,Yes,Spanish,
1858,0.005146,No,Spanish,
1859,1e-06,No,Spanish,
1860,0.0,No,Spanish,
1861,9e-06,No,Spanish,
1862,0.0,No,Spanish,
1863,0.0,No,Spanish,
1864,0.0,No,Spanish,
1865,0.999996,Yes,Spanish,
1866,0.999614,Yes,Spanish,
1867,3e-06,No,Spanish,
1868,1.0,Yes,Spanish,
1869,0.999989,Yes,Spanish,
1870,5.6e-05,No,Spanish,
1871,1.3e-05,No,Spanish,
1872,4.9e-05,No,Spanish,
1873,0.004008,No,Spanish,
1874,0.038472,No,Spanish,
1875,0.001412,No,Spanish,
1876,4.3e-05,No,Spanish,
1877,1e-06,No,Spanish,
1878,4e-06,No,Spanish,
1879,5e-06,No,Spanish,
1880,1.9e-05,No,Spanish,
1881,0.000335,No,Spanish,
1882,0.999958,Yes,Spanish,
1883,0.0,No,Spanish,
1884,0.997921,Yes,Spanish,
1885,0.079246,No,Spanish,
1886,1e-06,No,Spanish,
1887,1.0,Yes,Spanish,
1888,0.00018,No,Spanish,
1889,1e-06,No,Spanish,
1890,7.4e-05,No,Spanish,
1891,4e-06,No,Spanish,
1892,0.0,No,Spanish,
1893,2.4e-05,No,Spanish,
1894,1e-05,No,Spanish,
1895,1.0,Yes,Spanish,
1896,3.7e-05,No,Spanish,
1897,5.7e-05,No,Spanish,
1898,9e-06,No,Spanish,
1899,0.000424,No,Spanish,
1900,0.999988,Yes,Spanish,
1901,1e-06,No,Spanish,
1902,0.999999,Yes,Spanish,
1903,0.999994,Yes,Spanish,
1904,3e-05,No,Spanish,
1905,0.997158,Yes,Spanish,
1906,5e-06,No,Spanish,
1907,0.999867,Yes,Spanish,
1908,0.000411,No,Spanish,
1909,3e-06,No,Spanish,
1910,2e-06,No,Spanish,
1911,4e-06,No,Spanish,
1912,7.3e-05,No,Spanish,
1913,0.995314,Yes,Spanish,
1914,0.000147,No,Spanish,
1915,0.09941,No,Spanish,
1916,0.002628,No,Spanish,
1917,0.0,No,Spanish,
1918,0.999999,Yes,Spanish,
1919,1e-06,No,Spanish,
1920,0.999797,Yes,Spanish,
1921,0.0,No,Spanish,
1922,3e-06,No,Spanish,
1923,0.009282,No,Spanish,
1924,0.999393,Yes,Spanish,
1925,0.000444,No,Spanish,
1926,0.999989,Yes,Spanish,
1927,0.974422,Yes,Spanish,
1928,0.087549,No,Spanish,
1929,1.3e-05,No,Spanish,
1930,0.011507,No,Spanish,
1931,0.999997,Yes,Spanish,
1932,0.0,No,Spanish,
1933,0.0,No,Spanish,
1934,2.4e-05,No,Spanish,
1935,0.001626,No,Spanish,
1936,2e-06,No,Spanish,
1937,0.027983,No,Spanish,
1938,2e-06,No,Spanish,
1939,0.087549,No,Spanish,
1940,0.0,No,Spanish,
1941,0.0,No,Spanish,
1942,2e-06,No,Spanish,
1943,0.0,No,Spanish,
1944,0.000438,No,Spanish,
1945,3.2e-05,No,Spanish,
1946,0.0,No,Spanish,
1947,0.001412,No,Spanish,
1948,0.164516,No,Spanish,
1949,1e-06,No,Spanish,
1950,1e-06,No,Spanish,
1951,0.999998,Yes,Spanish,
1952,0.999986,Yes,Spanish,
1953,2e-05,No,Spanish,
1954,0.0,No,Spanish,
1955,0.046045,No,Spanish,
1956,5.6e-05,No,Spanish,
1957,0.990572,Yes,Spanish,
1958,0.000368,No,Spanish,
1959,1e-06,No,Spanish,
1960,2e-06,No,Spanish,
1961,4e-06,No,Spanish,
1962,0.000217,No,Spanish,
1963,0.999924,Yes,Spanish,
1964,0.0,No,Spanish,
1965,2e-06,No,Spanish,
1966,5e-06,No,Spanish,
1967,2.6e-05,No,Spanish,
1968,0.999994,Yes,Spanish,
1969,8.9e-05,No,Spanish,
1970,0.004988,No,Spanish,
1971,0.0,No,Spanish,
1972,0.026339,No,Spanish,
1973,0.868827,Yes,Spanish,
1974,1.0,Yes,Spanish,
1975,0.000473,No,Spanish,
1976,0.0,No,Spanish,
1977,0.0,No,Spanish,
1978,0.052587,No,Spanish,
1979,0.000386,No,Spanish,
1980,5.5e-05,No,Spanish,
1981,1e-06,No,Spanish,
1982,0.999998,Yes,Spanish,
1983,0.0,No,Spanish,
1984,1e-06,No,Spanish,
1985,0.9998,Yes,Spanish,
1986,3e-06,No,Spanish,
1987,0.999999,Yes,Spanish,
1988,0.000589,No,Spanish,
1989,8e-06,No,Spanish,
1990,0.999999,Yes,Spanish,
1991,3e-06,No,Spanish,
1992,2e-05,No,Spanish,
1993,0.0,No,Spanish,
1994,0.036782,No,Spanish,
1995,1e-06,No,Spanish,
1996,0.999758,Yes,Spanish,
1997,0.0,No,Spanish,
1998,0.0,No,Spanish,
1999,1e-06,No,Spanish,
2000,3.2e-05,No,Spanish,
2001,0.999743,Yes,Spanish,
2002,0.0,No,Spanish,
2003,6.6e-05,No,Spanish,
2004,0.999991,Yes,Spanish,
2005,0.99986,Yes,Spanish,
2006,0.0,No,Spanish,
2007,0.430147,No,Spanish,
2008,0.0,No,Spanish,
2009,0.0,No,Spanish,
2010,0.999966,Yes,Spanish,
2011,0.0,No,Spanish,
2012,0.995166,Yes,Spanish,
2013,0.000142,No,Spanish,
2014,0.0,No,Spanish,
2015,0.000335,No,Spanish,
2016,0.0,No,Spanish,
2017,8.4e-05,No,Spanish,
2018,0.000121,No,Spanish,
2019,0.999949,Yes,Spanish,
2020,0.999527,Yes,Spanish,
2021,0.999888,Yes,Spanish,
2022,0.0,No,Spanish,
2023,0.000154,No,Spanish,
2024,0.000101,No,Spanish,
2025,0.000116,No,Spanish,
2026,1.0,Yes,Spanish,
2027,0.033621,No,Spanish,
2028,0.0,No,Spanish,
2029,0.999978,Yes,Spanish,
2030,1e-06,No,Spanish,
2031,0.0,No,Spanish,
2032,3.1e-05,No,Spanish,
2033,0.988672,Yes,Spanish,
2034,1.0,Yes,Spanish,
2035,0.492188,No,Spanish,
2036,0.0,No,Spanish,
2037,0.0,No,Spanish,
2038,0.001306,No,Spanish,
2039,0.0,No,Spanish,
2040,0.0,No,Spanish,
2041,0.998917,Yes,Spanish,
2042,7.7e-05,No,Spanish,
2043,2e-06,No,Spanish,
2044,0.999464,Yes,Spanish,
2045,0.0,No,Spanish,
2046,3.2e-05,No,Spanish,
2047,0.0,No,Spanish,
2048,0.0,No,Spanish,
2049,1.0,Yes,Spanish,
2050,0.999995,Yes,Spanish,
2051,1.0,Yes,Spanish,
2052,1.0,Yes,Spanish,
2053,0.001066,No,Spanish,
2054,0.002754,No,Spanish,
2055,0.0,No,Spanish,
2056,0.999867,Yes,Spanish,
2057,0.0,No,Spanish,
2058,0.999975,Yes,Spanish,
2059,1.1e-05,No,Spanish,
2060,0.0,No,Spanish,
2061,0.999982,Yes,Spanish,
2062,1.0,Yes,Spanish,
2063,4.3e-05,No,Spanish,
2064,0.999695,Yes,Spanish,
2065,2e-05,No,Spanish,
2066,3.3e-05,No,Spanish,
2067,0.042089,No,Spanish,
2068,1.0,Yes,Spanish,
2069,1.0,Yes,Spanish,
2070,0.000242,No,Spanish,
2071,0.999952,Yes,Spanish,
2072,0.999995,Yes,Spanish,
2073,0.87916,Yes,Spanish,
2074,0.999982,Yes,Spanish,
2075,0.006582,No,Spanish,
2076,0.0,No,Spanish,
2077,0.0,No,Spanish,
2078,0.000678,No,Spanish,
2079,0.658418,Yes,Spanish,
2080,1e-06,No,Spanish,
2081,0.0,No,Spanish,
2082,0.00832,No,Spanish,
2083,0.999755,Yes,Spanish,
2084,0.997787,Yes,Spanish,
2085,0.0,No,Spanish,
2086,0.009282,No,Spanish,
2087,0.0,No,Spanish,
2088,0.437823,No,Spanish,
2089,0.000147,No,Spanish,
2090,0.000667,No,Spanish,
2091,0.999998,Yes,Spanish,
2092,1e-06,No,Spanish,
2093,2e-06,No,Spanish,
2094,0.000249,No,Spanish,
2095,2.9e-05,No,Spanish,
2096,1.0,Yes,Spanish,
2097,0.983582,Yes,Spanish,
2098,0.61878,Yes,Spanish,
2099,1.0,Yes,Spanish,
2100,0.0,No,Spanish,
2101,0.0,No,Spanish,
2102,0.073721,No,Spanish,
2103,1.0,Yes,Spanish,
2104,0.0,No,Spanish,
2105,0.000282,No,Spanish,
2106,1.0,Yes,Spanish,
2107,0.0,No,Spanish,
2108,2e-06,No,Spanish,
2109,0.00267,No,Spanish,
2110,1e-06,No,Spanish,
2111,0.705836,Yes,Spanish,
2112,1.0,Yes,Spanish,
2113,3.5e-05,No,Spanish,
2114,0.000106,No,Spanish,
2115,0.000109,No,Spanish,
2116,0.000744,No,Spanish,
2117,0.334644,No,Spanish,
2118,0.0,No,Spanish,
2119,1e-06,No,Spanish,
2120,0.999985,Yes,Spanish,
2121,0.06858,No,Spanish,
2122,2.8e-05,No,Spanish,
2123,0.010642,No,Spanish,
2124,0.92938,Yes,Spanish,
2125,1.2e-05,No,Spanish,
2126,0.002047,No,Spanish,
2127,0.999994,Yes,Spanish,
2128,0.999864,Yes,Spanish,
2129,0.0,No,Spanish,
2130,4e-06,No,Spanish,
2131,0.999996,Yes,Spanish,
2132,1.0,Yes,Spanish,
2133,0.004471,No,Spanish,
2134,0.0,No,Spanish,
2135,1.0,Yes,Spanish,
2136,1.0,Yes,Spanish,
2137,0.999999,Yes,Spanish,
2138,0.061,No,Spanish,
2139,1e-06,No,Spanish,
2140,0.0,No,Spanish,
2141,0.999942,Yes,Spanish,
2142,1e-06,No,Spanish,
2143,1.0,Yes,Spanish,
2144,1e-05,No,Spanish,
2145,0.011872,No,Spanish,
2146,0.999995,Yes,Spanish,
2147,1.0,Yes,Spanish,
2148,0.999993,Yes,Spanish,
2149,3e-06,No,Spanish,
2150,3e-06,No,Spanish,
2151,1.0,Yes,Spanish,
2152,0.0,No,Spanish,
2153,0.999999,Yes,Spanish,
2154,0.000104,No,Spanish,
2155,2.2e-05,No,Spanish,
2156,0.0,No,Spanish,
2157,0.0,No,Spanish,
2158,0.999829,Yes,Spanish,
2159,0.000386,No,Spanish,
2160,0.0,No,Spanish,
2161,0.999999,Yes,Spanish,
2162,0.999981,Yes,Spanish,
2163,1.1e-05,No,Spanish,
2164,0.0,No,Spanish,
2165,0.999829,Yes,Spanish,
2166,1.0,Yes,Spanish,
2167,2e-06,No,Spanish,
2168,1.0,Yes,Spanish,
2169,0.0,No,Spanish,
2170,0.675711,Yes,Spanish,
2171,0.999886,Yes,Spanish,
2172,0.999589,Yes,Spanish,
2173,0.999902,Yes,Spanish,
2174,0.956658,Yes,Spanish,
2175,0.000121,No,Spanish,
2176,9e-05,No,Spanish,
2177,1.1e-05,No,Spanish,
2178,1e-06,No,Spanish,
2179,0.000177,No,Spanish,
2180,1.0,Yes,Spanish,
2181,2e-06,No,Spanish,
2182,0.0,No,Spanish,
2183,1.0,Yes,Spanish,
2184,0.004834,No,Spanish,
2185,0.5,No,Spanish,
2186,0.337968,No,Spanish,
2187,0.0,No,Spanish,
2188,0.000843,No,Spanish,
2189,0.0,No,Spanish,
2190,0.0,No,Spanish,
2191,4e-06,No,Spanish,
2192,1.0,Yes,Spanish,
2193,2e-06,No,Spanish,
2194,4e-06,No,Spanish,
2195,0.015184,No,Spanish,
2196,0.000352,No,Spanish,
2197,0.999654,Yes,Spanish,
2198,3e-06,No,Spanish,
2199,0.999777,Yes,Spanish,
2200,1e-06,No,Spanish,
2201,2e-06,No,Spanish,
2202,0.0,No,Spanish,
2203,0.0,No,Spanish,
2204,0.392337,No,Spanish,
2205,0.9998,Yes,Spanish,
2206,0.999839,Yes,Spanish,
2207,9e-05,No,Spanish,
2208,0.0,No,Spanish,
2209,0.0,No,Spanish,
2210,0.0,No,Spanish,
2211,0.999962,Yes,Spanish,
2212,5e-06,No,Spanish,
2213,0.00018,No,Spanish,
2214,0.12251,No,Spanish,
2215,0.000637,No,Spanish,
2216,7.4e-05,No,Spanish,
2217,8e-06,No,Spanish,
2218,0.0,No,Spanish,
2219,0.007117,No,Spanish,
2220,0.988312,Yes,Spanish,
2221,0.366476,No,Spanish,
2222,0.12251,No,Spanish,
2223,0.997644,Yes,Spanish,
2224,1.0,Yes,Spanish,
2225,0.000473,No,Spanish,
2226,3.6e-05,No,Spanish,
2227,0.000444,No,Spanish,
2228,0.087549,No,Spanish,
2229,0.0,No,Spanish,
2230,0.002356,No,Spanish,
2231,0.970213,Yes,Spanish,
2232,0.999659,Yes,Spanish,
2233,0.019727,No,Spanish,
2234,0.787911,Yes,Spanish,
2235,3e-06,No,Spanish,
2236,1.0,Yes,Spanish,
2237,0.906063,Yes,Spanish,
2238,0.046045,No,Spanish,
2239,0.0,No,Spanish,
2240,2e-06,No,Spanish,
2241,0.007006,No,Spanish,
2242,5e-06,No,Spanish,
2243,0.999974,Yes,Spanish,
2244,0.999632,Yes,Spanish,
2245,0.999999,Yes,Spanish,
2246,0.0,No,Spanish,
2247,0.000142,No,Spanish,
2248,0.955285,Yes,Spanish,
2249,0.999373,Yes,Spanish,
2250,0.000129,No,Spanish,
2251,0.999999,Yes,Spanish,
2252,6.7e-05,No,Spanish,
2253,0.002015,No,Spanish,
2254,0.999875,Yes,Spanish,
2255,1.0,Yes,Spanish,
2256,0.146057,No,Spanish,
2257,0.98919,Yes,Spanish,
2258,0.000174,No,Spanish,
2259,0.999988,Yes,Spanish,
2260,0.999998,Yes,Spanish,
2261,1.0,Yes,Spanish,
2262,0.000627,No,Spanish,
2263,0.0,No,Spanish,
2264,0.0,No,Spanish,
2265,0.212089,No,Spanish,
2266,0.0,No,Spanish,
2267,0.220091,No,Spanish,
2268,2.1e-05,No,Spanish,
2269,1e-06,No,Spanish,
2270,0.999595,Yes,Spanish,
2271,0.897645,Yes,Spanish,
2272,0.999998,Yes,Spanish,
2273,0.0,No,Spanish,
2274,0.0,No,Spanish,
2275,1e-05,No,Spanish,
2276,0.965915,Yes,Spanish,
2277,0.092657,No,Spanish,
2278,0.239394,No,Spanish,
2279,0.0,No,Spanish,
2280,0.966899,Yes,Spanish,
2281,0.0,No,Spanish,
2282,0.731107,Yes,Spanish,
2283,0.0,No,Spanish,
2284,0.0,No,Spanish,
2285,0.999998,Yes,Spanish,
2286,0.978712,Yes,Spanish,
2287,1e-06,No,Spanish,
2288,0.109801,No,Spanish,
2289,2e-06,No,Spanish,
2290,0.999999,Yes,Spanish,
2291,9.5e-05,No,Spanish,
2292,1.0,Yes,Spanish,
2293,0.998773,Yes,Spanish,
2294,0.0,No,Spanish,
2295,0.51562,Yes,Spanish,
2296,0.000986,No,Spanish,
2297,0.0,No,Spanish,
2298,0.975925,Yes,Spanish,
2299,1.0,Yes,Spanish,
2300,4.5e-05,No,Spanish,
2301,0.83975,Yes,Spanish,
2302,0.996879,Yes,Spanish,
2303,0.0,No,Spanish,
2304,0.032588,No,Spanish,
2305,0.0,No,Spanish,
2306,0.0,No,Spanish,
2307,0.0,No,Spanish,
2308,0.99683,Yes,Spanish,
2309,0.999999,Yes,Spanish,
2310,0.0,No,Spanish,
2311,9e-05,No,Spanish,
2312,1.0,Yes,Spanish,
2313,1.0,Yes,Spanish,
2314,1.0,Yes,Spanish,
2315,4e-06,No,Spanish,
2316,9e-06,No,Spanish,
2317,0.0,No,Spanish,
2318,0.000257,No,Spanish,
2319,6.6e-05,No,Spanish,
2320,0.0,No,Spanish,
2321,0.001171,No,Spanish,
2322,0.002145,No,Spanish,
2323,0.0011,No,Spanish,
2324,0.0,No,Spanish,
2325,0.874091,Yes,Spanish,
2326,3e-06,No,Spanish,
2327,2.6e-05,No,Spanish,
2328,8.4e-05,No,Spanish,
2329,0.999556,Yes,Spanish,
2330,0.480479,No,Spanish,
2331,0.999984,Yes,Spanish,
2332,0.99999,Yes,Spanish,
2333,0.044715,No,Spanish,
2334,0.0,No,Spanish,
2335,0.0,No,Spanish,
2336,0.87749,Yes,Spanish,
2337,0.0,No,Spanish,
2338,0.994522,Yes,Spanish,
2339,2e-05,No,Spanish,
2340,0.007576,No,Spanish,
2341,3e-06,No,Spanish,
2342,0.999986,Yes,Spanish,
2343,0.0,No,Spanish,
2344,0.01912,No,Spanish,
2345,4.3e-05,No,Spanish,
2346,0.000158,No,Spanish,
2347,2.4e-05,No,Spanish,
2348,5e-06,No,Spanish,
2349,1e-06,No,Spanish,
2350,2.3e-05,No,Spanish,
2351,0.0,No,Spanish,
2352,0.002356,No,Spanish,
2353,1.0,Yes,Spanish,
2354,1e-06,No,Spanish,
2355,2.4e-05,No,Spanish,
2356,0.212089,No,Spanish,
2357,0.999918,Yes,Spanish,
2358,1e-06,No,Spanish,
2359,0.999999,Yes,Spanish,
2360,0.000278,No,Spanish,
2361,0.971576,Yes,Spanish,
2362,0.999937,Yes,Spanish,
2363,0.0,No,Spanish,
2364,3e-06,No,Spanish,
2365,0.997068,Yes,Spanish,
2366,0.999837,Yes,Spanish,
2367,0.962123,Yes,Spanish,
2368,0.99988,Yes,Spanish,
2369,3.6e-05,No,Spanish,
2370,0.324289,No,Spanish,
2371,0.007576,No,Spanish,
2372,1e-06,No,Spanish,
2373,0.002547,No,Spanish,
2374,1.0,Yes,Spanish,
2375,0.999988,Yes,Spanish,
2376,0.999993,Yes,Spanish,
2377,1e-06,No,Spanish,
2378,0.002712,No,Spanish,
2379,0.01912,No,Spanish,
2380,0.629775,Yes,Spanish,
2381,0.029787,No,Spanish,
2382,0.0,No,Spanish,
2383,1e-06,No,Spanish,
2384,2.8e-05,No,Spanish,
2385,0.999995,Yes,Spanish,
2386,1e-06,No,Spanish,
2387,0.0,No,Spanish,
2388,0.032588,No,Spanish,
2389,0.0,No,Spanish,
2390,0.012836,No,Spanish,
2391,0.0,No,Spanish,
2392,0.01912,No,Spanish,
2393,1.1e-05,No,Spanish,
2394,0.098052,No,Spanish,
2395,0.000444,No,Spanish,
2396,0.057526,No,Spanish,
2397,0.011153,No,Spanish,
2398,0.771801,Yes,Spanish,
2399,0.16025,No,Spanish,
2400,2e-06,No,Spanish,
2401,0.000116,No,Spanish,
2402,1.4e-05,No,Spanish,
2403,0.000166,No,Spanish,
2404,0.000607,No,Spanish,
2405,0.999985,Yes,Spanish,
2406,0.0,No,Spanish,
2407,4e-06,No,Spanish,
2408,0.992883,Yes,Spanish,
2409,0.0,No,Spanish,
2410,0.022267,No,Spanish,
2411,0.0,No,Spanish,
2412,0.999945,Yes,Spanish,
2413,0.999267,Yes,Spanish,
2414,0.008451,No,Spanish,
2415,0.997202,Yes,Spanish,
2416,0.999695,Yes,Spanish,
2417,0.999992,Yes,Spanish,
2418,0.999675,Yes,Spanish,
2419,0.0,No,Spanish,
2420,0.005564,No,Spanish,
2421,0.001871,No,Spanish,
2422,0.999999,Yes,Spanish,
2423,1.0,Yes,Spanish,
2424,0.013038,No,Spanish,
2425,0.003537,No,Spanish,
2426,0.0,No,Spanish,
2427,0.0,No,Spanish,
2428,0.000296,No,Spanish,
2429,0.00317,No,Spanish,
2430,0.000528,No,Spanish,
2431,1e-06,No,Spanish,
2432,0.0,No,Spanish,
2433,0.002393,No,Spanish,
2434,0.0059,No,Spanish,
2435,2.8e-05,No,Spanish,
2436,0.999967,Yes,Spanish,
2437,2e-05,No,Spanish,
2438,0.001369,No,Spanish,
2439,4.1e-05,No,Spanish,
2440,1.0,Yes,Spanish,
2441,0.000504,No,Spanish,
2442,0.0,No,Spanish,
2443,6.9e-05,No,Spanish,
2444,0.002798,No,Spanish,
2445,0.0,No,Spanish,
2446,0.000104,No,Spanish,
2447,0.999999,Yes,Spanish,
2448,0.005831,No,Spanish,
2449,0.0,No,Spanish,
2450,1.0,Yes,Spanish,
2451,0.000123,No,Spanish,
2452,1.0,Yes,Spanish,
2453,9.2e-05,No,Spanish,
2454,1e-05,No,Spanish,
2455,0.000265,No,Spanish,
2456,0.999994,Yes,Spanish,
2457,1e-06,No,Spanish,
2458,0.999908,Yes,Spanish,
2459,0.0,No,Spanish,
2460,0.0,No,Spanish,
2461,1.0,Yes,Spanish,
2462,0.999793,Yes,Spanish,
2463,0.000174,No,Spanish,
2464,0.000352,No,Spanish,
2465,4e-06,No,Spanish,
2466,1e-06,No,Spanish,
2467,0.999562,Yes,Spanish,
2468,0.0,No,Spanish,
2469,0.0,No,Spanish,
2470,0.999735,Yes,Spanish,
2471,7e-06,No,Spanish,
2472,2e-06,No,Spanish,
2473,0.685949,Yes,Spanish,
2474,0.000278,No,Spanish,
2475,0.006791,No,Spanish,
2476,1e-06,No,Spanish,
2477,0.0,No,Spanish,
2478,1e-06,No,Spanish,
2479,0.999704,Yes,Spanish,
2480,0.0,No,Spanish,
2481,0.998215,Yes,Spanish,
2482,0.0,No,Spanish,
2483,1e-06,No,Spanish,
2484,0.975925,Yes,Spanish,
2485,0.355831,No,Spanish,
2486,0.000223,No,Spanish,
2487,0.996879,Yes,Spanish,
2488,0.833359,Yes,Spanish,
2489,0.0,No,Spanish,
2490,0.001002,No,Spanish,
2491,0.212089,No,Spanish,
2492,0.0,No,Spanish,
2493,0.999541,Yes,Spanish,
2494,0.9989,Yes,Spanish,
2495,0.974019,Yes,Spanish,
2496,0.001083,No,Spanish,
2497,0.999429,Yes,Spanish,
2498,0.000352,No,Spanish,
2499,0.999989,Yes,Spanish,
2500,0.0,No,Spanish,
2501,0.999999,Yes,Spanish,
2502,0.006087,No,Spanish,
2503,0.0,No,Spanish,
2504,0.013244,No,Spanish,
2505,0.000257,No,Spanish,
2506,0.966899,Yes,Spanish,
2507,0.817538,Yes,Spanish,
2508,0.000129,No,Spanish,
2509,0.0,No,Spanish,
2510,0.119203,No,Spanish,
2511,0.0,No,Spanish,
2512,1e-06,No,Spanish,
2513,0.000257,No,Spanish,
2514,0.0,No,Spanish,
2515,0.99994,Yes,Spanish,
2516,0.999363,Yes,Spanish,
2517,0.001412,No,Spanish,
2518,0.999988,Yes,Spanish,
2519,0.0,No,Spanish,
2520,0.0,No,Spanish,
2521,8.8e-05,No,Spanish,
2522,0.0,No,Spanish,
2523,1e-06,No,Spanish,
2524,1e-06,No,Spanish,
2525,0.699203,Yes,Spanish,
2526,0.999685,Yes,Spanish,
2527,0.017683,No,Spanish,
2528,5e-06,No,Spanish,
2529,0.999952,Yes,Spanish,
2530,0.0,No,Spanish,
2531,0.000257,No,Spanish,
2532,0.132978,No,Spanish,
2533,0.000688,No,Spanish,
2534,4.1e-05,No,Spanish,
2535,0.999787,Yes,Spanish,
2536,0.002978,No,Spanish,
2537,0.0,No,Spanish,
2538,0.000234,No,Spanish,
2539,2e-06,No,Spanish,
2540,0.987559,Yes,Spanish,
2541,0.0,No,Spanish,
2542,0.999709,Yes,Spanish,
2543,0.0,No,Spanish,
2544,0.999972,Yes,Spanish,
2545,0.11285,No,Spanish,
2546,2.2e-05,No,Spanish,
2547,1.0,Yes,Spanish,
2548,0.977733,Yes,Spanish,
2549,2.2e-05,No,Spanish,
2550,0.928405,Yes,Spanish,
2551,0.999993,Yes,Spanish,
2552,0.995459,Yes,Spanish,
2553,0.0,No,Spanish,
2554,0.00078,No,Spanish,
2555,0.999534,Yes,Spanish,
2556,0.000161,No,Spanish,
2557,0.0,No,Spanish,
2558,5.5e-05,No,Spanish,
2559,0.000144,No,Spanish,
2560,1.0,Yes,Spanish,
2561,1.0,Yes,Spanish,
2562,0.001017,No,Spanish,
2563,0.0,No,Spanish,
2564,0.0,No,Spanish,
2565,0.999998,Yes,Spanish,
2566,0.998773,Yes,Spanish,
2567,4e-06,No,Spanish,
2568,1e-05,No,Spanish,
2569,0.0,No,Spanish,
2570,0.999955,Yes,Spanish,
2571,0.098052,No,Spanish,
2572,0.002754,No,Spanish,
2573,0.712132,Yes,Spanish,
2574,0.027174,No,Spanish,
2575,0.0,No,Spanish,
2576,1e-06,No,Spanish,
2577,0.000223,No,Spanish,
2578,0.851937,Yes,Spanish,
2579,0.0,No,Spanish,
2580,0.000194,No,Spanish,
2581,0.0,No,Spanish,
2582,0.0,No,Spanish,
2583,1.0,Yes,Spanish,
2584,0.0,No,Spanish,
2585,3.9e-05,No,Spanish,
2586,0.001083,No,Spanish,
2587,0.999996,Yes,Spanish,
2588,1e-06,No,Spanish,
2589,0.334644,No,Spanish,
2590,0.947413,Yes,Spanish,
2591,0.000898,No,Spanish,
2592,0.0,No,Spanish,
2593,5.1e-05,No,Spanish,
2594,0.99678,Yes,Spanish,
2595,0.999989,Yes,Spanish,
2596,0.006087,No,Spanish,
2597,2.2e-05,No,Spanish,
2598,0.936318,Yes,Spanish,
2599,0.0,No,Spanish,
2600,0.0,No,Spanish,
2601,0.999966,Yes,Spanish,
2602,0.0,No,Spanish,
2603,0.0,No,Spanish,
2604,2e-06,No,Spanish,
2605,0.000627,No,Spanish,
2606,0.0,No,Spanish,
2607,0.000768,No,Spanish,
2608,0.983061,Yes,Spanish,
2609,2.9e-05,No,Spanish,
2610,0.0,No,Spanish,
2611,0.999994,Yes,Spanish,
2612,0.294164,No,Spanish,
2613,2e-06,No,Spanish,
2614,2e-05,No,Spanish,
2615,1.0,Yes,Spanish,
2616,0.998773,Yes,Spanish,
2617,8e-06,No,Spanish,
2618,0.001677,No,Spanish,
2619,0.637087,Yes,Spanish,
2620,0.991936,Yes,Spanish,
2621,9e-06,No,Spanish,
2622,0.0,No,Spanish,
2623,4e-06,No,Spanish,
2624,1.8e-05,No,Spanish,
2625,0.999998,Yes,Spanish,
2626,0.000411,No,Spanish,
2627,0.0,No,Spanish,
2628,0.0,No,Spanish,
2629,1e-06,No,Spanish,
2630,1.2e-05,No,Spanish,
2631,0.0,No,Spanish,
2632,1e-06,No,Spanish,
2633,2e-06,No,Spanish,
2634,0.0,No,Spanish,
2635,0.000278,No,Spanish,
2636,1.4e-05,No,Spanish,
2637,5.6e-05,No,Spanish,
2638,0.0,No,Spanish,
2639,0.156073,No,Spanish,
2640,0.177882,No,Spanish,
2641,0.989845,Yes,Spanish,
2642,2e-06,No,Spanish,
2643,1.1e-05,No,Spanish,
2644,0.999632,Yes,Spanish,
2645,0.0,No,Spanish,
2646,0.0,No,Spanish,
2647,0.0,No,Spanish,
2648,1.0,Yes,Spanish,
2649,0.0,No,Spanish,
2650,0.022267,No,Spanish,
2651,4e-06,No,Spanish,
2652,1.0,Yes,Spanish,
2653,1e-06,No,Spanish,
2654,0.000553,No,Spanish,
2655,0.0,No,Spanish,
2656,6e-05,No,Spanish,
2657,0.000111,No,Spanish,
2658,0.999998,Yes,Spanish,
2659,2e-06,No,Spanish,
2660,0.999994,Yes,Spanish,
2661,0.0,No,Spanish,
2662,2e-06,No,Spanish,
2663,5e-05,No,Spanish,
2664,0.0,No,Spanish,
2665,6e-06,No,Spanish,
2666,0.006183,No,Spanish,
2667,1.0,Yes,Spanish,
2668,0.058322,No,Spanish,
2669,5.9e-05,No,Spanish,
2670,1e-06,No,Spanish,
2671,0.025578,No,Spanish,
2672,1.0,Yes,Spanish,
2673,6.1e-05,No,Spanish,
2674,1.0,Yes,Spanish,
2675,6.1e-05,No,Spanish,
2676,0.999999,Yes,Spanish,
2677,0.073721,No,Spanish,
2678,1.5e-05,No,Spanish,
2679,5.2e-05,No,Spanish,
2680,0.99962,Yes,Spanish,
2681,0.0,No,Spanish,
2682,0.999983,Yes,Spanish,
2683,1.8e-05,No,Spanish,
2684,1.0,Yes,Spanish,
2685,0.0,No,Spanish,
2686,0.0,No,Spanish,
2687,0.0,No,Spanish,
2688,0.964348,Yes,Spanish,
2689,1.1e-05,No,Spanish,
2690,0.281504,No,Spanish,
2691,0.00267,No,Spanish,
2692,0.0,No,Spanish,
2693,4.8e-05,No,Spanish,
2694,2.8e-05,No,Spanish,
2695,0.994169,Yes,Spanish,
2696,0.997412,Yes,Spanish,
2697,0.002284,No,Spanish,
2698,1.0,Yes,Spanish,
2699,1.0,Yes,Spanish,
2700,0.999999,Yes,Spanish,
2701,1e-06,No,Spanish,
2702,0.0,No,Spanish,
2703,2e-06,No,Spanish,
2704,0.00832,No,Spanish,
2705,5e-06,No,Spanish,
2706,0.000699,No,Spanish,
2707,8e-05,No,Spanish,
2708,0.0,No,Spanish,
2709,0.999898,Yes,Spanish,
2710,0.0,No,Spanish,
2711,0.008191,No,Spanish,
2712,0.001842,No,Spanish,
2713,0.999488,Yes,Spanish,
2714,0.99979,Yes,Spanish,
2715,0.999977,Yes,Spanish,
2716,0.999996,Yes,Spanish,
2717,0.0,No,Spanish,
2718,0.000147,No,Spanish,
2719,0.95976,Yes,Spanish,
2720,5e-06,No,Spanish,
2721,0.0,No,Spanish,
2722,0.005993,No,Spanish,
2723,1e-05,No,Spanish,
2724,0.999999,Yes,Spanish,
2725,1.0,Yes,Spanish,
2726,0.132978,No,Spanish,
2727,9e-06,No,Spanish,
2728,1e-06,No,Spanish,
2729,0.999999,Yes,Spanish,
2730,5.8e-05,No,Spanish,
2731,2e-06,No,Spanish,
2732,0.999999,Yes,Spanish,
2733,0.0,No,Spanish,
2734,0.977383,Yes,Spanish,
2735,0.651355,Yes,Spanish,
2736,0.0,No,Spanish,
2737,0.300797,No,Spanish,
2738,0.999999,Yes,Spanish,
2739,0.999991,Yes,Spanish,
2740,0.0,No,Spanish,
2741,3.3e-05,No,Spanish,
2742,0.999948,Yes,Spanish,
2743,0.000123,No,Spanish,
2744,8.1e-05,No,Spanish,
2745,0.0,No,Spanish,
2746,0.999997,Yes,Spanish,
2747,0.023335,No,Spanish,
2748,0.782683,Yes,Spanish,
2749,0.798206,Yes,Spanish,
2750,0.0,No,Spanish,
2751,1e-06,No,Spanish,
2752,0.0,No,Spanish,
2753,2.8e-05,No,Spanish,
2754,0.999869,Yes,Spanish,
2755,5.1e-05,No,Spanish,
2756,0.0,No,Spanish,
2757,8.8e-05,No,Spanish,
2758,4e-06,No,Spanish,
2759,0.845895,Yes,Spanish,
2760,0.976298,Yes,Spanish,
2761,0.304093,No,Spanish,
2762,2.8e-05,No,Spanish,
2763,7e-05,No,Spanish,
2764,0.0,No,Spanish,
2765,1.0,Yes,Spanish,
2766,0.658418,Yes,Spanish,
2767,0.0,No,Spanish,
2768,0.0,No,Spanish,
2769,0.0,No,Spanish,
2770,0.012059,No,Spanish,
2771,0.999952,Yes,Spanish,
2772,2e-06,No,Spanish,
2773,0.577495,Yes,Spanish,
2774,0.017205,No,Spanish,
2775,1.0,Yes,Spanish,
2776,0.999993,Yes,Spanish,
2777,0.996677,Yes,Spanish,
2778,0.999986,Yes,Spanish,
2779,0.000884,No,Spanish,
2780,1e-06,No,Spanish,
2781,0.129389,No,Spanish,
2782,0.999997,Yes,Spanish,
2783,3e-06,No,Spanish,
2784,3.9e-05,No,Spanish,
2785,0.026754,No,Spanish,
2786,0.914972,Yes,Spanish,
2787,0.0,No,Spanish,
2788,1e-06,No,Spanish,
2789,2e-06,No,Spanish,
2790,3e-06,No,Spanish,
2791,0.675711,Yes,Spanish,
2792,0.0,No,Spanish,
2793,5e-06,No,Spanish,
2794,2e-06,No,Spanish,
2795,0.999989,Yes,Spanish,
2796,2e-06,No,Spanish,
2797,0.0,No,Spanish,
2798,0.0,No,Spanish,
2799,0.637087,Yes,Spanish,
2800,1.0,Yes,Spanish,
2801,1.0,Yes,Spanish,
2802,0.982317,Yes,Spanish,
2803,0.999429,Yes,Spanish,
2804,1e-06,No,Spanish,
2805,0.021963,No,Spanish,
2806,0.997985,Yes,Spanish,
2807,0.0,No,Spanish,
2808,0.0,No,Spanish,
2809,5.5e-05,No,Spanish,
2810,0.00648,No,Spanish,
2811,0.0,No,Spanish,
2812,0.999997,Yes,Spanish,
2813,0.996351,Yes,Spanish,
2814,1e-06,No,Spanish,
2815,0.999993,Yes,Spanish,
2816,0.999974,Yes,Spanish,
2817,1.4e-05,No,Spanish,
2818,0.993314,Yes,Spanish,
2819,1e-06,No,Spanish,
2820,6.9e-05,No,Spanish,
2821,0.0,No,Spanish,
2822,0.999996,Yes,Spanish,
2823,0.999998,Yes,Spanish,
2824,0.999926,Yes,Spanish,
2825,0.0,No,Spanish,
2826,9e-06,No,Spanish,
2827,0.0,No,Spanish,
2828,0.0,No,Spanish,
2829,1.0,Yes,Spanish,
2830,0.0,No,Spanish,
2831,2.1e-05,No,Spanish,
2832,0.997716,Yes,Spanish,
2833,0.998714,Yes,Spanish,
2834,0.0,No,Spanish,
2835,0.997821,Yes,Spanish,
2836,0.990158,Yes,Spanish,
2837,0.0,No,Spanish,
2838,1e-06,No,Spanish,
2839,0.0011,No,Spanish,
2840,0.841777,Yes,Spanish,
2841,4e-06,No,Spanish,
2842,0.999998,Yes,Spanish,
2843,0.007006,No,Spanish,
2844,0.006582,No,Spanish,
2845,0.003025,No,Spanish,
2846,0.031156,No,Spanish,
2847,0.0,No,Spanish,
2848,1e-05,No,Spanish,
2849,0.983582,Yes,Spanish,
2850,0.087549,No,Spanish,
2851,0.0,No,Spanish,
2852,0.001033,No,Spanish,
2853,1.0,Yes,Spanish,
2854,0.0,No,Spanish,
2855,2e-06,No,Spanish,
2856,1.0,Yes,Spanish,
2857,0.998983,Yes,Spanish,
2858,0.0,No,Spanish,
2859,0.999989,Yes,Spanish,
2860,0.847983,Yes,Spanish,
2861,5e-06,No,Spanish,
2862,0.999966,Yes,Spanish,
2863,0.0,No,Spanish,
2864,0.0,No,Spanish,
2865,0.00139,No,Spanish,
2866,0.999999,Yes,Spanish,
2867,0.999029,Yes,Spanish,
2868,0.0,No,Spanish,
2869,0.0,No,Spanish,
2870,0.743168,Yes,Spanish,
2871,0.997985,Yes,Spanish,
2872,0.999999,Yes,Spanish,
2873,0.392337,No,Spanish,
2874,0.782683,Yes,Spanish,
2875,1e-06,No,Spanish,
2876,0.0,No,Spanish,
2877,0.000234,No,Spanish,
2878,0.718496,Yes,Spanish,
2879,5.7e-05,No,Spanish,
2880,1.0,Yes,Spanish,
2881,3e-06,No,Spanish,
2882,0.999995,Yes,Spanish,
2883,6e-06,No,Spanish,
2884,1e-06,No,Spanish,
2885,0.136652,No,Spanish,
2886,2e-06,No,Spanish,
2887,1e-06,No,Spanish,
2888,0.001083,No,Spanish,
2889,0.001984,No,Spanish,
2890,0.000161,No,Spanish,
2891,1.7e-05,No,Spanish,
2892,1.6e-05,No,Spanish,
2893,0.948129,Yes,Spanish,
2894,0.644169,Yes,Spanish,
2895,0.999992,Yes,Spanish,
2896,0.0,No,Spanish,
2897,0.999992,Yes,Spanish,
2898,0.999999,Yes,Spanish,
2899,0.0,No,Spanish,
2900,2e-06,No,Spanish,
2901,3e-06,No,Spanish,
2902,4e-06,No,Spanish,
2903,1.0,Yes,Spanish,
2904,0.999979,Yes,Spanish,
2905,0.0,No,Spanish,
2906,0.999994,Yes,Spanish,
2907,0.0,No,Spanish,
2908,0.99999,Yes,Spanish,
2909,0.00322,No,Spanish,
2910,0.005652,No,Spanish,
2911,0.999974,Yes,Spanish,
2912,1.0,Yes,Spanish,
2913,8e-06,No,Spanish,
2914,2.2e-05,No,Spanish,
2915,0.999826,Yes,Spanish,
2916,0.000223,No,Spanish,
2917,0.999989,Yes,Spanish,
2918,0.000174,No,Spanish,
2919,3.1e-05,No,Spanish,
2920,0.999997,Yes,Spanish,
2921,1.0,Yes,Spanish,
2922,0.000253,No,Spanish,
2923,0.0,No,Spanish,
2924,1.0,Yes,Spanish,
2925,0.999975,Yes,Spanish,
2926,2.5e-05,No,Spanish,
2927,1.0,Yes,Spanish,
2928,0.99999,Yes,Spanish,
2929,0.577495,Yes,Spanish,
2930,0.010315,No,Spanish,
2931,0.001704,No,Spanish,
2932,0.000131,No,Spanish,
2933,0.0,No,Spanish,
2934,0.55447,Yes,Spanish,
2935,0.001348,No,Spanish,
2936,3.8e-05,No,Spanish,
2937,0.923039,Yes,Spanish,
2938,7e-06,No,Spanish,
2939,2.2e-05,No,Spanish,
2940,0.999889,Yes,Spanish,
2941,0.999996,Yes,Spanish,
2942,0.000792,No,Spanish,
2943,0.948129,Yes,Spanish,
2944,0.0,No,Spanish,
2945,0.0,No,Spanish,
2946,1.2e-05,No,Spanish,
2947,0.995166,Yes,Spanish,
2948,0.0,No,Spanish,
2949,0.037361,No,Spanish,
2950,1.0,Yes,Spanish,
2951,0.0,No,Spanish,
2952,5.5e-05,No,Spanish,
2953,0.81046,Yes,Spanish,
2954,0.0,No,Spanish,
2955,0.0,No,Spanish,
2956,0.002284,No,Spanish,
2957,1.0,Yes,Spanish,
2958,0.0,No,Spanish,
2959,8e-06,No,Spanish,
2960,0.999643,Yes,Spanish,
2961,0.99999,Yes,Spanish,
2962,0.997752,Yes,Spanish,
2963,1e-06,No,Spanish,
2964,0.0059,No,Spanish,
2965,0.000768,No,Spanish,
2966,0.0,No,Spanish,
2967,0.000245,No,Spanish,
2968,0.0,No,Spanish,
2969,3e-06,No,Spanish,
2970,2e-06,No,Spanish,
2971,0.793046,Yes,Spanish,
2972,1e-06,No,Spanish,
2973,0.999997,Yes,Spanish,
2974,0.003025,No,Spanish,
2975,0.0,No,Spanish,
2976,0.99998,Yes,Spanish,
2977,0.0,No,Spanish,
2978,6.2e-05,No,Spanish,
2979,0.51562,Yes,Spanish,
2980,0.999968,Yes,Spanish,
2981,0.000986,No,Spanish,
2982,1.7e-05,No,Spanish,
2983,0.999957,Yes,Spanish,
2984,5e-06,No,Spanish,
2985,0.0,No,Spanish,
2986,0.705836,Yes,Spanish,
2987,0.0,No,Spanish,
2988,0.999997,Yes,Spanish,
2989,0.055865,No,Spanish,
2990,0.999999,Yes,Spanish,
2991,0.999464,Yes,Spanish,
2992,0.000363,No,Spanish,
2993,0.000805,No,Spanish,
2994,0.0,No,Spanish,
2995,0.0,No,Spanish,
2996,0.262889,No,Spanish,
2997,0.817538,Yes,Spanish,
2998,2e-06,No,Spanish,
2999,4.1e-05,No,Spanish,
3000,0.967412,Yes,Spanish,
3001,0.998917,Yes,Spanish,
3002,8e-06,No,Spanish,
3003,0.99979,Yes,Spanish,
3004,0.0,No,Spanish,
3005,4e-06,No,Spanish,
3006,0.000536,No,Spanish,
3007,0.0,No,Spanish,
3008,0.0,No,Spanish,
3009,0.999992,Yes,Spanish,
3010,0.0,No,Spanish,
3011,0.009282,No,Spanish,
3012,0.0,No,Spanish,
3013,1.0,Yes,Spanish,
3014,0.004988,No,Spanish,
3015,1.0,Yes,Spanish,
3016,1.5e-05,No,Spanish,
3017,0.0,No,Spanish,
3018,0.191971,No,Spanish,
3019,0.999632,Yes,Spanish,
3020,0.0,No,Spanish,
3021,0.999999,Yes,Spanish,
3022,1.0,Yes,Spanish,
3023,0.999999,Yes,Spanish,
3024,0.001135,No,Spanish,
3025,8.9e-05,No,Spanish,
3026,0.0,No,Spanish,
3027,0.999877,Yes,Spanish,
3028,0.000104,No,Spanish,
3029,0.999882,Yes,Spanish,
3030,0.082725,No,Spanish,
3031,0.0,No,Spanish,
3032,0.662032,Yes,Spanish,
3033,0.0,No,Spanish,
3034,0.0,No,Spanish,
3035,0.001651,No,Spanish,
3036,0.0,No,Spanish,
3037,6.8e-05,No,Spanish,
3038,0.995865,Yes,Spanish,
3039,0.999929,Yes,Spanish,
3040,0.999994,Yes,Spanish,
3041,0.999999,Yes,Spanish,
3042,0.004402,No,Spanish,
3043,0.999995,Yes,Spanish,
3044,0.000282,No,Spanish,
3045,3e-06,No,Spanish,
3046,0.603932,Yes,Spanish,
3047,2.8e-05,No,Spanish,
3048,0.000121,No,Spanish,
3049,0.99852,Yes,Spanish,
3050,0.005741,No,Spanish,
3051,0.999955,Yes,Spanish,
3052,8e-06,No,Spanish,
3053,2e-06,No,Spanish,
3054,0.0,No,Spanish,
3055,0.06858,No,Spanish,
3056,0.000112,No,Spanish,
3057,1e-05,No,Spanish,
3058,0.999987,Yes,Spanish,
3059,0.000496,No,Spanish,
3060,0.999999,Yes,Spanish,
3061,0.999998,Yes,Spanish,
3062,1e-06,No,Spanish,
3063,0.016939,No,Spanish,
3064,2e-06,No,Spanish,
3065,0.569853,Yes,Spanish,
3066,0.912451,Yes,Spanish,
3067,0.087549,No,Spanish,
3068,0.0,No,Spanish,
3069,0.531209,Yes,Spanish,
3070,0.00148,No,Spanish,
3071,1e-06,No,Spanish,
3072,0.0,No,Spanish,
3073,0.239394,No,Spanish,
3074,0.027602,No,Spanish,
3075,6.4e-05,No,Spanish,
3076,0.000282,No,Spanish,
3077,4.1e-05,No,Spanish,
3078,0.018532,No,Spanish,
3079,1.0,Yes,Spanish,
3080,0.0,No,Spanish,
3081,0.0,No,Spanish,
3082,0.999869,Yes,Spanish,
3083,0.0,No,Spanish,
3084,1.0,Yes,Spanish,
3085,0.029325,No,Spanish,
3086,0.507812,Yes,Spanish,
3087,0.009727,No,Spanish,
3088,1e-06,No,Spanish,
3089,0.0,No,Spanish,
3090,0.999999,Yes,Spanish,
3091,0.000598,No,Spanish,
3092,0.0,No,Spanish,
3093,5.5e-05,No,Spanish,
3094,0.008584,No,Spanish,
3095,0.835484,Yes,Spanish,
3096,0.000287,No,Spanish,
3097,0.002112,No,Spanish,
3098,0.0,No,Spanish,
3099,1e-06,No,Spanish,
3100,0.0,No,Spanish,
3101,1.0,Yes,Spanish,
3102,0.472683,No,Spanish,
3103,0.999195,Yes,Spanish,
3104,0.999987,Yes,Spanish,
3105,1.0,Yes,Spanish,
3106,0.0,No,Spanish,
3107,0.000213,No,Spanish,
3108,0.0,No,Spanish,
3109,1e-05,No,Spanish,
3110,0.0,No,Spanish,
3111,0.999976,Yes,Spanish,
3112,0.0,No,Spanish,
3113,1e-06,No,Spanish,
3114,0.003323,No,Spanish,
3115,0.995598,Yes,Spanish,
3116,7.3e-05,No,Spanish,
3117,0.0,No,Spanish,
3118,1e-06,No,Spanish,
3119,0.0,No,Spanish,
3120,0.999986,Yes,Spanish,
3121,0.847983,Yes,Spanish,
3122,0.0,No,Spanish,
3123,0.577495,Yes,Spanish,
3124,0.998967,Yes,Spanish,
3125,0.999952,Yes,Spanish,
3126,1.0,Yes,Spanish,
3127,0.999648,Yes,Spanish,
3128,0.0,No,Spanish,
3129,1e-06,No,Spanish,
3130,0.841777,Yes,Spanish,
3131,0.000111,No,Spanish,
3132,0.0,No,Spanish,
3133,0.999999,Yes,Spanish,
3134,1.0,Yes,Spanish,
3135,0.000217,No,Spanish,
3136,0.250867,No,Spanish,
3137,0.999994,Yes,Spanish,
3138,0.997113,Yes,Spanish,
3139,0.000291,No,Spanish,
3140,0.999998,Yes,Spanish,
3141,0.705836,Yes,Spanish,
3142,1.0,Yes,Spanish,
3143,0.0,No,Spanish,
3144,1e-06,No,Spanish,
3145,1.0,Yes,Spanish,
3146,0.0,No,Spanish,
3147,1e-06,No,Spanish,
3148,0.0,No,Spanish,
3149,0.000194,No,Spanish,
3150,0.988493,Yes,Spanish,
3151,0.000545,No,Spanish,
3152,0.999999,Yes,Spanish,
3153,0.0,No,Spanish,
3154,0.960923,Yes,Spanish,
3155,1e-06,No,Spanish,
3156,1.0,Yes,Spanish,
3157,0.952585,Yes,Spanish,
3158,0.993913,Yes,Spanish,
3159,1.0,Yes,Spanish,
3160,0.000325,No,Spanish,
3161,0.995865,Yes,Spanish,
3162,0.0,No,Spanish,
3163,0.0,No,Spanish,
3164,1e-06,No,Spanish,
3165,0.0,No,Spanish,
3166,0.001984,No,Spanish,
3167,0.000488,No,Spanish,
3168,0.000114,No,Spanish,
3169,2e-06,No,Spanish,
3170,1.0,Yes,Spanish,
3171,2e-06,No,Spanish,
3172,1.0,Yes,Spanish,
3173,0.99991,Yes,Spanish,
3174,0.999998,Yes,Spanish,
3175,0.012059,No,Spanish,
3176,0.0,No,Spanish,
3177,0.999925,Yes,Spanish,
3178,2.8e-05,No,Spanish,
3179,0.004008,No,Spanish,
3180,0.99942,Yes,Spanish,
3181,1e-06,No,Spanish,
3182,2.7e-05,No,Spanish,
3183,0.999996,Yes,Spanish,
3184,0.999998,Yes,Spanish,
3185,0.042751,No,Spanish,
3186,0.999787,Yes,Spanish,
3187,0.000177,No,Spanish,
3188,0.999999,Yes,Spanish,
3189,0.99995,Yes,Spanish,
3190,0.999969,Yes,Spanish,
3191,1e-06,No,Spanish,
3192,5.8e-05,No,Spanish,
3193,0.999998,Yes,Spanish,
3194,0.00648,No,Spanish,
3195,4.9e-05,No,Spanish,
3196,0.999988,Yes,Spanish,
3197,0.049593,No,Spanish,
3198,1e-06,No,Spanish,
3199,0.000123,No,Spanish,
3200,9e-06,No,Spanish,
3201,0.000104,No,Spanish,
3202,0.740174,Yes,Spanish,
3203,0.992424,Yes,Spanish,
3204,1.5e-05,No,Spanish,
3205,0.0,No,Spanish,
3206,0.008857,No,Spanish,
3207,1.0,Yes,Spanish,
3208,0.063682,No,Spanish,
3209,0.999999,Yes,Spanish,
3210,0.119203,No,Spanish,
3211,1e-06,No,Spanish,
3212,0.47658,No,Spanish,
3213,7e-06,No,Spanish,
3214,0.000227,No,Spanish,
3215,0.999972,Yes,Spanish,
3216,0.023702,No,Spanish,
3217,0.999886,Yes,Spanish,
3218,4.2e-05,No,Spanish,
3219,0.983061,Yes,Spanish,
3220,0.99999,Yes,Spanish,
3221,0.0,No,Spanish,
3222,0.001066,No,Spanish,
3223,0.0,No,Spanish,
3224,0.997113,Yes,Spanish,
3225,2e-06,No,Spanish,
3226,0.999999,Yes,Spanish,
3227,4.3e-05,No,Spanish,
3228,2.5e-05,No,Spanish,
3229,1.0,Yes,Spanish,
3230,0.999995,Yes,Spanish,
3231,0.542863,Yes,Spanish,
3232,0.00033,No,Spanish,
3233,9e-06,No,Spanish,
3234,0.999992,Yes,Spanish,
3235,0.0,No,Spanish,
3236,1.3e-05,No,Spanish,
3237,4e-06,No,Spanish,
3238,0.009997,No,Spanish,
3239,0.000161,No,Spanish,
3240,0.000466,No,Spanish,
3241,0.008584,No,Spanish,
3242,1.0,Yes,Spanish,
3243,0.324289,No,Spanish,
3244,0.999997,Yes,Spanish,
3245,0.182462,No,Spanish,
3246,1e-06,No,Spanish,
3247,0.999949,Yes,Spanish,
3248,0.0,No,Spanish,
3249,0.001033,No,Spanish,
3250,0.999964,Yes,Spanish,
3251,1.5e-05,No,Spanish,
3252,0.00139,No,Spanish,
3253,1e-06,No,Spanish,
3254,1.0,Yes,Spanish,
3255,0.0,No,Spanish,
3256,0.002547,No,Spanish,
3257,2e-06,No,Spanish,
3258,0.998694,Yes,Spanish,
3259,0.0,No,Spanish,
3260,0.000213,No,Spanish,
3261,3e-06,No,Spanish,
3262,0.00148,No,Spanish,
3263,0.196903,No,Spanish,
3264,0.0,No,Spanish,
3265,0.0,No,Spanish,
3266,0.001246,No,Spanish,
3267,0.999704,Yes,Spanish,
3268,0.999983,Yes,Spanish,
3269,0.035166,No,Spanish,
3270,1.0,Yes,Spanish,
3271,0.164516,No,Spanish,
3272,0.0,No,Spanish,
3273,1.0,Yes,Spanish,
3274,0.0,No,Spanish,
3275,0.970675,Yes,Spanish,
3276,1.0,Yes,Spanish,
3277,0.0,No,Spanish,
3278,3e-06,No,Spanish,
3279,0.0,No,Spanish,
3280,0.021963,No,Spanish,
3281,0.999998,Yes,Spanish,
3282,7e-06,No,Spanish,
3283,1e-06,No,Spanish,
3284,0.986174,Yes,Spanish,
3285,0.976665,Yes,Spanish,
3286,0.132978,No,Spanish,
3287,1e-06,No,Spanish,
3288,1e-06,No,Spanish,
3289,0.000287,No,Spanish,
3290,6e-06,No,Spanish,
3291,2e-06,No,Spanish,
3292,1e-06,No,Spanish,
3293,0.0,No,Spanish,
3294,0.999998,Yes,Spanish,
3295,3.9e-05,No,Spanish,
3296,0.999978,Yes,Spanish,
3297,1.0,Yes,Spanish,
3298,0.999747,Yes,Spanish,
3299,1.0,Yes,Spanish,
3300,5.7e-05,No,Spanish,
3301,0.995929,Yes,Spanish,
3302,0.001066,No,Spanish,
3303,4e-06,No,Spanish,
3304,1.0,Yes,Spanish,
3305,1.0,Yes,Spanish,
3306,0.00021,No,Spanish,
3307,9.5e-05,No,Spanish,
3308,0.999343,Yes,Spanish,
3309,0.0,No,Spanish,
3310,0.0,No,Spanish,
3311,0.511717,Yes,Spanish,
3312,1.0,Yes,Spanish,
3313,0.0,No,Spanish,
3314,0.000242,No,Spanish,
3315,0.999991,Yes,Spanish,
3316,0.001083,No,Spanish,
3317,0.0,No,Spanish,
3318,0.000374,No,Spanish,
3319,0.999964,Yes,Spanish,
3320,0.999992,Yes,Spanish,
3321,0.005393,No,Spanish,
3322,0.999999,Yes,Spanish,
3323,1.0,Yes,Spanish,
3324,0.0,No,Spanish,
3325,0.002508,No,Spanish,
3326,1.8e-05,No,Spanish,
3327,2.2e-05,No,Spanish,
3328,1e-06,No,Spanish,
3329,0.014717,No,Spanish,
3330,8.2e-05,No,Spanish,
3331,0.003121,No,Spanish,
3332,0.999455,Yes,Spanish,
3333,0.999997,Yes,Spanish,
3334,0.999976,Yes,Spanish,
3335,0.0,No,Spanish,
3336,0.999797,Yes,Spanish,
3337,7e-06,No,Spanish,
3338,5.1e-05,No,Spanish,
3339,3.1e-05,No,Spanish,
3340,1.4e-05,No,Spanish,
3341,0.996351,Yes,Spanish,
3342,0.0,No,Spanish,
3343,0.0,No,Spanish,
3344,1e-06,No,Spanish,
3345,2.5e-05,No,Spanish,
3346,0.0,No,Spanish,
3347,0.262889,No,Spanish,
3348,8.5e-05,No,Spanish,
3349,0.000884,No,Spanish,
3350,0.99678,Yes,Spanish,
3351,0.0,No,Spanish,
3352,0.002887,No,Spanish,
3353,1.0,Yes,Spanish,
3354,0.0,No,Spanish,
3355,1.0,Yes,Spanish,
3356,0.997787,Yes,Spanish,
3357,0.986389,Yes,Spanish,
3358,0.0,No,Spanish,
3359,0.00032,No,Spanish,
3360,0.000133,No,Spanish,
3361,0.999999,Yes,Spanish,
3362,0.997888,Yes,Spanish,
3363,0.999998,Yes,Spanish,
3364,0.000217,No,Spanish,
3365,0.119203,No,Spanish,
3366,2e-05,No,Spanish,
3367,0.991004,Yes,Spanish,
3368,0.0,No,Spanish,
3369,0.999803,Yes,Spanish,
3370,0.0,No,Spanish,
3371,0.999997,Yes,Spanish,
3372,0.002112,No,Spanish,
3373,1.0,Yes,Spanish,
3374,0.55447,Yes,Spanish,
3375,0.0,No,Spanish,
3376,0.000589,No,Spanish,
3377,0.999985,Yes,Spanish,
3378,0.999987,Yes,Spanish,
3379,0.999991,Yes,Spanish,
3380,0.0,No,Spanish,
3381,2e-06,No,Spanish,
3382,0.826729,Yes,Spanish,
3383,0.999998,Yes,Spanish,
3384,0.00032,No,Spanish,
3385,0.999999,Yes,Spanish,
3386,0.000411,No,Spanish,
3387,1e-06,No,Spanish,
3388,0.001551,No,Spanish,
3389,0.996677,Yes,Spanish,
3390,2.1e-05,No,Spanish,
3391,1.3e-05,No,Spanish,
3392,1.0,Yes,Spanish,
3393,7e-06,No,Spanish,
3394,7.4e-05,No,Spanish,
3395,0.090148,No,Spanish,
3396,0.256832,No,Spanish,
3397,0.001171,No,Spanish,
3398,0.035652,No,Spanish,
3399,0.0,No,Spanish,
3400,0.999996,Yes,Spanish,
3401,0.005146,No,Spanish,
3402,0.999955,Yes,Spanish,
3403,8.6e-05,No,Spanish,
3404,0.032588,No,Spanish,
3405,0.0,No,Spanish,
3406,0.000562,No,Spanish,
3407,0.798206,Yes,Spanish,
3408,0.000647,No,Spanish,
3409,1.0,Yes,Spanish,
3410,0.087549,No,Spanish,
3411,0.0,No,Spanish,
3412,0.0,No,Spanish,
3413,0.0,No,Spanish,
3414,0.175485,No,Spanish,
3415,0.99999,Yes,Spanish,
3416,1e-06,No,Spanish,
3417,0.994007,Yes,Spanish,
3418,0.000274,No,Spanish,
3419,0.805575,Yes,Spanish,
3420,0.032588,No,Spanish,
3421,0.00021,No,Spanish,
3422,0.0,No,Spanish,
3423,0.999995,Yes,Spanish,
3424,0.999992,Yes,Spanish,
3425,4e-06,No,Spanish,
3426,1e-06,No,Spanish,
3427,0.035166,No,Spanish,
3428,9.6e-05,No,Spanish,
3429,0.546738,Yes,Spanish,
3430,0.998811,Yes,Spanish,
3431,0.0,No,Spanish,
3432,0.000589,No,Spanish,
3433,0.968354,Yes,Spanish,
3434,0.0,No,Spanish,
3435,0.001785,No,Spanish,
3436,0.999975,Yes,Spanish,
3437,0.0,No,Spanish,
3438,0.964834,Yes,Spanish,
3439,0.000459,No,Spanish,
3440,2e-06,No,Spanish,
3441,0.0,No,Spanish,
3442,0.001171,No,Spanish,
3443,0.001171,No,Spanish,
3444,1.0,Yes,Spanish,
3445,0.0,No,Spanish,
3446,0.999966,Yes,Spanish,
3447,0.999999,Yes,Spanish,
3448,0.000884,No,Spanish,
3449,0.0,No,Spanish,
3450,1.0,Yes,Spanish,
3451,0.177882,No,Spanish,
3452,0.919656,Yes,Spanish,
3453,0.001785,No,Spanish,
3454,0.004685,No,Spanish,
3455,7.4e-05,No,Spanish,
3456,0.999997,Yes,Spanish,
3457,3e-06,No,Spanish,
3458,0.004266,No,Spanish,
3459,0.999985,Yes,Spanish,
3460,0.004685,No,Spanish,
3461,0.999534,Yes,Spanish,
3462,0.999713,Yes,Spanish,
3463,1.0,Yes,Spanish,
3464,0.064679,No,Spanish,
3465,0.000257,No,Spanish,
3466,0.0,No,Spanish,
3467,3e-06,No,Spanish,
3468,0.000188,No,Spanish,
3469,0.058322,No,Spanish,
3470,0.999971,Yes,Spanish,
3471,0.030673,No,Spanish,
3472,0.0,No,Spanish,
3473,0.999755,Yes,Spanish,
3474,0.020633,No,Spanish,
3475,0.00148,No,Spanish,
3476,0.000123,No,Spanish,
3477,0.749133,Yes,Spanish,
3478,7e-06,No,Spanish,
3479,0.0,No,Spanish,
3480,0.999927,Yes,Spanish,
3481,0.999987,Yes,Spanish,
3482,0.798206,Yes,Spanish,
3483,0.0,No,Spanish,
3484,1e-06,No,Spanish,
3485,7e-06,No,Spanish,
3486,0.001704,No,Spanish,
3487,9e-06,No,Spanish,
3488,1.0,Yes,Spanish,
3489,0.0,No,Spanish,
3490,0.000627,No,Spanish,
3491,4.8e-05,No,Spanish,
3492,0.377541,No,Spanish,
3493,0.0,No,Spanish,
3494,0.999787,Yes,Spanish,
3495,0.999994,Yes,Spanish,
3496,0.0,No,Spanish,
3497,0.0,No,Spanish,
3498,0.217317,No,Spanish,
3499,0.986389,Yes,Spanish,
3500,0.999995,Yes,Spanish,
3501,0.008996,No,Spanish,
3502,0.987941,Yes,Spanish,
3503,2.4e-05,No,Spanish,
3504,0.0,No,Spanish,
3505,1e-06,No,Spanish,
3506,4.5e-05,No,Spanish,
3507,0.99999,Yes,Spanish,
3508,1.0,Yes,Spanish,
3509,0.0,No,Spanish,
3510,0.0,No,Spanish,
3511,6e-06,No,Spanish,
3512,1e-06,No,Spanish,
3513,0.0,No,Spanish,
3514,0.998473,Yes,Spanish,
3515,1.0,Yes,Spanish,
3516,0.0,No,Spanish,
3517,0.042751,No,Spanish,
3518,0.999884,Yes,Spanish,
3519,0.011872,No,Spanish,
3520,1.0,Yes,Spanish,
3521,0.808029,Yes,Spanish,
3522,0.0,No,Spanish,
3523,0.999534,Yes,Spanish,
3524,0.999999,Yes,Spanish,
3525,0.999995,Yes,Spanish,
3526,2e-06,No,Spanish,
3527,1e-06,No,Spanish,
3528,0.999981,Yes,Spanish,
3529,1e-06,No,Spanish,
3530,0.999455,Yes,Spanish,
3531,0.99683,Yes,Spanish,
3532,1.0,Yes,Spanish,
3533,0.999976,Yes,Spanish,
3534,0.0,No,Spanish,
3535,0.924086,Yes,Spanish,
3536,0.998374,Yes,Spanish,
3537,6e-06,No,Spanish,
3538,1e-06,No,Spanish,
3539,0.999862,Yes,Spanish,
3540,0.16025,No,Spanish,
3541,1.1e-05,No,Spanish,
3542,0.00022,No,Spanish,
3543,0.999981,Yes,Spanish,
3544,0.968844,Yes,Spanish,
3545,0.00014,No,Spanish,
3546,1.0,Yes,Spanish,
3547,0.0,No,Spanish,
3548,1.2e-05,No,Spanish,
3549,0.000335,No,Spanish,
3550,0.999907,Yes,Spanish,
3551,1.0,Yes,Spanish,
3552,0.999992,Yes,Spanish,
3553,3e-06,No,Spanish,
3554,0.001758,No,Spanish,
3555,0.999333,Yes,Spanish,
3556,0.00317,No,Spanish,
3557,0.025981,No,Spanish,
3558,0.004071,No,Spanish,
3559,6e-05,No,Spanish,
3560,0.000553,No,Spanish,
3561,6.7e-05,No,Spanish,
3562,9.8e-05,No,Spanish,
3563,1.0,Yes,Spanish,
3564,0.0,No,Spanish,
3565,4e-06,No,Spanish,
3566,0.012059,No,Spanish,
3567,3e-06,No,Spanish,
3568,0.863348,Yes,Spanish,
3569,0.000386,No,Spanish,
3570,0.0,No,Spanish,
3571,1.0,Yes,Spanish,
3572,0.000438,No,Spanish,
3573,0.00173,No,Spanish,
3574,0.999999,Yes,Spanish,
3575,0.002393,No,Spanish,
3576,1.0,Yes,Spanish,
3577,0.999997,Yes,Spanish,
3578,0.644169,Yes,Spanish,
3579,1e-06,No,Spanish,
3580,2e-06,No,Spanish,
3581,0.004266,No,Spanish,
3582,0.026339,No,Spanish,
3583,4e-06,No,Spanish,
3584,0.997202,Yes,Spanish,
3585,0.0,No,Spanish,
3586,0.0,No,Spanish,
3587,5.8e-05,No,Spanish,
3588,0.250867,No,Spanish,
3589,6.4e-05,No,Spanish,
3590,1.0,Yes,Spanish,
3591,4e-06,No,Spanish,
3592,0.999949,Yes,Spanish,
3593,0.817538,Yes,Spanish,
3594,0.0,No,Spanish,
3595,0.0,No,Spanish,
3596,0.596433,Yes,Spanish,
3597,0.006379,No,Spanish,
3598,0.998792,Yes,Spanish,
3599,1.0,Yes,Spanish,
3600,5e-06,No,Spanish,
3601,0.0,No,Spanish,
3602,0.999998,Yes,Spanish,
3603,1.2e-05,No,Spanish,
3604,0.936318,Yes,Spanish,
3605,0.0,No,Spanish,
3606,6.4e-05,No,Spanish,
3607,0.64791,Yes,Spanish,
3608,0.995734,Yes,Spanish,
3609,0.468791,No,Spanish,
3610,0.002547,No,Spanish,
3611,0.024407,No,Spanish,
3612,0.000112,No,Spanish,
3613,3e-06,No,Spanish,
3614,0.99986,Yes,Spanish,
3615,0.994854,Yes,Spanish,
3616,0.999996,Yes,Spanish,
3617,0.0,No,Spanish,
3618,0.964834,Yes,Spanish,
3619,0.988493,Yes,Spanish,
3620,0.011153,No,Spanish,
3621,6.3e-05,No,Spanish,
3622,0.999999,Yes,Spanish,
3623,0.0,No,Spanish,
3624,1e-06,No,Spanish,
3625,1e-05,No,Spanish,
3626,0.00033,No,Spanish,
3627,0.0,No,Spanish,
3628,1.0,Yes,Spanish,
3629,0.95976,Yes,Spanish,
3630,0.000473,No,Spanish,
3631,2e-05,No,Spanish,
3632,0.004685,No,Spanish,
3633,0.999999,Yes,Spanish,
3634,3e-06,No,Spanish,
3635,0.0,No,Spanish,
3636,0.000363,No,Spanish,
3637,7.1e-05,No,Spanish,
3638,0.000627,No,Spanish,
3639,0.014717,No,Spanish,
3640,3e-06,No,Spanish,
3641,2.6e-05,No,Spanish,
3642,1e-06,No,Spanish,
3643,0.071595,No,Spanish,
3644,4e-06,No,Spanish,
3645,1e-06,No,Spanish,
3646,0.0,No,Spanish,
3647,0.004333,No,Spanish,
3648,0.0,No,Spanish,
3649,0.999972,Yes,Spanish,
3650,0.000278,No,Spanish,
3651,0.999978,Yes,Spanish,
3652,0.999869,Yes,Spanish,
3653,3e-06,No,Spanish,
3654,0.99942,Yes,Spanish,
3655,0.016418,No,Spanish,
3656,1e-06,No,Spanish,
3657,9.2e-05,No,Spanish,
3658,1.2e-05,No,Spanish,
3659,3e-06,No,Spanish,
3660,0.0,No,Spanish,
3661,7.3e-05,No,Spanish,
3662,0.679125,Yes,Spanish,
3663,1e-06,No,Spanish,
3664,0.000325,No,Spanish,
3665,1.0,Yes,Spanish,
3666,0.0,No,Spanish,
3667,1.3e-05,No,Spanish,
3668,3.4e-05,No,Spanish,
3669,0.955977,Yes,Spanish,
3670,0.971576,Yes,Spanish,
3671,2.9e-05,No,Spanish,
3672,4.1e-05,No,Spanish,
3673,0.0,No,Spanish,
3674,0.0,No,Spanish,
3675,0.999944,Yes,Spanish,
3676,4.3e-05,No,Spanish,
3677,1e-06,No,Spanish,
3678,0.999871,Yes,Spanish,
3679,0.0,No,Spanish,
3680,1.0,Yes,Spanish,
3681,0.0,No,Spanish,
3682,0.999998,Yes,Spanish,
3683,0.024075,No,Spanish,
3684,0.999875,Yes,Spanish,
3685,0.090148,No,Spanish,
3686,0.0,No,Spanish,
3687,1.0,Yes,Spanish,
3688,1.9e-05,No,Spanish,
3689,0.000647,No,Spanish,
3690,4e-06,No,Spanish,
3691,0.004135,No,Spanish,
3692,1.0,Yes,Spanish,
3693,0.037877,No,Spanish,
3694,0.0,No,Spanish,
3695,0.999993,Yes,Spanish,
3696,0.999837,Yes,Spanish,
3697,0.999968,Yes,Spanish,
3698,0.009842,No,Spanish,
3699,0.999998,Yes,Spanish,
3700,0.000154,No,Spanish,
3701,0.000185,No,Spanish,
3702,2.6e-05,No,Spanish,
3703,0.000227,No,Spanish,
3704,0.503906,Yes,Spanish,
3705,0.0,No,Spanish,
3706,0.000151,No,Spanish,
3707,2e-05,No,Spanish,
3708,0.999996,Yes,Spanish,
3709,0.999998,Yes,Spanish,
3710,0.0,No,Spanish,
3711,9e-06,No,Spanish,
3712,0.000341,No,Spanish,
3713,1.0,Yes,Spanish,
3714,0.001651,No,Spanish,
3715,0.002112,No,Spanish,
3716,0.0,No,Spanish,
3717,0.99967,Yes,Spanish,
3718,4e-06,No,Spanish,
3719,1.0,Yes,Spanish,
3720,0.000411,No,Spanish,
3721,1.0,Yes,Spanish,
3722,0.0,No,Spanish,
3723,0.2227,No,Spanish,
3724,0.999301,Yes,Spanish,
3725,0.999322,Yes,Spanish,
3726,0.002547,No,Spanish,
3727,9e-06,No,Spanish,
3728,0.999996,Yes,Spanish,
3729,0.020633,No,Spanish,
3730,0.0,No,Spanish,
3731,0.032588,No,Spanish,
3732,0.006379,No,Spanish,
3733,2e-06,No,Spanish,
3734,0.999999,Yes,Spanish,
3735,0.066603,No,Spanish,
3736,0.999157,Yes,Spanish,
3737,1.0,Yes,Spanish,
3738,1e-06,No,Spanish,
3739,0.55447,Yes,Spanish,
3740,2e-06,No,Spanish,
3741,0.999989,Yes,Spanish,
3742,0.0,No,Spanish,
3743,0.999907,Yes,Spanish,
3744,0.999996,Yes,Spanish,
3745,0.0,No,Spanish,
3746,0.171079,No,Spanish,
3747,0.999999,Yes,Spanish,
3748,9e-06,No,Spanish,
3749,0.999648,Yes,Spanish,
3750,0.000231,No,Spanish,
3751,0.782683,Yes,Spanish,
3752,0.023335,No,Spanish,
3753,0.000129,No,Spanish,
3754,0.5,No,Spanish,
3755,0.999999,Yes,Spanish,
3756,0.0,No,Spanish,
3757,0.999946,Yes,Spanish,
3758,1.0,Yes,Spanish,
3759,1e-06,No,Spanish,
3760,1.0,Yes,Spanish,
3761,0.0,No,Spanish,
3762,0.999999,Yes,Spanish,
3763,0.0,No,Spanish,
3764,8e-06,No,Spanish,
3765,0.999998,Yes,Spanish,
3766,0.92938,Yes,Spanish,
3767,0.0,No,Spanish,
3768,0.0,No,Spanish,
3769,0.0,No,Spanish,
3770,2e-06,No,Spanish,
3771,0.999896,Yes,Spanish,
3772,1.0,Yes,Spanish,
3773,0.001083,No,Spanish,
3774,0.002932,No,Spanish,
3775,0.392337,No,Spanish,
3776,0.034621,No,Spanish,
3777,0.000721,No,Spanish,
3778,1.4e-05,No,Spanish,
3779,2e-06,No,Spanish,
3780,1.0,Yes,Spanish,
3781,0.999995,Yes,Spanish,
3782,3.1e-05,No,Spanish,
3783,1e-06,No,Spanish,
3784,0.0,No,Spanish,
3785,1.0,Yes,Spanish,
3786,0.000553,No,Spanish,
3787,6.4e-05,No,Spanish,
3788,0.003884,No,Spanish,
3789,0.971129,Yes,Spanish,
3790,9.2e-05,No,Spanish,
3791,0.999995,Yes,Spanish,
3792,0.0,No,Spanish,
3793,0.000971,No,Spanish,
3794,1.0,Yes,Spanish,
3795,0.0011,No,Spanish,
3796,0.013038,No,Spanish,
3797,0.999978,Yes,Spanish,
3798,0.000926,No,Spanish,
3799,0.913643,Yes,Spanish,
3800,0.999995,Yes,Spanish,
3801,0.991936,Yes,Spanish,
3802,0.0,No,Spanish,
3803,1.0,Yes,Spanish,
3804,8.4e-05,No,Spanish,
3805,0.999879,Yes,Spanish,
3806,0.994522,Yes,Spanish,
3807,0.0,No,Spanish,
3808,0.999998,Yes,Spanish,
3809,1.0,Yes,Spanish,
3810,0.999496,Yes,Spanish,
3811,0.000242,No,Spanish,
3812,1.0,Yes,Spanish,
3813,0.999969,Yes,Spanish,
3814,0.0,No,Spanish,
3815,0.0,No,Spanish,
3816,0.0,No,Spanish,
3817,0.0,No,Spanish,
3818,1.0,Yes,Spanish,
3819,0.822118,Yes,Spanish,
3820,0.592667,Yes,Spanish,
3821,0.0,No,Spanish,
3822,0.000261,No,Spanish,
3823,1.0,Yes,Spanish,
3824,1.0,Yes,Spanish,
3825,0.996729,Yes,Spanish,
3826,0.18954,No,Spanish,
3827,0.999997,Yes,Spanish,
3828,0.013611,No,Spanish,
3829,0.0,No,Spanish,
3830,0.0,No,Spanish,
3831,0.999996,Yes,Spanish,
3832,0.045333,No,Spanish,
3833,0.0,No,Spanish,
3834,0.999632,Yes,Spanish,
3835,6e-06,No,Spanish,
3836,0.999998,Yes,Spanish,
3837,1.0,Yes,Spanish,
3838,0.999945,Yes,Spanish,
3839,0.000956,No,Spanish,
3840,0.180161,No,Spanish,
3841,6.8e-05,No,Spanish,
3842,1.0,Yes,Spanish,
3843,1.0,Yes,Spanish,
3844,1.0,Yes,Spanish,
3845,0.0,No,Spanish,
3846,0.000392,No,Spanish,
3847,1e-06,No,Spanish,
3848,7.8e-05,No,Spanish,
3849,3e-06,No,Spanish,
3850,0.0,No,Spanish,
3851,1.0,Yes,Spanish,
3852,0.0,No,Spanish,
3853,1e-06,No,Spanish,
3854,0.999985,Yes,Spanish,
3855,0.0,No,Spanish,
3856,1.2e-05,No,Spanish,
3857,0.0,No,Spanish,
3858,0.000857,No,Spanish,
3859,0.00038,No,Spanish,
3860,3e-06,No,Spanish,
3861,1e-06,No,Spanish,
3862,1.0,Yes,Spanish,
3863,0.01912,No,Spanish,
3864,1.0,Yes,Spanish,
3865,0.999992,Yes,Spanish,
3866,0.191971,No,Spanish,
3867,0.999933,Yes,Spanish,
3868,0.975925,Yes,Spanish,
3869,3e-06,No,Spanish,
3870,0.999595,Yes,Spanish,
3871,0.0,No,Spanish,
3872,0.0,No,Spanish,
3873,0.999972,Yes,Spanish,
3874,5e-06,No,Spanish,
3875,0.999999,Yes,Spanish,
3876,0.0,No,Spanish,
3877,5e-06,No,Spanish,
3878,0.92526,Yes,Spanish,
3879,0.999886,Yes,Spanish,
3880,1.0,Yes,Spanish,
3881,0.0,No,Spanish,
3882,2e-06,No,Spanish,
3883,1.3e-05,No,Spanish,
3884,0.046681,No,Spanish,
3885,0.000617,No,Spanish,
3886,0.000156,No,Spanish,
3887,0.0,No,Spanish,
3888,0.000315,No,Spanish,
3889,1.0,Yes,Spanish,
3890,1.0,Yes,Spanish,
3891,0.999955,Yes,Spanish,
3892,0.0,No,Spanish,
3893,7.8e-05,No,Spanish,
3894,6.1e-05,No,Spanish,
3895,5e-06,No,Spanish,
3896,6e-06,No,Spanish,
3897,0.000154,No,Spanish,
3898,0.0,No,Spanish,
3899,0.0,No,Spanish,
3900,1e-06,No,Spanish,
3901,0.0,No,Spanish,
3902,0.997888,Yes,Spanish,
3903,5.3e-05,No,Spanish,
3904,0.999643,Yes,Spanish,
3905,0.999998,Yes,Spanish,
3906,0.999886,Yes,Spanish,
3907,0.0,No,Spanish,
3908,0.001286,No,Spanish,
3909,0.000191,No,Spanish,
3910,0.0,No,Spanish,
3911,9e-06,No,Spanish,
3912,0.0,No,Spanish,
3913,0.999999,Yes,Spanish,
3914,0.0,No,Spanish,
3915,8.8e-05,No,Spanish,
3916,1.0,Yes,Spanish,
3917,2.2e-05,No,Spanish,
3918,1.0,Yes,Spanish,
3919,0.999999,Yes,Spanish,
3920,0.0,No,Spanish,
3921,0.999947,Yes,Spanish,
3922,0.982794,Yes,Spanish,
3923,0.995992,Yes,Spanish,
3924,0.0,No,Spanish,
3925,5.3e-05,No,Spanish,
3926,0.0,No,Spanish,
3927,4.6e-05,No,Spanish,
3928,0.999984,Yes,Spanish,
3929,0.981176,Yes,Spanish,
3930,0.999986,Yes,Spanish,
3931,4.6e-05,No,Spanish,
3932,0.999602,Yes,Spanish,
3933,4e-06,No,Spanish,
3934,1.0,Yes,Spanish,
3935,0.999411,Yes,Spanish,
3936,0.011872,No,Spanish,
3937,0.005741,No,Spanish,
3938,0.006686,No,Spanish,
3939,0.0,No,Spanish,
3940,0.433981,No,Spanish,
3941,0.0,No,Spanish,
3942,0.0,No,Spanish,
3943,0.0,No,Spanish,
3944,1.0,Yes,Spanish,
3945,6.3e-05,No,Spanish,
3946,0.0,No,Spanish,
3947,1e-06,No,Spanish,
3948,4e-06,No,Spanish,
3949,0.999915,Yes,Spanish,
3950,0.0,No,Spanish,
3951,0.991143,Yes,Spanish,
3952,0.036782,No,Spanish,
3953,0.999997,Yes,Spanish,
3954,2e-06,No,Spanish,
3955,0.999965,Yes,Spanish,
3956,8e-06,No,Spanish,
3957,3e-06,No,Spanish,
3958,6e-06,No,Spanish,
3959,0.0,No,Spanish,
3960,3.5e-05,No,Spanish,
3961,0.997531,Yes,Spanish,
3962,0.0,No,Spanish,
3963,0.0,No,Spanish,
3964,1.0,Yes,Spanish,
3965,0.35209,No,Spanish,
3966,1e-06,No,Spanish,
3967,0.951175,Yes,Spanish,
3968,0.0,No,Spanish,
3969,9e-06,No,Spanish,
3970,5.7e-05,No,Spanish,
3971,1e-06,No,Spanish,
3972,0.000598,No,Spanish,
3973,0.018532,No,Spanish,
3974,0.999549,Yes,Spanish,
3975,0.999999,Yes,Spanish,
3976,0.0,No,Spanish,
3977,0.990572,Yes,Spanish,
3978,1e-06,No,Spanish,
3979,0.999541,Yes,Spanish,
3980,0.999999,Yes,Spanish,
3981,0.000182,No,Spanish,
3982,1.0,Yes,Spanish,
3983,0.975593,Yes,Spanish,
3984,0.982591,Yes,Spanish,
3985,0.009282,No,Spanish,
3986,0.0,No,Spanish,
3987,0.000112,No,Spanish,
3988,5e-06,No,Spanish,
3989,1.0,Yes,Spanish,
3990,1.0,Yes,Spanish,
3991,0.999949,Yes,Spanish,
3992,0.014717,No,Spanish,
3993,0.855806,Yes,Spanish,
3994,0.999999,Yes,Spanish,
3995,0.191971,No,Spanish,
3996,6.4e-05,No,Spanish,
3997,0.000106,No,Spanish,
3998,0.058322,No,Spanish,
3999,0.0,No,Spanish,
4000,0.999998,Yes,English,
4001,5e-06,No,English,
4002,0.001348,No,English,
4003,0.999992,Yes,English,
4004,6e-06,No,English,
4005,0.985957,Yes,English,
4006,4.1e-05,No,English,
4007,1.0,Yes,English,
4008,0.021288,No,English,
4009,0.00173,No,English,
4010,0.164516,No,English,
4011,4e-06,No,English,
4012,8.8e-05,No,English,
4013,0.999924,Yes,English,
4014,1.0,Yes,English,
4015,0.975593,Yes,English,
4016,0.037361,No,English,
4017,1.0,Yes,English,
4018,7e-06,No,English,
4019,0.168908,No,English,
4020,0.06953,No,English,
4021,0.12251,No,English,
4022,1.0,Yes,English,
4023,0.999999,Yes,English,
4024,0.000438,No,English,
4025,1.0,Yes,English,
4026,1e-06,No,English,
4027,0.002712,No,English,
4028,0.999411,Yes,English,
4029,1e-06,No,English,
4030,0.976298,Yes,English,
4031,0.003946,No,English,
4032,2e-05,No,English,
4033,2.2e-05,No,English,
4034,0.023702,No,English,
4035,0.88715,Yes,English,
4036,0.0,No,English,
4037,0.93047,Yes,English,
4038,0.999998,Yes,English,
4039,0.996729,Yes,English,
4040,0.005564,No,English,
4041,0.999962,Yes,English,
4042,0.00832,No,English,
4043,0.000114,No,English,
4044,0.979686,Yes,English,
4045,2e-06,No,English,
4046,0.979042,Yes,English,
4047,9.5e-05,No,English,
4048,0.998631,Yes,English,
4049,3e-06,No,English,
4050,1.8e-05,No,English,
4051,0.999999,Yes,English,
4052,0.0,No,English,
4053,0.999088,Yes,English,
4054,5.8e-05,No,English,
4055,0.997412,Yes,English,
4056,0.999527,Yes,English,
4057,3e-05,No,English,
4058,0.206954,No,English,
4059,1e-06,No,English,
4060,1.0,Yes,English,
4061,0.974019,Yes,English,
4062,0.020314,No,English,
4063,6e-06,No,English,
4064,0.009842,No,English,
4065,7e-06,No,English,
4066,0.414899,No,English,
4067,0.999999,Yes,English,
4068,0.999993,Yes,English,
4069,1.7e-05,No,English,
4070,0.993102,Yes,English,
4071,0.999383,Yes,English,
4072,0.749133,Yes,English,
4073,0.002015,No,English,
4074,0.999722,Yes,English,
4075,0.00173,No,English,
4076,0.997607,Yes,English,
4077,0.001871,No,English,
4078,0.996927,Yes,English,
4079,0.002145,No,English,
4080,0.011507,No,English,
4081,0.999994,Yes,English,
4082,0.013038,No,English,
4083,0.0,No,English,
4084,1e-06,No,English,
4085,0.974819,Yes,English,
4086,0.001033,No,English,
4087,0.531209,Yes,English,
4088,0.992424,Yes,English,
4089,0.928405,Yes,English,
4090,0.005066,No,English,
4091,1e-06,No,English,
4092,2e-06,No,English,
4093,0.002079,No,English,
4094,0.002887,No,English,
4095,2.7e-05,No,English,
4096,2e-06,No,English,
4097,0.999987,Yes,English,
4098,8e-06,No,English,
4099,0.000296,No,English,
4100,6.6e-05,No,English,
4101,0.999998,Yes,English,
4102,0.737111,Yes,English,
4103,0.941678,Yes,English,
4104,1.0,Yes,English,
4105,1e-06,No,English,
4106,0.969802,Yes,English,
4107,1.0,Yes,English,
4108,1.0,Yes,English,
4109,0.998631,Yes,English,
4110,0.000174,No,English,
4111,0.99969,Yes,English,
4112,0.0011,No,English,
4113,0.999704,Yes,English,
4114,0.787911,Yes,English,
4115,7e-06,No,English,
4116,0.000884,No,English,
4117,0.0,No,English,
4118,0.051871,No,English,
4119,0.0,No,English,
4120,0.0,No,English,
4121,0.003073,No,English,
4122,0.874091,Yes,English,
4123,5e-06,No,English,
4124,0.000817,No,English,
4125,0.994607,Yes,English,
4126,2e-06,No,English,
4127,1.0,Yes,English,
4128,0.870611,Yes,English,
4129,6e-05,No,English,
4130,4.3e-05,No,English,
4131,0.000971,No,English,
4132,0.00018,No,English,
4133,0.000817,No,English,
4134,3.1e-05,No,English,
4135,3e-05,No,English,
4136,0.191971,No,English,
4137,1.0,Yes,English,
4138,0.0,No,English,
4139,1.0,Yes,English,
4140,0.000843,No,English,
4141,0.963787,Yes,English,
4142,0.000647,No,English,
4143,0.0,No,English,
4144,0.001369,No,English,
4145,0.999997,Yes,English,
4146,0.281504,No,English,
4147,0.99733,Yes,English,
4148,0.000182,No,English,
4149,0.00173,No,English,
4150,1.0,Yes,English,
4151,8e-05,No,English,
4152,1e-06,No,English,
4153,0.000817,No,English,
4154,6e-06,No,English,
4155,0.000161,No,English,
4156,0.999999,Yes,English,
4157,0.029325,No,English,
4158,4.3e-05,No,English,
4159,0.001785,No,English,
4160,0.999709,Yes,English,
4161,0.000444,No,English,
4162,0.993719,Yes,English,
4163,0.000131,No,English,
4164,0.003824,No,English,
4165,1.2e-05,No,English,
4166,0.999996,Yes,English,
4167,0.999999,Yes,English,
4168,0.004266,No,English,
4169,0.999975,Yes,English,
4170,0.000227,No,English,
4171,0.926279,Yes,English,
4172,3.6e-05,No,English,
4173,6.1e-05,No,English,
4174,0.99999,Yes,English,
4175,1.0,Yes,English,
4176,0.999982,Yes,English,
4177,0.008064,No,English,
4178,0.00014,No,English,
4179,0.000817,No,English,
4180,0.48438,No,English,
4181,0.000147,No,English,
4182,2e-06,No,English,
4183,0.012248,No,English,
4184,1.0,Yes,English,
4185,1e-06,No,English,
4186,0.863348,Yes,English,
4187,1.8e-05,No,English,
4188,2e-06,No,English,
4189,0.972398,Yes,English,
4190,6.9e-05,No,English,
4191,1.0,Yes,English,
4192,0.999925,Yes,English,
4193,0.880797,Yes,English,
4194,2e-06,No,English,
4195,0.999911,Yes,English,
4196,1.2e-05,No,English,
4197,0.000227,No,English,
4198,2.2e-05,No,English,
4199,0.008719,No,English,
4200,1e-05,No,English,
4201,0.000203,No,English,
4202,7e-06,No,English,
4203,0.000481,No,English,
4204,7e-06,No,English,
4205,0.043342,No,English,
4206,5.2e-05,No,English,
4207,0.001117,No,English,
4208,0.812849,Yes,English,
4209,0.001551,No,English,
4210,3e-06,No,English,
4211,8e-06,No,English,
4212,1.3e-05,No,English,
4213,0.909852,Yes,English,
4214,2e-06,No,English,
4215,0.99733,Yes,English,
4216,0.0,No,English,
4217,0.999322,Yes,English,
4218,0.99962,Yes,English,
4219,0.061844,No,English,
4220,0.001758,No,English,
4221,0.985051,Yes,English,
4222,0.003593,No,English,
4223,0.997985,Yes,English,
4224,0.999999,Yes,English,
4225,0.999992,Yes,English,
4226,0.003649,No,English,
4227,7.3e-05,No,English,
4228,0.000118,No,English,
4229,0.9998,Yes,English,
4230,0.000488,No,English,
4231,6e-06,No,English,
4232,0.997752,Yes,English,
4233,0.941678,Yes,English,
4234,0.000253,No,English,
4235,1.0,Yes,English,
4236,1e-06,No,English,
4237,0.592667,Yes,English,
4238,0.006281,No,English,
4239,0.000368,No,English,
4240,4.1e-05,No,English,
4241,9e-05,No,English,
4242,0.000424,No,English,
4243,0.651355,Yes,English,
4244,0.999985,Yes,English,
4245,0.803097,Yes,English,
4246,1.0,Yes,English,
4247,0.115979,No,English,
4248,1e-06,No,English,
4249,0.009576,No,English,
4250,0.999996,Yes,English,
4251,0.997202,Yes,English,
4252,3.1e-05,No,English,
4253,0.99168,Yes,English,
4254,0.000203,No,English,
4255,0.992883,Yes,English,
4256,0.196903,No,English,
4257,2.7e-05,No,English,
4258,0.999994,Yes,English,
4259,8e-06,No,English,
4260,0.0,No,English,
4261,0.012441,No,English,
4262,0.407333,No,English,
4263,1.4e-05,No,English,
4264,0.0,No,English,
4265,2e-06,No,English,
4266,1.0,Yes,English,
4267,0.000191,No,English,
4268,1.0,Yes,English,
4269,0.955285,Yes,English,
4270,0.993719,Yes,English,
4271,0.006183,No,English,
4272,0.001208,No,English,
4273,0.000182,No,English,
4274,0.051871,No,English,
4275,0.006898,No,English,
4276,0.00193,No,English,
4277,0.999871,Yes,English,
4278,0.000451,No,English,
4279,1e-05,No,English,
4280,0.999977,Yes,English,
4281,0.999864,Yes,English,
4282,1.0,Yes,English,
4283,0.00031,No,English,
4284,0.651355,Yes,English,
4285,8.9e-05,No,English,
4286,2e-06,No,English,
4287,0.999988,Yes,English,
4288,0.078025,No,English,
4289,0.995012,Yes,English,
4290,3.8e-05,No,English,
4291,1.0,Yes,English,
4292,0.997372,Yes,English,
4293,0.067524,No,English,
4294,6e-06,No,English,
4295,0.217317,No,English,
4296,4.7e-05,No,English,
4297,0.000116,No,English,
4298,0.000123,No,English,
4299,0.003482,No,English,
4300,9e-06,No,English,
4301,0.000857,No,English,
4302,0.984087,Yes,English,
4303,1.0,Yes,English,
4304,0.005478,No,English,
4305,7.6e-05,No,English,
4306,0.847983,Yes,English,
4307,0.000431,No,English,
4308,0.003271,No,English,
4309,0.999997,Yes,English,
4310,0.995241,Yes,English,
4311,0.000242,No,English,
4312,3e-06,No,English,
4313,2e-06,No,English,
4314,0.0,No,English,
4315,0.998016,Yes,English,
4316,3.4e-05,No,English,
4317,0.001266,No,English,
4318,0.0,No,English,
4319,1e-06,No,English,
4320,1.0,Yes,English,
4321,0.0,No,English,
4322,3e-06,No,English,
4323,0.300797,No,English,
4324,1e-05,No,English,
4325,0.999985,Yes,English,
4326,2e-06,No,English,
4327,0.164516,No,English,
4328,0.974019,Yes,English,
4329,0.999812,Yes,English,
4330,1.0,Yes,English,
4331,0.0,No,English,
4332,0.006582,No,English,
4333,0.000956,No,English,
4334,4.8e-05,No,English,
4335,3e-06,No,English,
4336,2.2e-05,No,English,
4337,0.000102,No,English,
4338,0.000843,No,English,
4339,0.986756,Yes,English,
4340,0.831092,Yes,English,
4341,0.999999,Yes,English,
4342,0.999981,Yes,English,
4343,0.979042,Yes,English,
4344,0.971576,Yes,English,
4345,1.0,Yes,English,
4346,0.924086,Yes,English,
4347,0.095402,No,English,
4348,0.000607,No,English,
4349,0.046045,No,English,
4350,0.001306,No,English,
4351,0.000257,No,English,
4352,0.941678,Yes,English,
4353,0.999995,Yes,English,
4354,5e-06,No,English,
4355,0.999488,Yes,English,
4356,4.3e-05,No,English,
4357,0.867022,Yes,English,
4358,1e-06,No,English,
4359,0.0,No,English,
4360,0.040873,No,English,
4361,0.015913,No,English,
4362,0.003884,No,English,
4363,1.0,Yes,English,
4364,0.880797,Yes,English,
4365,0.963787,Yes,English,
4366,0.999871,Yes,English,
4367,0.004071,No,English,
4368,0.7773,Yes,English,
4369,0.320875,No,English,
4370,0.0,No,English,
4371,0.001901,No,English,
4372,5.3e-05,No,English,
4373,0.000194,No,English,
4374,8.2e-05,No,English,
4375,4e-06,No,English,
4376,0.966899,Yes,English,
4377,0.988312,Yes,English,
4378,0.002179,No,English,
4379,7.3e-05,No,English,
4380,0.000817,No,English,
4381,0.000699,No,English,
4382,0.407333,No,English,
4383,5.4e-05,No,English,
4384,0.977733,Yes,English,
4385,5.9e-05,No,English,
4386,0.977027,Yes,English,
4387,1e-06,No,English,
4388,0.026754,No,English,
4389,0.999888,Yes,English,
4390,0.851937,Yes,English,
4391,0.307358,No,English,
4392,7.4e-05,No,English,
4393,1.0,Yes,English,
4394,0.056638,No,English,
4395,3e-06,No,English,
4396,8e-06,No,English,
4397,0.99861,Yes,English,
4398,1.0,Yes,English,
4399,1.0,Yes,English,
4400,2e-06,No,English,
4401,0.0,No,English,
4402,0.055002,No,English,
4403,0.803097,Yes,English,
4404,0.0,No,English,
4405,0.999894,Yes,English,
4406,0.119203,No,English,
4407,0.024407,No,English,
4408,5e-06,No,English,
4409,0.001348,No,English,
4410,0.0,No,English,
4411,0.996625,Yes,English,
4412,6e-06,No,English,
4413,4e-06,No,English,
4414,0.000223,No,English,
4415,0.078025,No,English,
4416,0.037361,No,English,
4417,0.968844,Yes,English,
4418,0.998673,Yes,English,
4419,0.0,No,English,
4420,1.9e-05,No,English,
4421,0.957911,Yes,English,
4422,0.000114,No,English,
4423,0.984577,Yes,English,
4424,0.058322,No,English,
4425,0.999915,Yes,English,
4426,0.93047,Yes,English,
4427,0.991416,Yes,English,
4428,0.999995,Yes,English,
4429,0.999996,Yes,English,
4430,1.0,Yes,English,
4431,1e-06,No,English,
4432,0.015913,No,English,
4433,1.0,Yes,English,
4434,1.0,Yes,English,
4435,0.0,No,English,
4436,1.0,Yes,English,
4437,0.999998,Yes,English,
4438,0.000238,No,English,
4439,0.999994,Yes,English,
4440,1.1e-05,No,English,
4441,1.0,Yes,English,
4442,1.0,Yes,English,
4443,8e-06,No,English,
4444,3.1e-05,No,English,
4445,1e-05,No,English,
4446,0.999957,Yes,English,
4447,0.771801,Yes,English,
4448,1.0,Yes,English,
4449,0.99509,Yes,English,
4450,0.960383,Yes,English,
4451,1.3e-05,No,English,
4452,7e-06,No,English,
4453,2.8e-05,No,English,
4454,0.622459,Yes,English,
4455,3.2e-05,No,English,
4456,0.999991,Yes,English,
4457,1.5e-05,No,English,
4458,2e-06,No,English,
4459,0.999999,Yes,English,
4460,0.999429,Yes,English,
4461,0.754915,Yes,English,
4462,0.986389,Yes,English,
4463,1e-05,No,English,
4464,0.003121,No,English,
4465,0.979686,Yes,English,
4466,0.007816,No,English,
4467,0.995667,Yes,English,
4468,0.847983,Yes,English,
4469,1.4e-05,No,English,
4470,3e-05,No,English,
4471,0.000182,No,English,
4472,1.2e-05,No,English,
4473,2.7e-05,No,English,
4474,2.2e-05,No,English,
4475,0.000174,No,English,
4476,0.996235,Yes,English,
4477,0.995315,Yes,English,
4478,0.99994,Yes,English,
4479,0.999888,Yes,English,
4480,0.982591,Yes,English,
4481,0.999983,Yes,English,
4482,7.1e-05,No,English,
4483,4e-06,No,English,
4484,0.999322,Yes,English,
4485,1.0,Yes,English,
4486,0.999998,Yes,English,
4487,0.239394,No,English,
4488,2.4e-05,No,English,
4489,0.001208,No,English,
4490,0.782683,Yes,English,
4491,0.999488,Yes,English,
4492,0.699203,Yes,English,
4493,0.822118,Yes,English,
4494,1.7e-05,No,English,
4495,4e-06,No,English,
4496,1.0,Yes,English,
4497,1.0,Yes,English,
4498,1.0,Yes,English,
4499,1e-06,No,English,
4500,0.0,No,English,
4501,0.000136,No,English,
4502,0.000191,No,English,
4503,3.1e-05,No,English,
4504,0.000805,No,English,
4505,0.009138,No,English,
4506,0.737111,Yes,English,
4507,0.93047,Yes,English,
4508,7.1e-05,No,English,
4509,6e-06,No,English,
4510,0.001002,No,English,
4511,0.00083,No,English,
4512,6.4e-05,No,English,
4513,1.0,Yes,English,
4514,0.000131,No,English,
4515,0.979042,Yes,English,
4516,1e-06,No,English,
4517,0.001457,No,English,
4518,2e-06,No,English,
4519,0.004613,No,English,
4520,2e-06,No,English,
4521,1.0,Yes,English,
4522,1e-06,No,English,
4523,0.001306,No,English,
4524,0.191971,No,English,
4525,0.997752,Yes,English,
4526,8e-06,No,English,
4527,0.999954,Yes,English,
4528,0.000341,No,English,
4529,0.982591,Yes,English,
4530,0.990572,Yes,English,
4531,0.999998,Yes,English,
4532,0.000194,No,English,
4533,0.994259,Yes,English,
4534,0.999984,Yes,English,
4535,6e-06,No,English,
4536,0.000956,No,English,
4537,0.00033,No,English,
4538,0.855806,Yes,English,
4539,2e-06,No,English,
4540,3e-06,No,English,
4541,0.027602,No,English,
4542,6e-05,No,English,
4543,0.000431,No,English,
4544,1e-06,No,English,
4545,0.0,No,English,
4546,0.987559,Yes,English,
4547,0.075914,No,English,
4548,1.9e-05,No,English,
4549,0.917275,Yes,English,
4550,8.5e-05,No,English,
4551,0.987941,Yes,English,
4552,0.148063,No,English,
4553,0.966899,Yes,English,
4554,1.0,Yes,English,
4555,2.6e-05,No,English,
4556,1e-05,No,English,
4557,0.005652,No,English,
4558,0.999787,Yes,English,
4559,0.003824,No,English,
4560,0.000197,No,English,
4561,8e-06,No,English,
4562,2e-06,No,English,
4563,2e-05,No,English,
4564,0.996293,Yes,English,
4565,4e-06,No,English,
4566,7e-06,No,English,
4567,6e-06,No,English,
4568,0.705836,Yes,English,
4569,0.0,No,English,
4570,1.8e-05,No,English,
4571,0.196903,No,English,
4572,2.5e-05,No,English,
4573,0.988312,Yes,English,
4574,0.957911,Yes,English,
4575,0.098052,No,English,
4576,9.3e-05,No,English,
4577,0.0,No,English,
4578,0.87749,Yes,English,
4579,1.0,Yes,English,
4580,0.022973,No,English,
4581,0.002469,No,English,
4582,1.0,Yes,English,
4583,0.001189,No,English,
4584,0.953955,Yes,English,
4585,0.926279,Yes,English,
4586,0.002079,No,English,
4587,0.9958,Yes,English,
4588,1.0,Yes,English,
4589,2.3e-05,No,English,
4590,0.959127,Yes,English,
4591,2e-06,No,English,
4592,0.050371,No,English,
4593,0.001306,No,English,
4594,0.936318,Yes,English,
4595,0.970675,Yes,English,
4596,0.999998,Yes,English,
4597,3.9e-05,No,English,
4598,9e-06,No,English,
4599,1.9e-05,No,English,
4600,0.085028,No,English,
4601,0.035166,No,English,
4602,0.000898,No,English,
4603,0.943362,Yes,English,
4604,1.0,Yes,English,
4605,0.938156,Yes,English,
4606,3e-06,No,English,
4607,0.999994,Yes,English,
4608,0.999512,Yes,English,
4609,3.3e-05,No,English,
4610,1.0,Yes,English,
4611,3e-05,No,English,
4612,0.997372,Yes,English,
4613,1.0,Yes,English,
4614,0.000101,No,English,
4615,0.999993,Yes,English,
4616,1e-06,No,English,
4617,0.953955,Yes,English,
4618,1.0,Yes,English,
4619,0.980273,Yes,English,
4620,0.978377,Yes,English,
4621,0.99998,Yes,English,
4622,0.999992,Yes,English,
4623,3.2e-05,No,English,
4624,2e-06,No,English,
4625,0.000941,No,English,
4626,0.00648,No,English,
4627,0.941678,Yes,English,
4628,0.999996,Yes,English,
4629,3.1e-05,No,English,
4630,0.826729,Yes,English,
4631,0.086357,No,English,
4632,1.2e-05,No,English,
4633,0.997787,Yes,English,
4634,0.99978,Yes,English,
4635,5.4e-05,No,English,
4636,1e-06,No,English,
4637,0.00032,No,English,
4638,0.000374,No,English,
4639,0.99999,Yes,English,
4640,0.000438,No,English,
4641,0.88715,Yes,English,
4642,0.001551,No,English,
4643,0.992771,Yes,English,
4644,3e-06,No,English,
4645,0.999999,Yes,English,
4646,0.992424,Yes,English,
4647,0.999991,Yes,English,
4648,4e-06,No,English,
4649,1.0,Yes,English,
4650,0.000459,No,English,
4651,1e-06,No,English,
4652,0.989685,Yes,English,
4653,0.999963,Yes,English,
4654,0.275227,No,English,
4655,0.990003,Yes,English,
4656,3e-06,No,English,
4657,0.976298,Yes,English,
4658,1e-05,No,English,
4659,0.0,No,English,
4660,0.999815,Yes,English,
4661,0.003649,No,English,
4662,0.998323,Yes,English,
4663,0.771801,Yes,English,
4664,0.004613,No,English,
4665,0.000459,No,English,
4666,1.0,Yes,English,
4667,0.006183,No,English,
4668,0.998829,Yes,English,
4669,0.980273,Yes,English,
4670,8e-06,No,English,
4671,2e-06,No,English,
4672,0.000191,No,English,
4673,0.562177,Yes,English,
4674,1.0,Yes,English,
4675,1e-06,No,English,
4676,1e-06,No,English,
4677,0.960383,Yes,English,
4678,0.0,No,English,
4679,0.999994,Yes,English,
4680,0.808029,Yes,English,
4681,0.001066,No,English,
4682,1e-06,No,English,
4683,9.6e-05,No,English,
4684,0.007229,No,English,
4685,0.00058,No,English,
4686,0.007816,No,English,
4687,0.907343,Yes,English,
4688,0.904598,Yes,English,
4689,0.999831,Yes,English,
4690,0.000106,No,English,
4691,4e-06,No,English,
4692,6.1e-05,No,English,
4693,2.1e-05,No,English,
4694,0.99948,Yes,English,
4695,0.999972,Yes,English,
4696,0.000131,No,English,
4697,1.3e-05,No,English,
4698,0.0,No,English,
4699,0.569853,Yes,English,
4700,6.3e-05,No,English,
4701,1e-06,No,English,
4702,0.99997,Yes,English,
4703,0.006183,No,English,
4704,0.600188,Yes,English,
4705,0.999899,Yes,English,
4706,3e-06,No,English,
4707,3e-06,No,English,
4708,0.156073,No,English,
4709,0.001189,No,English,
4710,0.999975,Yes,English,
4711,0.743168,Yes,English,
4712,0.00087,No,English,
4713,0.936318,Yes,English,
4714,0.999997,Yes,English,
4715,0.005227,No,English,
4716,7.4e-05,No,English,
4717,1.0,Yes,English,
4718,2e-06,No,English,
4719,1e-06,No,English,
4720,0.93047,Yes,English,
4721,1.0,Yes,English,
4722,1e-05,No,English,
4723,0.000163,No,English,
4724,0.999995,Yes,English,
4725,1.0,Yes,English,
4726,0.000156,No,English,
4727,0.004135,No,English,
4728,0.000431,No,English,
4729,1e-06,No,English,
4730,1e-06,No,English,
4731,0.0,No,English,
4732,0.979686,Yes,English,
4733,1e-06,No,English,
4734,4e-06,No,English,
4735,0.0059,No,English,
4736,0.001758,No,English,
4737,1.0,Yes,English,
4738,5.9e-05,No,English,
4739,0.996625,Yes,English,
4740,6.7e-05,No,English,
4741,1e-06,No,English,
4742,6e-05,No,English,
4743,0.001871,No,English,
4744,9e-06,No,English,
4745,0.999993,Yes,English,
4746,0.61503,Yes,English,
4747,0.970675,Yes,English,
4748,0.999889,Yes,English,
4749,1e-06,No,English,
4750,0.001435,No,English,
4751,0.999991,Yes,English,
4752,0.999963,Yes,English,
4753,8e-06,No,English,
4754,0.013611,No,English,
4755,1e-06,No,English,
4756,0.928405,Yes,English,
4757,7.5e-05,No,English,
4758,1e-06,No,English,
4759,0.919661,Yes,English,
4760,4e-06,No,English,
4761,0.999981,Yes,English,
4762,0.999955,Yes,English,
4763,8.6e-05,No,English,
4764,0.037361,No,English,
4765,0.999987,Yes,English,
4766,2.4e-05,No,English,
4767,1.0,Yes,English,
4768,2e-06,No,English,
4769,0.943362,Yes,English,
4770,0.637087,Yes,English,
4771,0.999993,Yes,English,
4772,2.2e-05,No,English,
4773,0.999959,Yes,English,
4774,0.874091,Yes,English,
4775,3e-06,No,English,
4776,6e-06,No,English,
4777,0.140322,No,English,
4778,0.0,No,English,
4779,6.5e-05,No,English,
4780,1.0,Yes,English,
4781,1.1e-05,No,English,
4782,0.000792,No,English,
4783,0.000699,No,English,
4784,0.025981,No,English,
4785,1.8e-05,No,English,
4786,0.999812,Yes,English,
4787,0.0042,No,English,
4788,2e-06,No,English,
4789,0.021623,No,English,
4790,0.0,No,English,
4791,0.016939,No,English,
4792,0.004402,No,English,
4793,1e-06,No,English,
4794,0.000971,No,English,
4795,0.164516,No,English,
4796,0.991549,Yes,English,
4797,0.999267,Yes,English,
4798,1.7e-05,No,English,
4799,0.999998,Yes,English,
4800,0.00491,No,English,
4801,4.8e-05,No,English,
4802,0.00648,No,English,
4803,0.006183,No,English,
4804,0.051871,No,English,
4805,3e-05,No,English,
4806,0.0,No,English,
4807,0.000106,No,English,
4808,0.928405,Yes,English,
4809,9e-06,No,English,
4810,5e-06,No,English,
4811,0.971576,Yes,English,
4812,0.000136,No,English,
4813,0.994691,Yes,English,
4814,0.999982,Yes,English,
4815,0.0,No,English,
4816,2.7e-05,No,English,
4817,0.12251,No,English,
4818,0.870611,Yes,English,
4819,0.995387,Yes,English,
4820,3.6e-05,No,English,
4821,0.987164,Yes,English,
4822,1e-06,No,English,
4823,0.997158,Yes,English,
4824,0.000424,No,English,
4825,3e-06,No,English,
4826,0.984087,Yes,English,
4827,0.992883,Yes,English,
4828,0.973246,Yes,English,
4829,5e-06,No,English,
4830,0.119203,No,English,
4831,1.5e-05,No,English,
4832,0.585101,Yes,English,
4833,0.936318,Yes,English,
4834,2e-06,No,English,
4835,1.0,Yes,English,
4836,0.998296,Yes,English,
4837,1e-05,No,English,
4838,1.3e-05,No,English,
4839,1e-05,No,English,
4840,1.2e-05,No,English,
4841,1.1e-05,No,English,
4842,0.999429,Yes,English,
4843,0.999709,Yes,English,
4844,0.826729,Yes,English,
4845,6.3e-05,No,English,
4846,1.0,Yes,English,
4847,1.0,Yes,English,
4848,0.000647,No,English,
4849,0.999999,Yes,English,
4850,0.000398,No,English,
4851,0.000161,No,English,
4852,0.970675,Yes,English,
4853,0.002842,No,English,
4854,0.977027,Yes,English,
4855,0.999902,Yes,English,
4856,0.212089,No,English,
4857,0.000166,No,English,
4858,0.008064,No,English,
4859,1.5e-05,No,English,
4860,0.987164,Yes,English,
4861,1.0,Yes,English,
4862,4e-06,No,English,
4863,6.6e-05,No,English,
4864,0.93047,Yes,English,
4865,0.000301,No,English,
4866,1.6e-05,No,English,
4867,0.037361,No,English,
4868,0.156073,No,English,
4869,0.994934,Yes,English,
4870,1.0,Yes,English,
4871,1.2e-05,No,English,
4872,0.075914,No,English,
4873,0.999886,Yes,English,
4874,0.999996,Yes,English,
4875,0.036213,No,English,
4876,0.012441,No,English,
4877,2.2e-05,No,English,
4878,6e-06,No,English,
4879,0.000234,No,English,
4880,0.00021,No,English,
4881,0.044715,No,English,
4882,0.000265,No,English,
4883,1.7e-05,No,English,
4884,0.00491,No,English,
4885,4.9e-05,No,English,
4886,1.7e-05,No,English,
4887,6e-06,No,English,
4888,0.000261,No,English,
4889,0.085028,No,English,
4890,4.6e-05,No,English,
4891,3.8e-05,No,English,
4892,0.043342,No,English,
4893,0.000341,No,English,
4894,1e-06,No,English,
4895,0.946587,Yes,English,
4896,1.0,Yes,English,
4897,0.999982,Yes,English,
4898,2e-06,No,English,
4899,0.177882,No,English,
4900,1e-06,No,English,
4901,0.008584,No,English,
4902,0.281504,No,English,
4903,0.065575,No,English,
4904,8e-06,No,English,
4905,0.005066,No,English,
4906,0.008857,No,English,
4907,1.0,Yes,English,
4908,1.0,Yes,English,
4909,0.00012,No,English,
4910,0.988312,Yes,English,
4911,0.980273,Yes,English,
4912,0.998497,Yes,English,
4913,0.245085,No,English,
4914,2e-06,No,English,
4915,0.000131,No,English,
4916,1.0,Yes,English,
4917,2.8e-05,No,English,
4918,0.018824,No,English,
4919,1.3e-05,No,English,
4920,0.999999,Yes,English,
4921,0.004333,No,English,
4922,0.000805,No,English,
4923,2.1e-05,No,English,
4924,0.998588,Yes,English,
4925,0.056638,No,English,
4926,0.999998,Yes,English,
4927,0.999958,Yes,English,
4928,0.001208,No,English,
4929,3.1e-05,No,English,
4930,0.016418,No,English,
4931,0.033101,No,English,
4932,3.2e-05,No,English,
4933,3e-06,No,English,
4934,1.1e-05,No,English,
4935,0.999996,Yes,English,
4936,8e-06,No,English,
4937,0.991416,Yes,English,
4938,0.999991,Yes,English,
4939,0.039617,No,English,
4940,8e-06,No,English,
4941,0.993102,Yes,English,
4942,0.991143,Yes,English,
4943,0.01098,No,English,
4944,0.004333,No,English,
4945,0.000459,No,English,
4946,0.000249,No,English,
4947,0.985511,Yes,English,
4948,0.998652,Yes,English,
4949,0.000357,No,English,
4950,0.999984,Yes,English,
4951,7.7e-05,No,English,
4952,0.994691,Yes,English,
4953,0.936318,Yes,English,
4954,1.0,Yes,English,
4955,0.859678,Yes,English,
4956,0.999952,Yes,English,
4957,1.9e-05,No,English,
4958,0.033101,No,English,
4959,2.7e-05,No,English,
4960,1e-06,No,English,
4961,0.999999,Yes,English,
4962,0.0,No,English,
4963,0.607663,Yes,English,
4964,0.003375,No,English,
4965,0.99998,Yes,English,
4966,4e-06,No,English,
4967,0.0,No,English,
4968,7e-06,No,English,
4969,0.847983,Yes,English,
4970,4e-06,No,English,
4971,0.000315,No,English,
4972,0.001002,No,English,
4973,0.99827,Yes,English,
4974,0.028424,No,English,
4975,2.8e-05,No,English,
4976,0.106644,No,English,
4977,0.9984,Yes,English,
4978,0.000444,No,English,
4979,0.040873,No,English,
4980,0.999893,Yes,English,
4981,2e-06,No,English,
4982,0.000166,No,English,
4983,0.990862,Yes,English,
4984,1e-06,No,English,
4985,0.196903,No,English,
4986,0.003537,No,English,
4987,0.999927,Yes,English,
4988,2e-06,No,English,
4989,2e-06,No,English,
4990,1.7e-05,No,English,
4991,0.831092,Yes,English,
4992,1.0,Yes,English,
4993,1e-06,No,English,
4994,4.7e-05,No,English,
4995,1.0,Yes,English,
4996,0.000245,No,English,
4997,0.245085,No,English,
4998,0.000504,No,English,
4999,0.001551,No,English,
5000,0.0,No,Dutch,
5001,1.0,Yes,Dutch,
5002,0.0,No,Dutch,
5003,1.2e-05,No,Dutch,
5004,0.001033,No,Dutch,
5005,1.0,Yes,Dutch,
5006,0.0,No,Dutch,
5007,0.0,No,Dutch,
5008,0.999998,Yes,Dutch,
5009,0.0,No,Dutch,
5010,0.0,No,Dutch,
5011,0.003765,No,Dutch,
5012,0.0,No,Dutch,
5013,1e-06,No,Dutch,
5014,1.0,Yes,Dutch,
5015,0.0,No,Dutch,
5016,4e-06,No,Dutch,
5017,0.025578,No,Dutch,
5018,0.158109,No,Dutch,
5019,4e-06,No,Dutch,
5020,1e-06,No,Dutch,
5021,0.999996,Yes,Dutch,
5022,1e-06,No,Dutch,
5023,1.0,Yes,Dutch,
5024,1.0,Yes,Dutch,
5025,1.3e-05,No,Dutch,
5026,2e-06,No,Dutch,
5027,0.0,No,Dutch,
5028,1.0,Yes,Dutch,
5029,1.0,Yes,Dutch,
5030,0.0,No,Dutch,
5031,0.999908,Yes,Dutch,
5032,3.5e-05,No,Dutch,
5033,0.0,No,Dutch,
5034,0.037361,No,Dutch,
5035,3.6e-05,No,Dutch,
5036,4e-06,No,Dutch,
5037,0.000417,No,Dutch,
5038,1.0,Yes,Dutch,
5039,1e-06,No,Dutch,
5040,1.3e-05,No,Dutch,
5041,0.0,No,Dutch,
5042,1e-06,No,Dutch,
5043,9e-06,No,Dutch,
5044,1e-06,No,Dutch,
5045,0.057528,No,Dutch,
5046,0.268893,No,Dutch,
5047,1e-06,No,Dutch,
5048,1.4e-05,No,Dutch,
5049,0.000315,No,Dutch,
5050,1.0,Yes,Dutch,
5051,3.6e-05,No,Dutch,
5052,0.001153,No,Dutch,
5053,0.999999,Yes,Dutch,
5054,3e-06,No,Dutch,
5055,6e-06,No,Dutch,
5056,0.0,No,Dutch,
5057,4e-06,No,Dutch,
5058,0.0,No,Dutch,
5059,3e-06,No,Dutch,
5060,0.999977,Yes,Dutch,
5061,1e-06,No,Dutch,
5062,0.0,No,Dutch,
5063,0.987559,Yes,Dutch,
5064,0.414899,No,Dutch,
5065,0.999954,Yes,Dutch,
5066,9e-06,No,Dutch,
5067,0.0,No,Dutch,
5068,0.0,No,Dutch,
5069,0.0,No,Dutch,
5070,0.000488,No,Dutch,
5071,1.0,Yes,Dutch,
5072,0.0,No,Dutch,
5073,8e-05,No,Dutch,
5074,6.4e-05,No,Dutch,
5075,0.000138,No,Dutch,
5076,1e-06,No,Dutch,
5077,0.999998,Yes,Dutch,
5078,3.3e-05,No,Dutch,
5079,2e-06,No,Dutch,
5080,0.001901,No,Dutch,
5081,6e-06,No,Dutch,
5082,3e-06,No,Dutch,
5083,0.999994,Yes,Dutch,
5084,1.0,Yes,Dutch,
5085,0.0,No,Dutch,
5086,0.011872,No,Dutch,
5087,0.0,No,Dutch,
5088,1e-05,No,Dutch,
5089,6e-06,No,Dutch,
5090,0.00832,No,Dutch,
5091,0.0,No,Dutch,
5092,3e-06,No,Dutch,
5093,1.0,Yes,Dutch,
5094,0.007343,No,Dutch,
5095,1e-06,No,Dutch,
5096,0.0,No,Dutch,
5097,0.001626,No,Dutch,
5098,4.8e-05,No,Dutch,
5099,8e-06,No,Dutch,
5100,0.000496,No,Dutch,
5101,0.0,No,Dutch,
5102,0.0,No,Dutch,
5103,0.000217,No,Dutch,
5104,1e-06,No,Dutch,
5105,0.999998,Yes,Dutch,
5106,2e-06,No,Dutch,
5107,1.0,Yes,Dutch,
5108,0.0,No,Dutch,
5109,0.000161,No,Dutch,
5110,0.0,No,Dutch,
5111,0.0,No,Dutch,
5112,9e-06,No,Dutch,
5113,0.999999,Yes,Dutch,
5114,0.99999,Yes,Dutch,
5115,0.507812,Yes,Dutch,
5116,0.0,No,Dutch,
5117,0.0,No,Dutch,
5118,0.0,No,Dutch,
5119,0.999999,Yes,Dutch,
5120,1.0,Yes,Dutch,
5121,0.000174,No,Dutch,
5122,0.0,No,Dutch,
5123,0.0,No,Dutch,
5124,1.0,Yes,Dutch,
5125,7.8e-05,No,Dutch,
5126,7e-06,No,Dutch,
5127,0.0,No,Dutch,
5128,0.002754,No,Dutch,
5129,0.0,No,Dutch,
5130,0.999576,Yes,Dutch,
5131,0.998349,Yes,Dutch,
5132,0.0,No,Dutch,
5133,0.000245,No,Dutch,
5134,9.5e-05,No,Dutch,
5135,1e-06,No,Dutch,
5136,7e-06,No,Dutch,
5137,0.0,No,Dutch,
5138,1.0,Yes,Dutch,
5139,0.0,No,Dutch,
5140,1.0,Yes,Dutch,
5141,1e-06,No,Dutch,
5142,7.1e-05,No,Dutch,
5143,4.4e-05,No,Dutch,
5144,1.0,Yes,Dutch,
5145,0.000118,No,Dutch,
5146,2e-06,No,Dutch,
5147,5e-06,No,Dutch,
5148,0.0,No,Dutch,
5149,1.0,Yes,Dutch,
5150,0.00018,No,Dutch,
5151,0.0,No,Dutch,
5152,0.99352,Yes,Dutch,
5153,4e-06,No,Dutch,
5154,5.2e-05,No,Dutch,
5155,0.0,No,Dutch,
5156,5.2e-05,No,Dutch,
5157,0.999871,Yes,Dutch,
5158,0.0,No,Dutch,
5159,0.000657,No,Dutch,
5160,0.0,No,Dutch,
5161,4e-06,No,Dutch,
5162,0.0,No,Dutch,
5163,4e-06,No,Dutch,
5164,1e-06,No,Dutch,
5165,0.999982,Yes,Dutch,
5166,0.0,No,Dutch,
5167,0.0,No,Dutch,
5168,1.0,Yes,Dutch,
5169,0.000926,No,Dutch,
5170,8e-06,No,Dutch,
5171,3e-06,No,Dutch,
5172,0.0,No,Dutch,
5173,1.0,Yes,Dutch,
5174,3e-06,No,Dutch,
5175,0.979366,Yes,Dutch,
5176,1e-06,No,Dutch,
5177,0.0,No,Dutch,
5178,2.3e-05,No,Dutch,
5179,0.0,No,Dutch,
5180,0.999999,Yes,Dutch,
5181,1e-06,No,Dutch,
5182,1.0,Yes,Dutch,
5183,1e-06,No,Dutch,
5184,9e-05,No,Dutch,
5185,0.734215,Yes,Dutch,
5186,0.000956,No,Dutch,
5187,1e-06,No,Dutch,
5188,0.0,No,Dutch,
5189,0.023703,No,Dutch,
5190,1.9e-05,No,Dutch,
5191,1e-06,No,Dutch,
5192,0.0,No,Dutch,
5193,1.0,Yes,Dutch,
5194,0.000249,No,Dutch,
5195,1e-06,No,Dutch,
5196,0.0,No,Dutch,
5197,3e-06,No,Dutch,
5198,1.0,Yes,Dutch,
5199,1.0,Yes,Dutch,
5200,0.969801,Yes,Dutch,
5201,0.55447,Yes,Dutch,
5202,0.997372,Yes,Dutch,
5203,0.0,No,Dutch,
5204,0.874091,Yes,Dutch,
5205,0.000265,No,Dutch,
5206,0.999923,Yes,Dutch,
5207,6.9e-05,No,Dutch,
5208,1.0,Yes,Dutch,
5209,0.000444,No,Dutch,
5210,1.0,Yes,Dutch,
5211,0.0,No,Dutch,
5212,0.999985,Yes,Dutch,
5213,0.0,No,Dutch,
5214,0.00018,No,Dutch,
5215,0.0,No,Dutch,
5216,0.0,No,Dutch,
5217,0.0,No,Dutch,
5218,0.936318,Yes,Dutch,
5219,1e-06,No,Dutch,
5220,0.002887,No,Dutch,
5221,1.0,Yes,Dutch,
5222,1.0,Yes,Dutch,
5223,0.999998,Yes,Dutch,
5224,0.0,No,Dutch,
5225,0.999901,Yes,Dutch,
5226,1e-06,No,Dutch,
5227,0.0,No,Dutch,
5228,1e-06,No,Dutch,
5229,0.999999,Yes,Dutch,
5230,0.0,No,Dutch,
5231,0.00021,No,Dutch,
5232,0.731059,Yes,Dutch,
5233,1e-06,No,Dutch,
5234,0.002015,No,Dutch,
5235,0.0,No,Dutch,
5236,1.0,Yes,Dutch,
5237,0.0,No,Dutch,
5238,0.0,No,Dutch,
5239,3.6e-05,No,Dutch,
5240,1.0,Yes,Dutch,
5241,1.0,Yes,Dutch,
5242,0.903278,Yes,Dutch,
5243,1.0,Yes,Dutch,
5244,1.0,Yes,Dutch,
5245,0.245085,No,Dutch,
5246,0.019727,No,Dutch,
5247,2.3e-05,No,Dutch,
5248,0.0,No,Dutch,
5249,1.0,Yes,Dutch,
5250,6e-06,No,Dutch,
5251,1.0,Yes,Dutch,
5252,1.9e-05,No,Dutch,
5253,4e-06,No,Dutch,
5254,0.051872,No,Dutch,
5255,0.0,No,Dutch,
5256,1e-06,No,Dutch,
5257,0.001017,No,Dutch,
5258,2.2e-05,No,Dutch,
5259,0.0,No,Dutch,
5260,0.0,No,Dutch,
5261,0.0,No,Dutch,
5262,0.0,No,Dutch,
5263,2e-06,No,Dutch,
5264,7e-06,No,Dutch,
5265,3e-06,No,Dutch,
5266,1e-06,No,Dutch,
5267,1e-06,No,Dutch,
5268,0.182462,No,Dutch,
5269,1.0,Yes,Dutch,
5270,4e-06,No,Dutch,
5271,0.00031,No,Dutch,
5272,2e-06,No,Dutch,
5273,4e-06,No,Dutch,
5274,0.975208,Yes,Dutch,
5275,3.4e-05,No,Dutch,
5276,1.0,Yes,Dutch,
5277,0.538983,Yes,Dutch,
5278,1.0,Yes,Dutch,
5279,0.0,No,Dutch,
5280,1e-06,No,Dutch,
5281,0.0,No,Dutch,
5282,0.0,No,Dutch,
5283,0.0,No,Dutch,
5284,3e-06,No,Dutch,
5285,0.0,No,Dutch,
5286,1.4e-05,No,Dutch,
5287,0.998296,Yes,Dutch,
5288,8e-06,No,Dutch,
5289,0.0,No,Dutch,
5290,0.000545,No,Dutch,
5291,0.0,No,Dutch,
5292,0.0,No,Dutch,
5293,2e-06,No,Dutch,
5294,0.999998,Yes,Dutch,
5295,3e-06,No,Dutch,
5296,3e-05,No,Dutch,
5297,0.000562,No,Dutch,
5298,1.5e-05,No,Dutch,
5299,0.99469,Yes,Dutch,
5300,1.0,Yes,Dutch,
5301,3e-06,No,Dutch,
5302,0.0,No,Dutch,
5303,1.0,Yes,Dutch,
5304,1.0,Yes,Dutch,
5305,0.0,No,Dutch,
5306,0.000315,No,Dutch,
5307,0.022617,No,Dutch,
5308,0.0,No,Dutch,
5309,4.8e-05,No,Dutch,
5310,1e-06,No,Dutch,
5311,0.164533,No,Dutch,
5312,2.3e-05,No,Dutch,
5313,0.999989,Yes,Dutch,
5314,1.0,Yes,Dutch,
5315,0.0,No,Dutch,
5316,0.0,No,Dutch,
5317,4.9e-05,No,Dutch,
5318,4e-06,No,Dutch,
5319,1.2e-05,No,Dutch,
5320,1.0,Yes,Dutch,
5321,1e-06,No,Dutch,
5322,0.0,No,Dutch,
5323,2e-06,No,Dutch,
5324,7e-06,No,Dutch,
5325,0.0,No,Dutch,
5326,1.0,Yes,Dutch,
5327,3.5e-05,No,Dutch,
5328,9e-06,No,Dutch,
5329,0.0,No,Dutch,
5330,0.0,No,Dutch,
5331,0.0,No,Dutch,
5332,1e-06,No,Dutch,
5333,1.0,Yes,Dutch,
5334,4e-06,No,Dutch,
5335,3.8e-05,No,Dutch,
5336,0.0,No,Dutch,
5337,0.0,No,Dutch,
5338,0.004988,No,Dutch,
5339,0.001813,No,Dutch,
5340,0.0,No,Dutch,
5341,1e-06,No,Dutch,
5342,0.0,No,Dutch,
5343,6e-06,No,Dutch,
5344,1.0,Yes,Dutch,
5345,0.961524,Yes,Dutch,
5346,1.0,Yes,Dutch,
5347,0.004988,No,Dutch,
5348,0.874091,Yes,Dutch,
5349,0.001369,No,Dutch,
5350,0.999997,Yes,Dutch,
5351,0.0,No,Dutch,
5352,1.0,Yes,Dutch,
5353,0.0,No,Dutch,
5354,0.000843,No,Dutch,
5355,0.999998,Yes,Dutch,
5356,1.6e-05,No,Dutch,
5357,1.0,Yes,Dutch,
5358,0.999301,Yes,Dutch,
5359,8e-06,No,Dutch,
5360,0.000291,No,Dutch,
5361,0.0,No,Dutch,
5362,0.0,No,Dutch,
5363,3e-06,No,Dutch,
5364,1e-05,No,Dutch,
5365,0.006281,No,Dutch,
5366,1e-06,No,Dutch,
5367,0.00071,No,Dutch,
5368,0.0,No,Dutch,
5369,0.0,No,Dutch,
5370,0.0,No,Dutch,
5371,0.999999,Yes,Dutch,
5372,0.0,No,Dutch,
5373,2.9e-05,No,Dutch,
5374,0.0,No,Dutch,
5375,0.092672,No,Dutch,
5376,0.0,No,Dutch,
5377,0.0,No,Dutch,
5378,0.99942,Yes,Dutch,
5379,4.6e-05,No,Dutch,
5380,0.0,No,Dutch,
5381,0.999982,Yes,Dutch,
5382,0.0,No,Dutch,
5383,0.0,No,Dutch,
5384,0.0,No,Dutch,
5385,1.8e-05,No,Dutch,
5386,0.003323,No,Dutch,
5387,2e-06,No,Dutch,
5388,1.2e-05,No,Dutch,
5389,0.0,No,Dutch,
5390,0.0,No,Dutch,
5391,1e-05,No,Dutch,
5392,0.0,No,Dutch,
5393,1.0,Yes,Dutch,
5394,0.2227,No,Dutch,
5395,1e-06,No,Dutch,
5396,1e-06,No,Dutch,
5397,1.0,Yes,Dutch,
5398,3.3e-05,No,Dutch,
5399,0.998694,Yes,Dutch,
5400,1.2e-05,No,Dutch,
5401,0.0,No,Dutch,
5402,0.000138,No,Dutch,
5403,0.0,No,Dutch,
5404,0.959759,Yes,Dutch,
5405,1.0,Yes,Dutch,
5406,0.0,No,Dutch,
5407,0.002047,No,Dutch,
5408,0.0,No,Dutch,
5409,1e-05,No,Dutch,
5410,0.847936,Yes,Dutch,
5411,0.999985,Yes,Dutch,
5412,1e-06,No,Dutch,
5413,1e-06,No,Dutch,
5414,3e-06,No,Dutch,
5415,0.0,No,Dutch,
5416,9e-06,No,Dutch,
5417,0.327561,No,Dutch,
5418,0.987164,Yes,Dutch,
5419,0.998496,Yes,Dutch,
5420,5e-06,No,Dutch,
5421,1.0,Yes,Dutch,
5422,1e-06,No,Dutch,
5423,1.0,Yes,Dutch,
5424,0.0,No,Dutch,
5425,0.039618,No,Dutch,
5426,1.0,Yes,Dutch,
5427,0.0,No,Dutch,
5428,0.0,No,Dutch,
5429,0.0,No,Dutch,
5430,1.0,Yes,Dutch,
5431,1e-06,No,Dutch,
5432,0.000197,No,Dutch,
5433,5.4e-05,No,Dutch,
5434,1.0,Yes,Dutch,
5435,3e-06,No,Dutch,
5436,3e-06,No,Dutch,
5437,0.000242,No,Dutch,
5438,0.001002,No,Dutch,
5439,0.0,No,Dutch,
5440,0.999143,Yes,Dutch,
5441,0.0,No,Dutch,
5442,0.002588,No,Dutch,
5443,1e-06,No,Dutch,
5444,4e-06,No,Dutch,
5445,0.0,No,Dutch,
5446,0.0,No,Dutch,
5447,0.0,No,Dutch,
5448,0.256832,No,Dutch,
5449,1.0,Yes,Dutch,
5450,0.0,No,Dutch,
5451,3e-06,No,Dutch,
5452,1.0,Yes,Dutch,
5453,0.990157,Yes,Dutch,
5454,0.0,No,Dutch,
5455,0.998215,Yes,Dutch,
5456,2.8e-05,No,Dutch,
5457,0.001457,No,Dutch,
5458,0.0,No,Dutch,
5459,0.999999,Yes,Dutch,
5460,1.3e-05,No,Dutch,
5461,0.981468,Yes,Dutch,
5462,1.7e-05,No,Dutch,
5463,0.0,No,Dutch,
5464,0.000398,No,Dutch,
5465,1.0,Yes,Dutch,
5466,4e-06,No,Dutch,
5467,0.01912,No,Dutch,
5468,1e-06,No,Dutch,
5469,1.0,Yes,Dutch,
5470,0.0,No,Dutch,
5471,0.0,No,Dutch,
5472,7e-06,No,Dutch,
5473,0.0,No,Dutch,
5474,3.3e-05,No,Dutch,
5475,0.003025,No,Dutch,
5476,0.999985,Yes,Dutch,
5477,0.0,No,Dutch,
5478,1e-06,No,Dutch,
5479,1.8e-05,No,Dutch,
5480,0.0,No,Dutch,
5481,0.795638,Yes,Dutch,
5482,0.0,No,Dutch,
5483,4e-06,No,Dutch,
5484,0.0,No,Dutch,
5485,0.0,No,Dutch,
5486,4e-06,No,Dutch,
5487,0.0,No,Dutch,
5488,1.0,Yes,Dutch,
5489,9.2e-05,No,Dutch,
5490,1.0,Yes,Dutch,
5491,0.999812,Yes,Dutch,
5492,1.0,Yes,Dutch,
5493,0.999777,Yes,Dutch,
5494,2.6e-05,No,Dutch,
5495,0.0,No,Dutch,
5496,0.679125,Yes,Dutch,
5497,1.0,Yes,Dutch,
5498,1.0,Yes,Dutch,
5499,0.106656,No,Dutch,
5500,1e-06,No,Dutch,
5501,1.0,Yes,Dutch,
5502,1e-06,No,Dutch,
5503,0.00083,No,Dutch,
5504,0.0,No,Dutch,
5505,0.014044,No,Dutch,
5506,3.9e-05,No,Dutch,
5507,1.4e-05,No,Dutch,
5508,0.000207,No,Dutch,
5509,4e-06,No,Dutch,
5510,0.000261,No,Dutch,
5511,1e-06,No,Dutch,
5512,0.001266,No,Dutch,
5513,1e-06,No,Dutch,
5514,0.0,No,Dutch,
5515,1.0,Yes,Dutch,
5516,1.0,Yes,Dutch,
5517,4e-06,No,Dutch,
5518,1.0,Yes,Dutch,
5519,0.0,No,Dutch,
5520,0.992059,Yes,Dutch,
5521,0.0,No,Dutch,
5522,0.0,No,Dutch,
5523,0.0,No,Dutch,
5524,9.2e-05,No,Dutch,
5525,1.3e-05,No,Dutch,
5526,1e-06,No,Dutch,
5527,0.0,No,Dutch,
5528,0.998129,Yes,Dutch,
5529,0.937186,Yes,Dutch,
5530,0.0,No,Dutch,
5531,1.0,Yes,Dutch,
5532,0.002508,No,Dutch,
5533,0.0,No,Dutch,
5534,0.000315,No,Dutch,
5535,0.0,No,Dutch,
5536,0.0,No,Dutch,
5537,2e-05,No,Dutch,
5538,1e-06,No,Dutch,
5539,0.0,No,Dutch,
5540,1.0,Yes,Dutch,
5541,0.000986,No,Dutch,
5542,0.0,No,Dutch,
5543,0.0,No,Dutch,
5544,4e-06,No,Dutch,
5545,0.000817,No,Dutch,
5546,0.0,No,Dutch,
5547,1e-06,No,Dutch,
5548,0.999999,Yes,Dutch,
5549,1e-06,No,Dutch,
5550,1.0,Yes,Dutch,
5551,1.0,Yes,Dutch,
5552,0.006898,No,Dutch,
5553,0.000142,No,Dutch,
5554,0.0,No,Dutch,
5555,1.0,Yes,Dutch,
5556,3.4e-05,No,Dutch,
5557,0.55447,Yes,Dutch,
5558,0.95791,Yes,Dutch,
5559,1e-06,No,Dutch,
5560,5e-06,No,Dutch,
5561,5e-06,No,Dutch,
5562,1.0,Yes,Dutch,
5563,4e-05,No,Dutch,
5564,1.9e-05,No,Dutch,
5565,0.0,No,Dutch,
5566,0.0,No,Dutch,
5567,0.665356,Yes,Dutch,
5568,0.0,No,Dutch,
5569,2e-05,No,Dutch,
5570,0.0,No,Dutch,
5571,1e-06,No,Dutch,
5572,0.0,No,Dutch,
5573,1e-06,No,Dutch,
5574,0.000151,No,Dutch,
5575,8e-06,No,Dutch,
5576,6e-06,No,Dutch,
5577,1.0,Yes,Dutch,
5578,0.0,No,Dutch,
5579,0.0,No,Dutch,
5580,3e-06,No,Dutch,
5581,0.979042,Yes,Dutch,
5582,6e-06,No,Dutch,
5583,0.977383,Yes,Dutch,
5584,0.001651,No,Dutch,
5585,0.998193,Yes,Dutch,
5586,1.5e-05,No,Dutch,
5587,1e-06,No,Dutch,
5588,1e-06,No,Dutch,
5589,0.0,No,Dutch,
5590,2.1e-05,No,Dutch,
5591,1e-06,No,Dutch,
5592,0.001348,No,Dutch,
5593,1.0,Yes,Dutch,
5594,0.0,No,Dutch,
5595,1.0,Yes,Dutch,
5596,0.000473,No,Dutch,
5597,0.0,No,Dutch,
5598,0.028871,No,Dutch,
5599,3.2e-05,No,Dutch,
5600,2.6e-05,No,Dutch,
5601,0.0,No,Dutch,
5602,0.027983,No,Dutch,
5603,3e-06,No,Dutch,
5604,0.0,No,Dutch,
5605,0.0,No,Dutch,
5606,0.0,No,Dutch,
5607,1.0,Yes,Dutch,
5608,1.0,Yes,Dutch,
5609,0.0,No,Dutch,
5610,0.414899,No,Dutch,
5611,5.7e-05,No,Dutch,
5612,0.0,No,Dutch,
5613,1.0,Yes,Dutch,
5614,2e-06,No,Dutch,
5615,0.929492,Yes,Dutch,
5616,0.0,No,Dutch,
5617,0.01098,No,Dutch,
5618,4e-06,No,Dutch,
5619,1e-06,No,Dutch,
5620,3e-06,No,Dutch,
5621,2e-06,No,Dutch,
5622,0.0,No,Dutch,
5623,4e-06,No,Dutch,
5624,1e-06,No,Dutch,
5625,1e-06,No,Dutch,
5626,1.0,Yes,Dutch,
5627,1.0,Yes,Dutch,
5628,0.0,No,Dutch,
5629,1.0,Yes,Dutch,
5630,1e-06,No,Dutch,
5631,0.001551,No,Dutch,
5632,1.0,Yes,Dutch,
5633,0.964348,Yes,Dutch,
5634,2e-06,No,Dutch,
5635,7.3e-05,No,Dutch,
5636,8e-06,No,Dutch,
5637,0.000112,No,Dutch,
5638,1e-06,No,Dutch,
5639,1.0,Yes,Dutch,
5640,1e-06,No,Dutch,
5641,0.0,No,Dutch,
5642,0.0,No,Dutch,
5643,1.8e-05,No,Dutch,
5644,0.0,No,Dutch,
5645,1.0,Yes,Dutch,
5646,0.0,No,Dutch,
5647,1.0,Yes,Dutch,
5648,1.0,Yes,Dutch,
5649,4e-06,No,Dutch,
5650,0.999996,Yes,Dutch,
5651,0.0,No,Dutch,
5652,0.0,No,Dutch,
5653,0.0,No,Dutch,
5654,0.048161,No,Dutch,
5655,0.0,No,Dutch,
5656,0.0,No,Dutch,
5657,1e-06,No,Dutch,
5658,3.2e-05,No,Dutch,
5659,0.0,No,Dutch,
5660,0.0,No,Dutch,
5661,0.0,No,Dutch,
5662,0.0,No,Dutch,
5663,0.999999,Yes,Dutch,
5664,1.0,Yes,Dutch,
5665,2e-06,No,Dutch,
5666,0.008451,No,Dutch,
5667,1e-06,No,Dutch,
5668,0.999992,Yes,Dutch,
5669,0.0,No,Dutch,
5670,0.0,No,Dutch,
5671,1.8e-05,No,Dutch,
5672,8e-06,No,Dutch,
5673,1.0,Yes,Dutch,
5674,0.0,No,Dutch,
5675,0.000188,No,Dutch,
5676,0.010477,No,Dutch,
5677,5e-05,No,Dutch,
5678,0.0,No,Dutch,
5679,1.0,Yes,Dutch,
5680,1e-06,No,Dutch,
5681,3.5e-05,No,Dutch,
5682,0.0,No,Dutch,
5683,1.0,Yes,Dutch,
5684,0.0,No,Dutch,
5685,0.835484,Yes,Dutch,
5686,0.008191,No,Dutch,
5687,0.0,No,Dutch,
5688,0.0,No,Dutch,
5689,1.6e-05,No,Dutch,
5690,0.0,No,Dutch,
5691,6e-06,No,Dutch,
5692,0.803251,Yes,Dutch,
5693,1e-06,No,Dutch,
5694,0.0,No,Dutch,
5695,2e-06,No,Dutch,
5696,0.0,No,Dutch,
5697,0.999831,Yes,Dutch,
5698,0.0,No,Dutch,
5699,0.999988,Yes,Dutch,
5700,0.006582,No,Dutch,
5701,0.000466,No,Dutch,
5702,2e-06,No,Dutch,
5703,0.999999,Yes,Dutch,
5704,7e-06,No,Dutch,
5705,0.0,No,Dutch,
5706,0.017684,No,Dutch,
5707,4e-06,No,Dutch,
5708,0.002798,No,Dutch,
5709,0.0,No,Dutch,
5710,0.995241,Yes,Dutch,
5711,4e-06,No,Dutch,
5712,0.022267,No,Dutch,
5713,0.999999,Yes,Dutch,
5714,9.8e-05,No,Dutch,
5715,0.0,No,Dutch,
5716,1.1e-05,No,Dutch,
5717,3e-05,No,Dutch,
5718,0.0,No,Dutch,
5719,0.000166,No,Dutch,
5720,0.999998,Yes,Dutch,
5721,3.4e-05,No,Dutch,
5722,0.001984,No,Dutch,
5723,1.7e-05,No,Dutch,
5724,2e-06,No,Dutch,
5725,2.5e-05,No,Dutch,
5726,1.0,Yes,Dutch,
5727,1e-06,No,Dutch,
5728,0.000346,No,Dutch,
5729,1e-05,No,Dutch,
5730,1e-06,No,Dutch,
5731,0.0,No,Dutch,
5732,0.0,No,Dutch,
5733,5.3e-05,No,Dutch,
5734,0.999997,Yes,Dutch,
5735,6e-06,No,Dutch,
5736,0.0,No,Dutch,
5737,1.0,Yes,Dutch,
5738,5.7e-05,No,Dutch,
5739,0.0,No,Dutch,
5740,0.000352,No,Dutch,
5741,0.0,No,Dutch,
5742,2e-06,No,Dutch,
5743,1e-06,No,Dutch,
5744,0.955285,Yes,Dutch,
5745,3e-06,No,Dutch,
5746,0.999981,Yes,Dutch,
5747,0.0,No,Dutch,
5748,1.0,Yes,Dutch,
5749,0.999739,Yes,Dutch,
5750,0.991549,Yes,Dutch,
5751,1e-06,No,Dutch,
5752,5e-06,No,Dutch,
5753,0.0,No,Dutch,
5754,0.0,No,Dutch,
5755,1e-06,No,Dutch,
5756,0.0,No,Dutch,
5757,1.0,Yes,Dutch,
5758,1.0,Yes,Dutch,
5759,0.0,No,Dutch,
5760,0.026339,No,Dutch,
5761,0.999999,Yes,Dutch,
5762,0.962707,Yes,Dutch,
5763,0.0,No,Dutch,
5764,0.981176,Yes,Dutch,
5765,1e-06,No,Dutch,
5766,1e-06,No,Dutch,
5767,1.0,Yes,Dutch,
5768,2e-06,No,Dutch,
5769,0.006898,No,Dutch,
5770,1.4e-05,No,Dutch,
5771,4e-06,No,Dutch,
5772,0.0,No,Dutch,
5773,1e-06,No,Dutch,
5774,1.0,Yes,Dutch,
5775,9.5e-05,No,Dutch,
5776,0.0,No,Dutch,
5777,1e-06,No,Dutch,
5778,1.0,Yes,Dutch,
5779,1.0,Yes,Dutch,
5780,0.0,No,Dutch,
5781,0.0,No,Dutch,
5782,4e-06,No,Dutch,
5783,0.430147,No,Dutch,
5784,1.0,Yes,Dutch,
5785,1.0,Yes,Dutch,
5786,1e-06,No,Dutch,
5787,1.0,Yes,Dutch,
5788,2.4e-05,No,Dutch,
5789,2.4e-05,No,Dutch,
5790,0.0,No,Dutch,
5791,0.812849,Yes,Dutch,
5792,2e-06,No,Dutch,
5793,0.0,No,Dutch,
5794,1.1e-05,No,Dutch,
5795,0.0,No,Dutch,
5796,0.0,No,Dutch,
5797,0.904598,Yes,Dutch,
5798,0.204362,No,Dutch,
5799,0.399812,No,Dutch,
5800,1.0,Yes,Dutch,
5801,2e-06,No,Dutch,
5802,1e-06,No,Dutch,
5803,1.4e-05,No,Dutch,
5804,0.0,No,Dutch,
5805,0.0,No,Dutch,
5806,4.9e-05,No,Dutch,
5807,5e-06,No,Dutch,
5808,2.4e-05,No,Dutch,
5809,0.0,No,Dutch,
5810,0.0,No,Dutch,
5811,1.0,Yes,Dutch,
5812,2e-06,No,Dutch,
5813,0.0,No,Dutch,
5814,0.000335,No,Dutch,
5815,0.0,No,Dutch,
5816,0.001171,No,Dutch,
5817,0.021288,No,Dutch,
5818,1e-06,No,Dutch,
5819,0.000158,No,Dutch,
5820,2.4e-05,No,Dutch,
5821,1e-06,No,Dutch,
5822,0.0,No,Dutch,
5823,0.000744,No,Dutch,
5824,4.3e-05,No,Dutch,
5825,1.9e-05,No,Dutch,
5826,1e-06,No,Dutch,
5827,7.5e-05,No,Dutch,
5828,0.00021,No,Dutch,
5829,0.999994,Yes,Dutch,
5830,0.006898,No,Dutch,
5831,0.0,No,Dutch,
5832,0.000169,No,Dutch,
5833,1.0,Yes,Dutch,
5834,0.000817,No,Dutch,
5835,0.0,No,Dutch,
5836,0.000553,No,Dutch,
5837,0.83975,Yes,Dutch,
5838,0.014265,No,Dutch,
5839,0.000234,No,Dutch,
5840,0.000562,No,Dutch,
5841,0.0,No,Dutch,
5842,0.0,No,Dutch,
5843,0.99997,Yes,Dutch,
5844,0.0,No,Dutch,
5845,8.5e-05,No,Dutch,
5846,0.000335,No,Dutch,
5847,2e-05,No,Dutch,
5848,1.0,Yes,Dutch,
5849,1.0,Yes,Dutch,
5850,0.0,No,Dutch,
5851,0.0,No,Dutch,
5852,5e-06,No,Dutch,
5853,0.0,No,Dutch,
5854,0.0,No,Dutch,
5855,0.0,No,Dutch,
5856,1.0,Yes,Dutch,
5857,0.000238,No,Dutch,
5858,0.999279,Yes,Dutch,
5859,1.0,Yes,Dutch,
5860,0.0,No,Dutch,
5861,0.803251,Yes,Dutch,
5862,1e-06,No,Dutch,
5863,2e-06,No,Dutch,
5864,0.005066,No,Dutch,
5865,1e-06,No,Dutch,
5866,0.0,No,Dutch,
5867,0.569853,Yes,Dutch,
5868,0.0,No,Dutch,
5869,1e-06,No,Dutch,
5870,0.999994,Yes,Dutch,
5871,0.999998,Yes,Dutch,
5872,1.0,Yes,Dutch,
5873,1e-06,No,Dutch,
5874,5.5e-05,No,Dutch,
5875,0.0,No,Dutch,
5876,1.0,Yes,Dutch,
5877,1.4e-05,No,Dutch,
5878,0.0,No,Dutch,
5879,1.0,Yes,Dutch,
5880,1.0,Yes,Dutch,
5881,0.000411,No,Dutch,
5882,1.0,Yes,Dutch,
5883,4e-06,No,Dutch,
5884,1e-05,No,Dutch,
5885,1.0,Yes,Dutch,
5886,1e-06,No,Dutch,
5887,0.000177,No,Dutch,
5888,0.0,No,Dutch,
5889,1.0,Yes,Dutch,
5890,1e-06,No,Dutch,
5891,0.0,No,Dutch,
5892,1.0,Yes,Dutch,
5893,1.0,Yes,Dutch,
5894,0.904598,Yes,Dutch,
5895,1.0,Yes,Dutch,
5896,1.0,Yes,Dutch,
5897,0.0,No,Dutch,
5898,3.1e-05,No,Dutch,
5899,1.0,Yes,Dutch,
5900,3e-06,No,Dutch,
5901,2.8e-05,No,Dutch,
5902,2e-06,No,Dutch,
5903,0.0,No,Dutch,
5904,4.5e-05,No,Dutch,
5905,1.0,Yes,Dutch,
5906,0.0,No,Dutch,
5907,0.000104,No,Dutch,
5908,0.0,No,Dutch,
5909,0.847983,Yes,Dutch,
5910,1.0,Yes,Dutch,
5911,1e-06,No,Dutch,
5912,0.028424,No,Dutch,
5913,0.999447,Yes,Dutch,
5914,1e-06,No,Dutch,
5915,0.999996,Yes,Dutch,
5916,0.003271,No,Dutch,
5917,0.0,No,Dutch,
5918,0.0,No,Dutch,
5919,0.999996,Yes,Dutch,
5920,0.999999,Yes,Dutch,
5921,0.003121,No,Dutch,
5922,0.999998,Yes,Dutch,
5923,0.658418,Yes,Dutch,
5924,1.0,Yes,Dutch,
5925,0.0,No,Dutch,
5926,0.001758,No,Dutch,
5927,1e-06,No,Dutch,
5928,0.0,No,Dutch,
5929,0.0,No,Dutch,
5930,0.002588,No,Dutch,
5931,0.0,No,Dutch,
5932,0.00078,No,Dutch,
5933,1.0,Yes,Dutch,
5934,0.0,No,Dutch,
5935,2e-06,No,Dutch,
5936,1.0,Yes,Dutch,
5937,1e-06,No,Dutch,
5938,1.0,Yes,Dutch,
5939,0.999959,Yes,Dutch,
5940,0.0,No,Dutch,
5941,8e-06,No,Dutch,
5942,0.718496,Yes,Dutch,
5943,0.000174,No,Dutch,
5944,0.999998,Yes,Dutch,
5945,0.999999,Yes,Dutch,
5946,0.0,No,Dutch,
5947,0.0,No,Dutch,
5948,2.9e-05,No,Dutch,
5949,2e-06,No,Dutch,
5950,3e-06,No,Dutch,
5951,0.000545,No,Dutch,
5952,1.3e-05,No,Dutch,
5953,6.6e-05,No,Dutch,
5954,1e-06,No,Dutch,
5955,0.0,No,Dutch,
5956,1.2e-05,No,Dutch,
5957,0.0,No,Dutch,
5958,0.000405,No,Dutch,
5959,4.7e-05,No,Dutch,
5960,1.0,Yes,Dutch,
5961,4.5e-05,No,Dutch,
5962,0.0,No,Dutch,
5963,0.999988,Yes,Dutch,
5964,1.3e-05,No,Dutch,
5965,2.6e-05,No,Dutch,
5966,1.0,Yes,Dutch,
5967,1e-06,No,Dutch,
5968,0.0,No,Dutch,
5969,2e-06,No,Dutch,
5970,1.0,Yes,Dutch,
5971,0.004471,No,Dutch,
5972,2e-05,No,Dutch,
5973,0.999999,Yes,Dutch,
5974,1.3e-05,No,Dutch,
5975,0.000459,No,Dutch,
5976,0.999999,Yes,Dutch,
5977,1e-06,No,Dutch,
5978,0.0,No,Dutch,
5979,0.0,No,Dutch,
5980,0.999826,Yes,Dutch,
5981,0.0,No,Dutch,
5982,0.0,No,Dutch,
5983,0.0,No,Dutch,
5984,0.0,No,Dutch,
5985,1.9e-05,No,Dutch,
5986,0.0,No,Dutch,
5987,0.0,No,Dutch,
5988,0.999999,Yes,Dutch,
5989,1.0,Yes,Dutch,
5990,0.000438,No,Dutch,
5991,1.1e-05,No,Dutch,
5992,0.0,No,Dutch,
5993,1.0,Yes,Dutch,
5994,0.0,No,Dutch,
5995,0.999936,Yes,Dutch,
5996,1e-06,No,Dutch,
5997,1e-06,No,Dutch,
5998,1.0,Yes,Dutch,
5999,1e-06,No,Dutch,
6000,1.0,Yes,Dutch,
6001,3.1e-05,No,Dutch,
6002,0.000473,No,Dutch,
6003,0.002015,No,Dutch,
6004,0.083923,No,Dutch,
6005,3e-06,No,Dutch,
6006,2.8e-05,No,Dutch,
6007,0.999998,Yes,Dutch,
6008,2.1e-05,No,Dutch,
6009,0.995169,Yes,Dutch,
6010,1.0,Yes,Dutch,
6011,1e-06,No,Dutch,
6012,0.999978,Yes,Dutch,
6013,2e-06,No,Dutch,
6014,1.0,Yes,Dutch,
6015,0.99998,Yes,Dutch,
6016,0.00232,No,Dutch,
6017,1.0,Yes,Dutch,
6018,0.0,No,Dutch,
6019,0.999999,Yes,Dutch,
6020,1e-06,No,Dutch,
6021,0.999911,Yes,Dutch,
6022,0.029327,No,Dutch,
6023,1.0,Yes,Dutch,
6024,5.7e-05,No,Dutch,
6025,3.4e-05,No,Dutch,
6026,0.999993,Yes,Dutch,
6027,0.0,No,Dutch,
6028,1e-06,No,Dutch,
6029,0.0,No,Dutch,
6030,1.0,Yes,Dutch,
6031,0.0011,No,Dutch,
6032,0.893292,Yes,Dutch,
6033,7e-06,No,Dutch,
6034,0.007817,No,Dutch,
6035,0.000817,No,Dutch,
6036,0.000357,No,Dutch,
6037,1e-06,No,Dutch,
6038,3e-06,No,Dutch,
6039,4e-06,No,Dutch,
6040,0.000291,No,Dutch,
6041,0.04669,No,Dutch,
6042,4e-06,No,Dutch,
6043,2e-05,No,Dutch,
6044,0.950402,Yes,Dutch,
6045,1.6e-05,No,Dutch,
6046,0.531209,Yes,Dutch,
6047,0.746185,Yes,Dutch,
6048,1.0,Yes,Dutch,
6049,3e-06,No,Dutch,
6050,0.000138,No,Dutch,
6051,0.999999,Yes,Dutch,
6052,0.000102,No,Dutch,
6053,0.0,No,Dutch,
6054,1.0,Yes,Dutch,
6055,0.000138,No,Dutch,
6056,0.000142,No,Dutch,
6057,7.7e-05,No,Dutch,
6058,1.0,Yes,Dutch,
6059,0.999713,Yes,Dutch,
6060,0.000129,No,Dutch,
6061,0.0,No,Dutch,
6062,1.8e-05,No,Dutch,
6063,6.2e-05,No,Dutch,
6064,2.4e-05,No,Dutch,
6065,0.000768,No,Dutch,
6066,0.967903,Yes,Dutch,
6067,8.9e-05,No,Dutch,
6068,0.000341,No,Dutch,
6069,0.999555,Yes,Dutch,
6070,2e-06,No,Dutch,
6071,1.1e-05,No,Dutch,
6072,0.013827,No,Dutch,
6073,1.0,Yes,Dutch,
6074,0.000481,No,Dutch,
6075,0.00022,No,Dutch,
6076,1.0,Yes,Dutch,
6077,1e-06,No,Dutch,
6078,0.999974,Yes,Dutch,
6079,2e-06,No,Dutch,
6080,3e-06,No,Dutch,
6081,0.23926,No,Dutch,
6082,0.912422,Yes,Dutch,
6083,0.000156,No,Dutch,
6084,0.0,No,Dutch,
6085,1.0,Yes,Dutch,
6086,1.0,Yes,Dutch,
6087,1.0,Yes,Dutch,
6088,0.007343,No,Dutch,
6089,0.000111,No,Dutch,
6090,0.000156,No,Dutch,
6091,0.000617,No,Dutch,
6092,1.0,Yes,Dutch,
6093,1.0,Yes,Dutch,
6094,0.000405,No,Dutch,
6095,0.956622,Yes,Dutch,
6096,0.999971,Yes,Dutch,
6097,1e-06,No,Dutch,
6098,1e-06,No,Dutch,
6099,0.000368,No,Dutch,
6100,0.000481,No,Dutch,
6101,0.000466,No,Dutch,
6102,0.001117,No,Dutch,
6103,0.0,No,Dutch,
6104,2.8e-05,No,Dutch,
6105,0.740174,Yes,Dutch,
6106,4.8e-05,No,Dutch,
6107,0.995314,Yes,Dutch,
6108,2e-06,No,Dutch,
6109,0.010477,No,Dutch,
6110,0.396068,No,Dutch,
6111,1e-06,No,Dutch,
6112,0.209449,No,Dutch,
6113,0.0,No,Dutch,
6114,0.004911,No,Dutch,
6115,1.0,Yes,Dutch,
6116,0.0,No,Dutch,
6117,1.0,Yes,Dutch,
6118,0.003885,No,Dutch,
6119,8e-06,No,Dutch,
6120,0.000174,No,Dutch,
6121,1.0,Yes,Dutch,
6122,2e-06,No,Dutch,
6123,1.0,Yes,Dutch,
6124,0.051069,No,Dutch,
6125,0.000125,No,Dutch,
6126,0.000123,No,Dutch,
6127,1.0,Yes,Dutch,
6128,0.000473,No,Dutch,
6129,1.0,Yes,Dutch,
6130,0.999985,Yes,Dutch,
6131,4.5e-05,No,Dutch,
6132,0.033568,No,Dutch,
6133,1.5e-05,No,Dutch,
6134,0.999995,Yes,Dutch,
6135,2e-06,No,Dutch,
6136,3.9e-05,No,Dutch,
6137,9.5e-05,No,Dutch,
6138,0.968366,Yes,Dutch,
6139,1e-06,No,Dutch,
6140,2.8e-05,No,Dutch,
6141,9e-06,No,Dutch,
6142,0.00027,No,Dutch,
6143,3.9e-05,No,Dutch,
6144,2.3e-05,No,Dutch,
6145,0.999999,Yes,Dutch,
6146,1e-06,No,Dutch,
6147,0.000418,No,Dutch,
6148,5.5e-05,No,Dutch,
6149,0.99999,Yes,Dutch,
6150,0.999996,Yes,Dutch,
6151,1.0,Yes,Dutch,
6152,0.000217,No,Dutch,
6153,1.1e-05,No,Dutch,
6154,3.8e-05,No,Dutch,
6155,0.00012,No,Dutch,
6156,4e-06,No,Dutch,
6157,3e-06,No,Dutch,
6158,0.999983,Yes,Dutch,
6159,1.0,Yes,Dutch,
6160,0.985691,Yes,Dutch,
6161,4.6e-05,No,Dutch,
6162,0.999726,Yes,Dutch,
6163,1e-06,No,Dutch,
6164,0.001786,No,Dutch,
6165,4.9e-05,No,Dutch,
6166,0.00027,No,Dutch,
6167,0.00022,No,Dutch,
6168,6e-06,No,Dutch,
6169,0.392337,No,Dutch,
6170,0.008999,No,Dutch,
6171,0.000315,No,Dutch,
6172,4e-06,No,Dutch,
6173,0.0,No,Dutch,
6174,1.3e-05,No,Dutch,
6175,3e-05,No,Dutch,
6176,4e-06,No,Dutch,
6177,0.069546,No,Dutch,
6178,0.0,No,Dutch,
6179,1.0,Yes,Dutch,
6180,0.000315,No,Dutch,
6181,0.999998,Yes,Dutch,
6182,0.000138,No,Dutch,
6183,0.986792,Yes,Dutch,
6184,0.017685,No,Dutch,
6185,0.001017,No,Dutch,
6186,2e-06,No,Dutch,
6187,0.999998,Yes,Dutch,
6188,0.999996,Yes,Dutch,
6189,0.001901,No,Dutch,
6190,0.00476,No,Dutch,
6191,0.0,No,Dutch,
6192,0.00173,No,Dutch,
6193,1e-06,No,Dutch,
6194,0.001576,No,Dutch,
6195,0.993719,Yes,Dutch,
6196,0.998404,Yes,Dutch,
6197,4e-06,No,Dutch,
6198,0.999999,Yes,Dutch,
6199,0.000274,No,Dutch,
6200,0.000481,No,Dutch,
6201,4e-06,No,Dutch,
6202,0.021289,No,Dutch,
6203,0.999914,Yes,Dutch,
6204,0.002887,No,Dutch,
6205,4.9e-05,No,Dutch,
6206,0.000123,No,Dutch,
6207,2e-06,No,Dutch,
6208,0.008455,No,Dutch,
6209,3e-06,No,Dutch,
6210,1e-05,No,Dutch,
6211,8e-06,No,Dutch,
6212,0.002799,No,Dutch,
6213,7e-06,No,Dutch,
6214,0.000149,No,Dutch,
6215,0.000118,No,Dutch,
6216,1.6e-05,No,Dutch,
6217,1e-06,No,Dutch,
6218,4.3e-05,No,Dutch,
6219,2e-06,No,Dutch,
6220,7.8e-05,No,Dutch,
6221,0.000278,No,Dutch,
6222,1.0,Yes,Dutch,
6223,7e-06,No,Dutch,
6224,3.8e-05,No,Dutch,
6225,0.140351,No,Dutch,
6226,0.999998,Yes,Dutch,
6227,0.000688,No,Dutch,
6228,0.0,No,Dutch,
6229,0.000405,No,Dutch,
6230,1e-06,No,Dutch,
6231,2e-05,No,Dutch,
6232,0.010643,No,Dutch,
6233,1.0,Yes,Dutch,
6234,1e-06,No,Dutch,
6235,1.9e-05,No,Dutch,
6236,8e-05,No,Dutch,
6237,1e-06,No,Dutch,
6238,1e-06,No,Dutch,
6239,3e-06,No,Dutch,
6240,1e-06,No,Dutch,
6241,1.0,Yes,Dutch,
6242,1.0,Yes,Dutch,
6243,9e-06,No,Dutch,
6244,0.003225,No,Dutch,
6245,1.4e-05,No,Dutch,
6246,0.001576,No,Dutch,
6247,1.0,Yes,Dutch,
6248,3.9e-05,No,Dutch,
6249,1e-06,No,Dutch,
6250,0.985492,Yes,Dutch,
6251,3e-06,No,Dutch,
6252,1.0,Yes,Dutch,
6253,1e-06,No,Dutch,
6254,0.000149,No,Dutch,
6255,0.025583,No,Dutch,
6256,2e-06,No,Dutch,
6257,0.999955,Yes,Dutch,
6258,1.0,Yes,Dutch,
6259,6.1e-05,No,Dutch,
6260,2.3e-05,No,Dutch,
6261,1.3e-05,No,Dutch,
6262,1.5e-05,No,Dutch,
6263,0.000607,No,Dutch,
6264,0.005227,No,Dutch,
6265,0.000282,No,Dutch,
6266,3e-06,No,Dutch,
6267,0.003121,No,Dutch,
6268,0.388676,No,Dutch,
6269,1e-06,No,Dutch,
6270,3e-06,No,Dutch,
6271,3e-06,No,Dutch,
6272,0.004008,No,Dutch,
6273,3e-06,No,Dutch,
6274,0.000282,No,Dutch,
6275,5.7e-05,No,Dutch,
6276,0.000733,No,Dutch,
6277,0.0,No,Dutch,
6278,1.9e-05,No,Dutch,
6279,0.067554,No,Dutch,
6280,1.0,Yes,Dutch,
6281,0.0,No,Dutch,
6282,1.0,Yes,Dutch,
6283,0.000305,No,Dutch,
6284,1.0,Yes,Dutch,
6285,0.009139,No,Dutch,
6286,1.0,Yes,Dutch,
6287,2e-06,No,Dutch,
6288,4.1e-05,No,Dutch,
6289,1e-06,No,Dutch,
6290,0.989514,Yes,Dutch,
6291,0.000398,No,Dutch,
6292,0.000112,No,Dutch,
6293,0.999793,Yes,Dutch,
6294,6e-06,No,Dutch,
6295,0.00872,No,Dutch,
6296,0.000504,No,Dutch,
6297,0.000261,No,Dutch,
6298,1e-06,No,Dutch,
6299,3.5e-05,No,Dutch,
6300,1.4e-05,No,Dutch,
6301,4e-06,No,Dutch,
6302,9.3e-05,No,Dutch,
6303,1e-06,No,Dutch,
6304,1.3e-05,No,Dutch,
6305,0.991145,Yes,Dutch,
6306,0.999999,Yes,Dutch,
6307,0.999999,Yes,Dutch,
6308,1.0,Yes,Dutch,
6309,4.5e-05,No,Dutch,
6310,1.0,Yes,Dutch,
6311,1.0,Yes,Dutch,
6312,0.999968,Yes,Dutch,
6313,4e-06,No,Dutch,
6314,1e-06,No,Dutch,
6315,0.008858,No,Dutch,
6316,1.0,Yes,Dutch,
6317,1.0,Yes,Dutch,
6318,0.000121,No,Dutch,
6319,0.999511,Yes,Dutch,
6320,1.5e-05,No,Dutch,
6321,0.000627,No,Dutch,
6322,1e-06,No,Dutch,
6323,0.0,No,Dutch,
6324,1e-06,No,Dutch,
6325,0.998248,Yes,Dutch,
6326,0.000335,No,Dutch,
6327,0.999313,Yes,Dutch,
6328,0.010158,No,Dutch,
6329,0.003946,No,Dutch,
6330,7e-06,No,Dutch,
6331,0.00038,No,Dutch,
6332,0.000129,No,Dutch,
6333,7.8e-05,No,Dutch,
6334,2.1e-05,No,Dutch,
6335,1e-06,No,Dutch,
6336,2e-06,No,Dutch,
6337,0.997157,Yes,Dutch,
6338,0.265928,No,Dutch,
6339,0.004266,No,Dutch,
6340,0.999981,Yes,Dutch,
6341,1.0,Yes,Dutch,
6342,0.0,No,Dutch,
6343,1.4e-05,No,Dutch,
6344,3e-06,No,Dutch,
6345,0.131215,No,Dutch,
6346,0.999915,Yes,Dutch,
6347,0.0,No,Dutch,
6348,0.003884,No,Dutch,
6349,1.0,Yes,Dutch,
6350,1.0,Yes,Dutch,
6351,2.7e-05,No,Dutch,
6352,1.0,Yes,Dutch,
6353,2.4e-05,No,Dutch,
6354,1e-05,No,Dutch,
6355,1.0,Yes,Dutch,
6356,0.000504,No,Dutch,
6357,0.007343,No,Dutch,
6358,2e-06,No,Dutch,
6359,2e-06,No,Dutch,
6360,0.018246,No,Dutch,
6361,2.2e-05,No,Dutch,
6362,3e-06,No,Dutch,
6363,2e-06,No,Dutch,
6364,4e-06,No,Dutch,
6365,0.011689,No,Dutch,
6366,0.0,No,Dutch,
6367,8e-06,No,Dutch,
6368,1.1e-05,No,Dutch,
6369,0.000265,No,Dutch,
6370,0.000346,No,Dutch,
6371,1e-06,No,Dutch,
6372,1e-06,No,Dutch,
6373,2e-06,No,Dutch,
6374,7e-06,No,Dutch,
6375,0.999998,Yes,Dutch,
6376,0.999015,Yes,Dutch,
6377,1.0,Yes,Dutch,
6378,0.002393,No,Dutch,
6379,4e-06,No,Dutch,
6380,0.0,No,Dutch,
6381,0.000598,No,Dutch,
6382,0.000104,No,Dutch,
6383,0.0,No,Dutch,
6384,0.983055,Yes,Dutch,
6385,1e-06,No,Dutch,
6386,0.000608,No,Dutch,
6387,0.0,No,Dutch,
6388,0.0,No,Dutch,
6389,0.0,No,Dutch,
6390,1e-06,No,Dutch,
6391,1.0,Yes,Dutch,
6392,1.0,Yes,Dutch,
6393,1e-06,No,Dutch,
6394,2.7e-05,No,Dutch,
6395,0.000123,No,Dutch,
6396,1e-06,No,Dutch,
6397,0.999999,Yes,Dutch,
6398,0.000127,No,Dutch,
6399,3.5e-05,No,Dutch,
6400,6e-06,No,Dutch,
6401,1.9e-05,No,Dutch,
6402,2.2e-05,No,Dutch,
6403,8.5e-05,No,Dutch,
6404,1.0,Yes,Dutch,
6405,0.995863,Yes,Dutch,
6406,0.000733,No,Dutch,
6407,5e-06,No,Dutch,
6408,1.6e-05,No,Dutch,
6409,2e-06,No,Dutch,
6410,1e-06,No,Dutch,
6411,0.999992,Yes,Dutch,
6412,0.999999,Yes,Dutch,
6413,0.017208,No,Dutch,
6414,0.000607,No,Dutch,
6415,2.3e-05,No,Dutch,
6416,1.0,Yes,Dutch,
6417,0.896268,Yes,Dutch,
6418,0.000107,No,Dutch,
6419,0.001457,No,Dutch,
6420,1.7e-05,No,Dutch,
6421,0.146133,No,Dutch,
6422,0.00038,No,Dutch,
6423,4.6e-05,No,Dutch,
6424,4e-06,No,Dutch,
6425,0.000466,No,Dutch,
6426,0.000941,No,Dutch,
6427,0.0,No,Dutch,
6428,2.4e-05,No,Dutch,
6429,5e-06,No,Dutch,
6430,1.0,Yes,Dutch,
6431,0.000213,No,Dutch,
6432,0.000374,No,Dutch,
6433,1e-06,No,Dutch,
6434,4e-06,No,Dutch,
6435,0.002284,No,Dutch,
6436,1.0,Yes,Dutch,
6437,2.6e-05,No,Dutch,
6438,0.000589,No,Dutch,
6439,0.001033,No,Dutch,
6440,1e-06,No,Dutch,
6441,7e-06,No,Dutch,
6442,0.0,No,Dutch,
6443,1.3e-05,No,Dutch,
6444,8e-06,No,Dutch,
6445,6e-06,No,Dutch,
6446,5.7e-05,No,Dutch,
6447,0.999978,Yes,Dutch,
6448,1e-06,No,Dutch,
6449,0.000163,No,Dutch,
6450,0.0,No,Dutch,
6451,2e-06,No,Dutch,
6452,1.0,Yes,Dutch,
6453,1.0,Yes,Dutch,
6454,1.0,Yes,Dutch,
6455,0.000109,No,Dutch,
6456,0.999996,Yes,Dutch,
6457,0.999998,Yes,Dutch,
6458,2e-06,No,Dutch,
6459,1e-06,No,Dutch,
6460,1.0,Yes,Dutch,
6461,0.00032,No,Dutch,
6462,1.5e-05,No,Dutch,
6463,0.001208,No,Dutch,
6464,0.999582,Yes,Dutch,
6465,0.0,No,Dutch,
6466,0.999998,Yes,Dutch,
6467,0.000352,No,Dutch,
6468,1.0,Yes,Dutch,
6469,0.016164,No,Dutch,
6470,1e-06,No,Dutch,
6471,1e-06,No,Dutch,
6472,0.0,No,Dutch,
6473,0.250959,No,Dutch,
6474,0.000107,No,Dutch,
6475,0.000335,No,Dutch,
6476,1e-06,No,Dutch,
6477,5.8e-05,No,Dutch,
6478,0.000238,No,Dutch,
6479,0.0,No,Dutch,
6480,9.5e-05,No,Dutch,
6481,0.000174,No,Dutch,
6482,1.0,Yes,Dutch,
6483,2.6e-05,No,Dutch,
6484,0.002016,No,Dutch,
6485,0.999997,Yes,Dutch,
6486,1e-06,No,Dutch,
6487,1.1e-05,No,Dutch,
6488,1.0,Yes,Dutch,
6489,0.000473,No,Dutch,
6490,1e-06,No,Dutch,
6491,1e-05,No,Dutch,
6492,0.00969,No,Dutch,
6493,7.7e-05,No,Dutch,
6494,1.4e-05,No,Dutch,
6495,1.5e-05,No,Dutch,
6496,3.4e-05,No,Dutch,
6497,1.0,Yes,Dutch,
6498,3e-06,No,Dutch,
6499,2e-06,No,Dutch,
6500,0.060066,No,Dutch,
6501,0.999993,Yes,Dutch,
6502,0.999999,Yes,Dutch,
6503,7e-06,No,Dutch,
6504,2e-06,No,Dutch,
6505,9e-06,No,Dutch,
6506,0.002588,No,Dutch,
6507,0.004759,No,Dutch,
6508,1e-06,No,Dutch,
6509,1.8e-05,No,Dutch,
6510,0.000744,No,Dutch,
6511,5e-06,No,Dutch,
6512,2e-06,No,Dutch,
6513,0.003271,No,Dutch,
6514,1e-06,No,Dutch,
6515,0.012249,No,Dutch,
6516,5e-06,No,Dutch,
6517,0.001153,No,Dutch,
6518,8e-06,No,Dutch,
6519,0.00038,No,Dutch,
6520,1e-06,No,Dutch,
6521,0.051087,No,Dutch,
6522,3.3e-05,No,Dutch,
6523,0.001227,No,Dutch,
6524,0.8758,Yes,Dutch,
6525,1e-06,No,Dutch,
6526,5e-06,No,Dutch,
6527,0.001752,No,Dutch,
6528,1.0,Yes,Dutch,
6529,0.004542,No,Dutch,
6530,0.0,No,Dutch,
6531,0.000154,No,Dutch,
6532,1.0,Yes,Dutch,
6533,0.001842,No,Dutch,
6534,0.00014,No,Dutch,
6535,6e-06,No,Dutch,
6536,0.001153,No,Dutch,
6537,1e-06,No,Dutch,
6538,1e-06,No,Dutch,
6539,0.999998,Yes,Dutch,
6540,2.5e-05,No,Dutch,
6541,0.001189,No,Dutch,
6542,0.0,No,Dutch,
6543,0.999751,Yes,Dutch,
6544,1.0,Yes,Dutch,
6545,1e-06,No,Dutch,
6546,0.99988,Yes,Dutch,
6547,1e-05,No,Dutch,
6548,1.2e-05,No,Dutch,
6549,0.999999,Yes,Dutch,
6550,0.142217,No,Dutch,
6551,1.0,Yes,Dutch,
6552,0.999836,Yes,Dutch,
6553,8e-06,No,Dutch,
6554,0.0,No,Dutch,
6555,1.0,Yes,Dutch,
6556,0.042089,No,Dutch,
6557,0.000171,No,Dutch,
6558,0.0,No,Dutch,
6559,0.0,No,Dutch,
6560,0.000481,No,Dutch,
6561,1e-06,No,Dutch,
6562,0.002798,No,Dutch,
6563,5.8e-05,No,Dutch,
6564,1.0,Yes,Dutch,
6565,1e-06,No,Dutch,
6566,1.0,Yes,Dutch,
6567,0.004008,No,Dutch,
6568,5.4e-05,No,Dutch,
6569,0.998043,Yes,Dutch,
6570,1.0,Yes,Dutch,
6571,1e-06,No,Dutch,
6572,0.003025,No,Dutch,
6573,0.001953,No,Dutch,
6574,0.999973,Yes,Dutch,
6575,3e-06,No,Dutch,
6576,0.003649,No,Dutch,
6577,1.0,Yes,Dutch,
6578,3e-06,No,Dutch,
6579,0.000481,No,Dutch,
6580,1.0,Yes,Dutch,
6581,0.000142,No,Dutch,
6582,0.803135,Yes,Dutch,
6583,1e-05,No,Dutch,
6584,2e-06,No,Dutch,
6585,0.00021,No,Dutch,
6586,0.005478,No,Dutch,
6587,0.01225,No,Dutch,
6588,0.001391,No,Dutch,
6589,1e-06,No,Dutch,
6590,1.2e-05,No,Dutch,
6591,2e-06,No,Dutch,
6592,4e-06,No,Dutch,
6593,1e-06,No,Dutch,
6594,1e-06,No,Dutch,
6595,1.0,Yes,Dutch,
6596,0.996921,Yes,Dutch,
6597,2e-06,No,Dutch,
6598,1e-06,No,Dutch,
6599,0.00033,No,Dutch,
6600,0.917363,Yes,Dutch,
6601,0.0,No,Dutch,
6602,0.000971,No,Dutch,
6603,0.0,No,Dutch,
6604,1e-06,No,Dutch,
6605,1.0,Yes,Dutch,
6606,0.001677,No,Dutch,
6607,0.810479,Yes,Dutch,
6608,1e-06,No,Dutch,
6609,1.0,Yes,Dutch,
6610,0.414899,No,Dutch,
6611,1.0,Yes,Dutch,
6612,1.0,Yes,Dutch,
6613,6e-06,No,Dutch,
6614,0.999846,Yes,Dutch,
6615,0.000768,No,Dutch,
6616,0.000667,No,Dutch,
6617,0.997246,Yes,Dutch,
6618,0.005993,No,Dutch,
6619,2e-06,No,Dutch,
6620,0.0,No,Dutch,
6621,0.002248,No,Dutch,
6622,0.000598,No,Dutch,
6623,1.3e-05,No,Dutch,
6624,1e-06,No,Dutch,
6625,0.000227,No,Dutch,
6626,0.995991,Yes,Dutch,
6627,1e-06,No,Dutch,
6628,1e-06,No,Dutch,
6629,0.015668,No,Dutch,
6630,0.999734,Yes,Dutch,
6631,5e-06,No,Dutch,
6632,2e-05,No,Dutch,
6633,5.1e-05,No,Dutch,
6634,0.998403,Yes,Dutch,
6635,2e-06,No,Dutch,
6636,0.000488,No,Dutch,
6637,7e-06,No,Dutch,
6638,1e-06,No,Dutch,
6639,5.4e-05,No,Dutch,
6640,1.3e-05,No,Dutch,
6641,0.999972,Yes,Dutch,
6642,1.0,Yes,Dutch,
6643,0.999754,Yes,Dutch,
6644,8e-06,No,Dutch,
6645,5e-06,No,Dutch,
6646,1e-06,No,Dutch,
6647,3e-06,No,Dutch,
6648,0.999182,Yes,Dutch,
6649,1.9e-05,No,Dutch,
6650,1.0,Yes,Dutch,
6651,1.0,Yes,Dutch,
6652,0.99509,Yes,Dutch,
6653,5.4e-05,No,Dutch,
6654,1.0,Yes,Dutch,
6655,0.000857,No,Dutch,
6656,9.5e-05,No,Dutch,
6657,0.0,No,Dutch,
6658,0.081483,No,Dutch,
6659,1e-06,No,Dutch,
6660,0.002712,No,Dutch,
6661,1e-06,No,Dutch,
6662,0.999999,Yes,Dutch,
6663,3e-06,No,Dutch,
6664,0.000607,No,Dutch,
6665,8.5e-05,No,Dutch,
6666,0.002628,No,Dutch,
6667,0.000257,No,Dutch,
6668,0.000956,No,Dutch,
6669,1e-06,No,Dutch,
6670,4.7e-05,No,Dutch,
6671,0.002356,No,Dutch,
6672,1e-06,No,Dutch,
6673,0.080366,No,Dutch,
6674,4e-06,No,Dutch,
6675,0.007119,No,Dutch,
6676,0.000185,No,Dutch,
6677,0.000392,No,Dutch,
6678,0.999997,Yes,Dutch,
6679,4e-06,No,Dutch,
6680,3e-06,No,Dutch,
6681,1e-05,No,Dutch,
6682,8.1e-05,No,Dutch,
6683,1.1e-05,No,Dutch,
6684,4e-06,No,Dutch,
6685,0.999973,Yes,Dutch,
6686,0.004613,No,Dutch,
6687,0.119113,No,Dutch,
6688,4.8e-05,No,Dutch,
6689,0.000325,No,Dutch,
6690,0.011331,No,Dutch,
6691,0.013454,No,Dutch,
6692,0.001651,No,Dutch,
6693,0.304093,No,Dutch,
6694,7e-06,No,Dutch,
6695,0.00087,No,Dutch,
6696,2e-06,No,Dutch,
6697,8e-05,No,Dutch,
6698,0.002145,No,Dutch,
6699,1e-06,No,Dutch,
6700,1.3e-05,No,Dutch,
6701,0.0011,No,Dutch,
6702,0.065605,No,Dutch,
6703,5e-06,No,Dutch,
6704,0.000245,No,Dutch,
6705,1.5e-05,No,Dutch,
6706,5.4e-05,No,Dutch,
6707,0.000104,No,Dutch,
6708,3.2e-05,No,Dutch,
6709,2e-06,No,Dutch,
6710,4e-06,No,Dutch,
6711,1.0,Yes,Dutch,
6712,6e-06,No,Dutch,
6713,0.999896,Yes,Dutch,
6714,1.0,Yes,Dutch,
6715,0.00033,No,Dutch,
6716,0.000598,No,Dutch,
6717,1e-06,No,Dutch,
6718,5e-06,No,Dutch,
6719,0.071534,No,Dutch,
6720,0.001457,No,Dutch,
6721,1e-06,No,Dutch,
6722,4e-06,No,Dutch,
6723,4e-06,No,Dutch,
6724,0.022623,No,Dutch,
6725,1.0,Yes,Dutch,
6726,0.999956,Yes,Dutch,
6727,0.995455,Yes,Dutch,
6728,0.000722,No,Dutch,
6729,1e-06,No,Dutch,
6730,0.999637,Yes,Dutch,
6731,1.0,Yes,Dutch,
6732,0.000217,No,Dutch,
6733,0.999457,Yes,Dutch,
6734,0.999912,Yes,Dutch,
6735,7.4e-05,No,Dutch,
6736,0.000207,No,Dutch,
6737,1.0,Yes,Dutch,
6738,8e-06,No,Dutch,
6739,9e-06,No,Dutch,
6740,0.999363,Yes,Dutch,
6741,0.909862,Yes,Dutch,
6742,1.3e-05,No,Dutch,
6743,1e-06,No,Dutch,
6744,7.7e-05,No,Dutch,
6745,1.0,Yes,Dutch,
6746,0.0,No,Dutch,
6747,8e-06,No,Dutch,
6748,1e-06,No,Dutch,
6749,0.999394,Yes,Dutch,
6750,0.999995,Yes,Dutch,
6751,1e-06,No,Dutch,
6752,1e-06,No,Dutch,
6753,7.4e-05,No,Dutch,
6754,0.000335,No,Dutch,
6755,2e-06,No,Dutch,
6756,0.000792,No,Dutch,
6757,1.1e-05,No,Dutch,
6758,0.457137,No,Dutch,
6759,1.0,Yes,Dutch,
6760,1e-06,No,Dutch,
6761,9.2e-05,No,Dutch,
6762,5.4e-05,No,Dutch,
6763,0.000217,No,Dutch,
6764,0.09677,No,Dutch,
6765,0.000357,No,Dutch,
6766,0.012443,No,Dutch,
6767,0.0,No,Dutch,
6768,0.000156,No,Dutch,
6769,1e-06,No,Dutch,
6770,0.945023,Yes,Dutch,
6771,0.001306,No,Dutch,
6772,1e-06,No,Dutch,
6773,1.2e-05,No,Dutch,
6774,9.9e-05,No,Dutch,
6775,0.012444,No,Dutch,
6776,1e-06,No,Dutch,
6777,1.0,Yes,Dutch,
6778,1.0,Yes,Dutch,
6779,0.999828,Yes,Dutch,
6780,2e-06,No,Dutch,
6781,0.00038,No,Dutch,
6782,2e-06,No,Dutch,
6783,0.002588,No,Dutch,
6784,1.0,Yes,Dutch,
6785,6e-06,No,Dutch,
6786,1e-06,No,Dutch,
6787,2e-06,No,Dutch,
6788,0.001153,No,Dutch,
6789,0.000744,No,Dutch,
6790,0.999986,Yes,Dutch,
6791,8.5e-05,No,Dutch,
6792,1.0,Yes,Dutch,
6793,0.001002,No,Dutch,
6794,0.0,No,Dutch,
6795,0.004334,No,Dutch,
6796,0.76908,Yes,Dutch,
6797,2e-06,No,Dutch,
6798,7e-06,No,Dutch,
6799,1.0,Yes,Dutch,
6800,5e-06,No,Dutch,
6801,0.000138,No,Dutch,
6802,3e-06,No,Dutch,
6803,1e-06,No,Dutch,
6804,0.000138,No,Dutch,
6805,0.0,No,Dutch,
6806,0.000129,No,Dutch,
6807,0.009429,No,Dutch,
6808,8e-06,No,Dutch,
6809,0.00083,No,Dutch,
6810,0.000392,No,Dutch,
6811,0.010014,No,Dutch,
6812,2.9e-05,No,Dutch,
6813,2e-05,No,Dutch,
6814,3.2e-05,No,Dutch,
6815,2e-06,No,Dutch,
6816,0.000473,No,Dutch,
6817,0.999925,Yes,Dutch,
6818,0.001626,No,Dutch,
6819,0.000341,No,Dutch,
6820,0.028881,No,Dutch,
6821,0.997157,Yes,Dutch,
6822,0.002469,No,Dutch,
6823,2e-06,No,Dutch,
6824,1e-06,No,Dutch,
6825,0.015188,No,Dutch,
6826,0.002979,No,Dutch,
6827,0.000528,No,Dutch,
6828,4e-06,No,Dutch,
6829,0.999998,Yes,Dutch,
6830,3e-06,No,Dutch,
6831,0.000418,No,Dutch,
6832,6.6e-05,No,Dutch,
6833,1.0,Yes,Dutch,
6834,1.0,Yes,Dutch,
6835,0.001576,No,Dutch,
6836,0.61878,Yes,Dutch,
6837,7.1e-05,No,Dutch,
6838,1e-06,No,Dutch,
6839,1.0,Yes,Dutch,
6840,0.001527,No,Dutch,
6841,1.0,Yes,Dutch,
6842,0.999989,Yes,Dutch,
6843,0.000528,No,Dutch,
6844,0.000104,No,Dutch,
6845,0.000278,No,Dutch,
6846,0.000466,No,Dutch,
6847,0.000101,No,Dutch,
6848,7e-05,No,Dutch,
6849,1.0,Yes,Dutch,
6850,0.002079,No,Dutch,
6851,0.001327,No,Dutch,
6852,0.0,No,Dutch,
6853,3.5e-05,No,Dutch,
6854,1.0,Yes,Dutch,
6855,0.04742,No,Dutch,
6856,4e-06,No,Dutch,
6857,1e-06,No,Dutch,
6858,0.847921,Yes,Dutch,
6859,3.4e-05,No,Dutch,
6860,1.3e-05,No,Dutch,
6861,1.6e-05,No,Dutch,
6862,1.0,Yes,Dutch,
6863,0.414899,No,Dutch,
6864,0.002145,No,Dutch,
6865,4e-06,No,Dutch,
6866,8e-06,No,Dutch,
6867,8e-06,No,Dutch,
6868,0.0,No,Dutch,
6869,1.0,Yes,Dutch,
6870,1e-06,No,Dutch,
6871,0.000818,No,Dutch,
6872,0.005993,No,Dutch,
6873,0.0,No,Dutch,
6874,5.1e-05,No,Dutch,
6875,0.999915,Yes,Dutch,
6876,2e-06,No,Dutch,
6877,0.999999,Yes,Dutch,
6878,0.0,No,Dutch,
6879,0.999891,Yes,Dutch,
6880,0.999938,Yes,Dutch,
6881,8.8e-05,No,Dutch,
6882,1.9e-05,No,Dutch,
6883,0.000721,No,Dutch,
6884,0.997239,Yes,Dutch,
6885,0.00013,No,Dutch,
6886,0.001208,No,Dutch,
6887,3e-05,No,Dutch,
6888,0.000768,No,Dutch,
6889,0.002213,No,Dutch,
6890,0.000424,No,Dutch,
6891,1e-06,No,Dutch,
6892,4.6e-05,No,Dutch,
6893,0.001499,No,Dutch,
6894,1e-06,No,Dutch,
6895,0.999029,Yes,Dutch,
6896,1.0,Yes,Dutch,
6897,0.997371,Yes,Dutch,
6898,0.0,No,Dutch,
6899,4e-06,No,Dutch,
6900,0.675711,Yes,Dutch,
6901,0.001626,No,Dutch,
6902,0.999998,Yes,Dutch,
6903,1e-06,No,Dutch,
6904,2.1e-05,No,Dutch,
6905,4.3e-05,No,Dutch,
6906,0.095413,No,Dutch,
6907,0.003708,No,Dutch,
6908,0.005227,No,Dutch,
6909,1.0,Yes,Dutch,
6910,1.0,Yes,Dutch,
6911,7.4e-05,No,Dutch,
6912,1.6e-05,No,Dutch,
6913,0.000104,No,Dutch,
6914,2.2e-05,No,Dutch,
6915,0.002508,No,Dutch,
6916,0.206834,No,Dutch,
6917,1.0,Yes,Dutch,
6918,0.998565,Yes,Dutch,
6919,2.6e-05,No,Dutch,
6920,5e-06,No,Dutch,
6921,9.2e-05,No,Dutch,
6922,0.010156,No,Dutch,
6923,1.0,Yes,Dutch,
6924,0.025581,No,Dutch,
6925,0.998101,Yes,Dutch,
6926,0.000647,No,Dutch,
6927,0.999963,Yes,Dutch,
6928,0.030681,No,Dutch,
6929,0.0,No,Dutch,
6930,0.001391,No,Dutch,
6931,0.999988,Yes,Dutch,
6932,0.008721,No,Dutch,
6933,4e-06,No,Dutch,
6934,1.0,Yes,Dutch,
6935,2e-06,No,Dutch,
6936,0.000242,No,Dutch,
6937,1e-06,No,Dutch,
6938,1e-06,No,Dutch,
6939,0.021626,No,Dutch,
6940,0.008857,No,Dutch,
6941,1.0,Yes,Dutch,
6942,0.001527,No,Dutch,
6943,0.087593,No,Dutch,
6944,0.1242,No,Dutch,
6945,3.8e-05,No,Dutch,
6946,0.000227,No,Dutch,
6947,0.001171,No,Dutch,
6948,1.5e-05,No,Dutch,
6949,1.0,Yes,Dutch,
6950,0.999911,Yes,Dutch,
6951,1e-06,No,Dutch,
6952,0.001189,No,Dutch,
6953,3e-06,No,Dutch,
6954,0.022269,No,Dutch,
6955,0.824515,Yes,Dutch,
6956,0.0,No,Dutch,
6957,0.0,No,Dutch,
6958,0.031593,No,Dutch,
6959,0.822225,Yes,Dutch,
6960,1.6e-05,No,Dutch,
6961,0.699152,Yes,Dutch,
6962,1.1e-05,No,Dutch,
6963,0.0,No,Dutch,
6964,0.999899,Yes,Dutch,
6965,9.8e-05,No,Dutch,
6966,6e-06,No,Dutch,
6967,0.980877,Yes,Dutch,
6968,1.3e-05,No,Dutch,
6969,0.000444,No,Dutch,
6970,0.0,No,Dutch,
6971,0.997853,Yes,Dutch,
6972,0.001153,No,Dutch,
6973,0.0,No,Dutch,
6974,0.999999,Yes,Dutch,
6975,0.002145,No,Dutch,
6976,6e-06,No,Dutch,
6977,1e-06,No,Dutch,
6978,2.2e-05,No,Dutch,
6979,0.958535,Yes,Dutch,
6980,0.010982,No,Dutch,
6981,1e-06,No,Dutch,
6982,2.7e-05,No,Dutch,
6983,0.010478,No,Dutch,
6984,2e-06,No,Dutch,
6985,1.4e-05,No,Dutch,
6986,0.999998,Yes,Dutch,
6987,0.000217,No,Dutch,
6988,4.7e-05,No,Dutch,
6989,2e-06,No,Dutch,
6990,1e-06,No,Dutch,
6991,0.000106,No,Dutch,
6992,3e-06,No,Dutch,
6993,0.008192,No,Dutch,
6994,1.0,Yes,Dutch,
6995,0.000231,No,Dutch,
6996,0.062822,No,Dutch,
6997,0.999998,Yes,Dutch,
6998,0.003537,No,Dutch,
6999,1e-06,No,Dutch,
