id,score,token,language,error
171592,0.445530,No,Danish,
163013,0.633410,Yes,Danish,
184695,0.103749,No,Danish,
31804,0.272025,No,Danish,
164252,0.294215,No,Danish,
156303,0.752013,Ja,Danish,
2687,0.053403,No,Danish,
28351,0.079210,No,Danish,
23669,0.005060,No,Danish,
37252,0.132964,No,Danish,
37627,0.108189,No,Danish,
177792,0.281406,No,Danish,
173640,0.359364,No,Danish,
34652,0.002845,No,Danish,
37271,0.046034,No,Danish,
170262,0.060975,No,Danish,
182787,0.025179,No,Danish,
48925,0.136608,No,Danish,
50334,0.061876,No,Danish,
37304,0.230920,No,Danish,
8859,0.268941,No,Danish,
36840,0.334589,No,Danish,
36113,0.573678,Yes,Danish,
152985,0.265880,No,Danish,
60315,0.069542,No,Danish,
42795,0.294215,No,Danish,
27838,0.014957,No,Danish,
34968,0.092688,No,Danish,
53148,0.132964,No,Danish,
168018,0.464902,No,Danish,
43890,0.009860,No,Danish,
47410,0.175538,No,Danish,
163232,0.199308,No,Danish,
169835,0.070560,No,Danish,
175387,0.359364,No,Danish,
49535,0.029760,No,Danish,
150934,0.256832,No,Danish,
36337,0.021948,No,Danish,
162057,0.384912,No,Danish,
176119,0.018264,No,Danish,
29795,0.100879,No,Danish,
64144,0.049589,No,Danish,
46604,0.449393,No,Danish,
37722,0.327668,No,Danish,
40456,0.008316,No,Danish,
169335,0.020964,No,Danish,
22549,0.075858,No,Danish,
32022,0.005555,No,Danish,
54360,0.247987,No,Danish,
150457,0.092688,No,Danish,
169988,0.096706,No,Danish,
8974,0.177811,No,Danish,
423,0.338077,No,Danish,
47545,0.134776,No,Danish,
169711,0.164516,No,Danish,
61209,0.166675,No,Danish,
64899,0.140336,No,Danish,
159977,0.345105,No,Danish,
6184,0.373876,No,Danish,
176830,0.214691,No,Danish,
183927,0.175538,No,Danish,
172782,0.338077,No,Danish,
66061,0.012432,No,Danish,
18713,0.042722,No,Danish,
51879,0.106691,No,Danish,
8658,0.028871,No,Danish,
29430,0.086323,No,Danish,
37659,0.055823,No,Danish,
59027,0.154058,No,Danish,
25175,0.094010,No,Danish,
22584,0.024054,No,Danish,
36673,0.032101,No,Danish,
31201,0.008316,No,Danish,
178403,0.362969,No,Danish,
34879,0.449393,No,Danish,
173267,0.023331,No,Danish,
11387,0.164516,No,Danish,
152684,0.086323,No,Danish,
185715,0.009708,No,Danish,
48613,0.437823,No,Danish,
10135,0.030676,No,Danish,
3972,0.247987,No,Danish,
149830,0.096706,No,Danish,
18609,0.108189,No,Danish,
23751,0.191933,No,Danish,
2821,0.041462,No,Danish,
159908,0.059210,No,Danish,
28254,0.042088,No,Danish,
146821,0.117572,No,Danish,
152699,0.278257,No,Danish,
167383,0.187133,No,Danish,
5469,0.068537,No,Danish,
183692,0.120853,No,Danish,
166864,0.201813,No,Danish,
178207,0.075858,No,Danish,
177386,0.050331,No,Danish,
35999,0.131173,No,Danish,
42764,0.496094,No,Danish,
66266,0.433981,No,Danish,
59764,0.112795,No,Danish,
6206,0.103749,No,Danish,
50228,0.127653,No,Danish,
49533,0.024798,No,Danish,
188256,0.366590,No,Danish,
177438,0.206894,No,Danish,
3487,0.284576,No,Danish,
18747,0.043366,No,Danish,
40495,0.004265,No,Danish,
10791,0.445530,No,Danish,
154041,0.362969,No,Danish,
174039,0.046725,No,Danish,
170191,0.287768,No,Danish,
2419,0.492188,No,Danish,
24661,0.212069,No,Danish,
182889,0.345105,No,Danish,
46872,0.217338,No,Danish,
53873,0.204342,No,Danish,
152053,0.307358,No,Danish,
3326,0.550607,Yes,Danish,
46204,0.054199,No,Danish,
157715,0.414899,No,Danish,
175742,0.384912,No,Danish,
56578,0.081520,No,Danish,
167515,0.102305,No,Danish,
183971,0.152032,No,Danish,
181639,0.090093,No,Danish,
149036,0.233706,No,Danish,
160627,0.334589,No,Danish,
60581,0.039639,No,Danish,
9701,0.236516,No,Danish,
153552,0.573678,Yes,Danish,
4760,0.146087,No,Danish,
136790,0.160266,No,Danish,
26537,0.064653,No,Danish,
11096,0.010987,No,Danish,
37864,0.065605,No,Danish,
186737,0.476580,No,Danish,
148432,0.300746,No,Danish,
181181,0.242206,No,Danish,
179667,0.245085,No,Danish,
46055,0.129403,No,Danish,
12020,0.094010,No,Danish,
45924,0.426322,No,Danish,
21962,0.072637,No,Danish,
66292,0.370225,No,Danish,
156124,0.433981,No,Danish,
185771,0.272025,No,Danish,
33310,0.173288,No,Danish,
156088,0.433981,No,Danish,
155054,0.098079,No,Danish,
26724,0.278257,No,Danish,
47156,0.138462,No,Danish,
59755,0.366590,No,Danish,
45553,0.020964,No,Danish,
180961,0.045353,No,Danish,
59762,0.103749,No,Danish,
22574,0.488283,No,Danish,
47513,0.081520,No,Danish,
151815,0.082697,No,Danish,
19946,0.262842,No,Danish,
54891,0.220007,No,Danish,
31807,0.120853,No,Danish,
38429,0.050331,No,Danish,
44248,0.086323,No,Danish,
169550,0.492188,No,Danish,
41512,0.131173,No,Danish,
24436,0.117572,No,Danish,
166948,0.182426,No,Danish,
45776,0.294215,No,Danish,
157756,0.046725,No,Danish,
178431,0.050331,No,Danish,
165939,0.162380,No,Danish,
36194,0.445530,No,Danish,
19153,0.199308,No,Danish,
66361,0.070560,No,Danish,
168806,0.164516,No,Danish,
184473,0.245085,No,Danish,
7495,0.546738,Yes,Danish,
22415,0.392337,No,Danish,
21013,0.217338,No,Danish,
153462,0.050331,No,Danish,
46754,0.131173,No,Danish,
183455,0.184768,No,Danish,
186738,0.032590,No,Danish,
16121,0.236516,No,Danish,
155530,0.284576,No,Danish,
11807,0.028008,No,Danish,
165959,0.242206,No,Danish,
4047,0.082697,No,Danish,
158828,0.043366,No,Danish,
154853,0.156105,No,Danish,
155539,0.362969,No,Danish,
26521,0.991153,Yes,Danish,
54588,0.373876,No,Danish,
169971,0.127653,No,Danish,
152221,0.053403,No,Danish,
153437,0.228157,No,Danish,
33132,0.117572,No,Danish,
618,0.453262,No,Danish,
4531,0.577495,Yes,Danish,
154202,0.072637,No,Danish,
44779,0.016403,No,Danish,
169626,0.492188,No,Danish,
30536,0.222700,No,Danish,
46094,0.338077,No,Danish,
181727,0.189521,No,Danish,
8920,0.156105,No,Danish,
170234,0.262842,No,Danish,
6025,0.146087,No,Danish,
57055,0.117572,No,Danish,
64617,0.071591,No,Danish,
163299,0.381220,No,Danish,
147695,0.173288,No,Danish,
175735,0.204342,No,Danish,
153380,0.228157,No,Danish,
162613,0.088820,No,Danish,
153525,0.076961,No,Danish,
176932,0.201813,No,Danish,
148982,0.028008,No,Danish,
61299,0.331120,No,Danish,
34336,0.327668,No,Danish,
39564,0.763484,Yes,Danish,
19282,0.106691,No,Danish,
149218,0.075858,No,Danish,
175193,0.480479,No,Danish,
180967,0.355775,No,Danish,
179344,0.111241,No,Danish,
146969,0.206894,No,Danish,
182752,0.005730,No,Danish,
163382,0.284576,No,Danish,
47379,0.124213,No,Danish,
58987,0.284576,No,Danish,
183108,0.007346,No,Danish,
52532,0.098079,No,Danish,
24290,0.622459,Yes,Danish,
57774,0.070560,No,Danish,
49613,0.384912,No,Danish,
45822,0.418697,No,Danish,
48787,0.290981,No,Danish,
151108,0.212069,No,Danish,
45385,0.191933,No,Danish,
46572,0.294215,No,Danish,
48634,0.304042,No,Danish,
178753,0.362969,No,Danish,
27923,0.044681,No,Danish,
150833,0.259826,No,Danish,
165766,0.300746,No,Danish,
55943,0.449393,No,Danish,
3726,0.184768,No,Danish,
792,0.063715,No,Danish,
35564,0.284576,No,Danish,
50675,0.480479,No,Danish,
170716,0.242206,No,Danish,
57045,0.177811,No,Danish,
4801,0.320821,No,Danish,
157506,0.209470,No,Danish,
43962,0.114369,No,Danish,
59483,0.150029,No,Danish,
158262,0.262842,No,Danish,
50510,0.054199,No,Danish,
164173,0.018547,No,Danish,
44625,0.453262,No,Danish,
44930,0.217338,No,Danish,
2548,0.033590,No,Danish,
173440,0.067547,No,Danish,
176445,0.140336,No,Danish,
58589,0.013428,No,Danish,
5931,0.242206,No,Danish,
61391,0.338077,No,Danish,
5765,0.010014,No,Danish,
165656,0.043366,No,Danish,
23012,0.086323,No,Danish,
159110,0.111241,No,Danish,
61592,0.245085,No,Danish,
42955,0.038466,No,Danish,
35148,0.016153,No,Danish,
26049,0.449393,No,Danish,
48635,0.304042,No,Danish,
63743,0.307358,No,Danish,
45993,0.290981,No,Danish,
181545,0.016403,No,Danish,
55245,0.515620,Yes,Danish,
63635,0.160266,No,Danish,
23718,0.173288,No,Danish,
5536,0.175538,No,Danish,
51327,0.168857,No,Danish,
10233,0.177811,No,Danish,
188197,0.148047,No,Danish,
55782,0.488283,No,Danish,
170630,0.644225,Yes,Danish,
64682,0.136608,No,Danish,
151634,0.196826,No,Danish,
166444,0.108189,No,Danish,
149795,0.030676,No,Danish,
171267,0.033590,No,Danish,
166535,0.484380,No,Danish,
55003,0.146087,No,Danish,
20968,0.166675,No,Danish,
30750,0.441673,No,Danish,
153158,0.256832,No,Danish,
53961,0.242206,No,Danish,
153127,0.131173,No,Danish,
56886,0.212069,No,Danish,
11160,0.005730,No,Danish,
15301,0.061876,No,Danish,
20892,0.233706,No,Danish,
19114,0.064653,No,Danish,
58602,0.124213,No,Danish,
41176,0.023689,No,Danish,
170778,0.024798,No,Danish,
19587,0.052619,No,Danish,
48708,0.008847,No,Danish,
32179,0.079210,No,Danish,
183845,0.388618,No,Danish,
16757,0.531209,Yes,Danish,
38242,0.018547,No,Danish,
54381,0.352202,No,Danish,
151744,0.056652,No,Danish,
169840,0.338077,No,Danish,
187179,0.122523,No,Danish,
32939,0.052619,No,Danish,
200385,0.381220,No,Danish,
178263,0.314051,No,Danish,
150215,0.124213,No,Danish,
168060,0.222700,No,Danish,
151956,0.297470,No,Danish,
164244,0.314051,No,Danish,
22107,0.399812,No,Danish,
24106,0.032590,No,Danish,
155293,0.129403,No,Danish,
156094,0.217338,No,Danish,
175098,0.164516,No,Danish,
54427,0.046725,No,Danish,
15219,0.718594,Yes,Danish,
26050,0.042088,No,Danish,
65967,0.102305,No,Danish,
164704,0.025565,No,Danish,
38286,0.180107,No,Danish,
153556,0.132964,No,Danish,
152348,0.250913,No,Danish,
154708,0.403567,No,Danish,
179035,0.304042,No,Danish,
154571,0.284576,No,Danish,
4580,0.399812,No,Danish,
182532,0.352202,No,Danish,
165137,0.019124,No,Danish,
44526,0.214691,No,Danish,
7039,0.199308,No,Danish,
52384,0.131173,No,Danish,
157445,0.281406,No,Danish,
152744,0.150029,No,Danish,
63902,0.253861,No,Danish,
164687,0.345105,No,Danish,
149129,0.217338,No,Danish,
18461,0.080357,No,Danish,
147676,0.085099,No,Danish,
35766,0.129403,No,Danish,
171929,0.039048,No,Danish,
6834,0.102305,No,Danish,
34957,0.011158,No,Danish,
37931,0.182426,No,Danish,
9150,0.453262,No,Danish,
45794,0.740174,Yes,Danish,
42730,0.324235,No,Danish,
6095,0.403567,No,Danish,
65154,0.070560,No,Danish,
178619,0.119203,No,Danish,
184942,0.125923,No,Danish,
23411,0.036769,No,Danish,
164128,0.067547,No,Danish,
155558,0.222700,No,Danish,
167044,0.173288,No,Danish,
9676,0.022977,No,Danish,
171866,0.047426,No,Danish,
25694,0.196826,No,Danish,
178142,0.150029,No,Danish,
136823,0.060975,No,Danish,
10525,0.388618,No,Danish,
11751,0.194368,No,Danish,
39808,0.048858,No,Danish,
147203,0.058346,No,Danish,
6895,0.150029,No,Danish,
161403,0.275130,No,Danish,
158005,0.212069,No,Danish,
184882,0.569853,Yes,Danish,
39124,0.411111,No,Danish,
184581,0.051083,No,Danish,
181695,0.175538,No,Danish,
57244,0.212069,No,Danish,
14884,0.106691,No,Danish,
64908,0.066569,No,Danish,
150628,0.206894,No,Danish,
164293,0.064653,No,Danish,
51928,0.062789,No,Danish,
11868,0.114369,No,Danish,
59962,0.079210,No,Danish,
49304,0.180107,No,Danish,
52428,0.136608,No,Danish,
170153,0.166675,No,Danish,
36117,0.236516,No,Danish,
173804,0.051845,No,Danish,
59846,0.362969,No,Danish,
160436,0.515620,Yes,Danish,
63680,0.028008,No,Danish,
12129,0.055005,No,Danish,
63957,0.001782,No,Danish,
37426,0.030215,No,Danish,
46853,0.009559,No,Danish,
159209,0.294215,No,Danish,
48301,0.081520,No,Danish,
180282,0.120853,No,Danish,
149779,0.071591,No,Danish,
59843,0.384912,No,Danish,
149790,0.377541,No,Danish,
24188,0.042088,No,Danish,
161025,0.268941,No,Danish,
7611,0.480479,No,Danish,
158974,0.492188,No,Danish,
65379,0.100879,No,Danish,
168177,0.180107,No,Danish,
160589,0.044681,No,Danish,
166319,0.021287,No,Danish,
156825,0.106691,No,Danish,
158827,0.199308,No,Danish,
185819,0.142232,No,Danish,
10174,0.256832,No,Danish,
65171,0.088820,No,Danish,
162755,0.558327,Yes,Danish,
173643,0.048858,No,Danish,
18090,0.855851,Yes,Danish,
66276,0.294215,No,Danish,
161645,0.281406,No,Danish,
47634,0.472683,No,Danish,
19500,0.127653,No,Danish,
23317,0.284576,No,Danish,
53013,0.132964,No,Danish,
62019,0.187133,No,Danish,
17446,0.014282,No,Danish,
57906,0.069542,No,Danish,
165294,0.119203,No,Danish,
177973,0.073696,No,Danish,
36949,0.068537,No,Danish,
171467,0.066569,No,Danish,
16699,0.025565,No,Danish,
173817,0.212069,No,Danish,
46607,0.008316,No,Danish,
3946,0.048858,No,Danish,
52060,0.204342,No,Danish,
35783,0.355775,No,Danish,
186323,0.338077,No,Danish,
12104,0.037327,No,Danish,
19560,0.422505,No,Danish,
5519,0.049589,No,Danish,
177369,0.136608,No,Danish,
55715,0.109706,No,Danish,
62674,0.381220,No,Danish,
1276,0.046725,No,Danish,
174062,0.091382,No,Danish,
61572,0.063715,No,Danish,
46762,0.359364,No,Danish,
152343,0.204342,No,Danish,
172988,0.411111,No,Danish,
49004,0.542863,Yes,Danish,
34296,0.004982,No,Danish,
4916,0.036769,No,Danish,
57333,0.087564,No,Danish,
8716,0.085099,No,Danish,
52251,0.040846,No,Danish,
161543,0.403567,No,Danish,
1238,0.078078,No,Danish,
171895,0.373876,No,Danish,
64146,0.021287,No,Danish,
23140,0.272025,No,Danish,
151139,0.300746,No,Danish,
65298,0.611382,Yes,Danish,
20155,0.233706,No,Danish,
34184,0.407333,No,Danish,
175237,0.106691,No,Danish,
25738,0.082697,No,Danish,
32501,0.085099,No,Danish,
136758,0.204342,No,Danish,
171651,0.182426,No,Danish,
2469,0.108189,No,Danish,
61675,0.247987,No,Danish,
40199,0.256832,No,Danish,
3188,0.013020,No,Danish,
17928,0.236516,No,Danish,
176269,0.154058,No,Danish,
52570,0.352202,No,Danish,
39899,0.105211,No,Danish,
27655,0.411111,No,Danish,
173151,0.124213,No,Danish,
9240,0.034100,No,Danish,
51407,0.114369,No,Danish,
20869,0.152032,No,Danish,
15228,0.187133,No,Danish,
55970,0.835484,Ja,Danish,
157947,0.082697,No,Danish,
24879,0.004070,No,Danish,
28530,0.005469,No,Danish,
31957,0.001573,No,Danish,
166860,0.262842,No,Danish,
60855,0.209470,No,Danish,
150022,0.437823,No,Danish,
7898,0.334589,No,Danish,
45757,0.278257,No,Danish,
167178,0.146087,No,Danish,
155911,0.060087,No,Danish,
185903,0.396068,No,Danish,
34354,0.018264,No,Danish,
171392,0.162380,No,Danish,
162486,0.142232,No,Danish,
160437,0.222700,No,Danish,
22794,0.152032,No,Danish,
54651,0.171061,No,Danish,
27375,0.082697,No,Danish,
30348,0.046034,No,Danish,
179636,0.098079,No,Danish,
182777,0.546738,Yes,Danish,
49608,0.399812,No,Danish,
41818,0.065605,No,Danish,
63122,0.692642,Yes,Danish,
55690,0.268941,No,Danish,
54609,0.010489,No,Danish,
62391,0.022977,No,Danish,
1262,0.209470,No,Danish,
187137,0.042088,No,Danish,
36844,0.411111,No,Danish,
22581,0.044019,No,Danish,
56255,0.051083,No,Danish,
11264,0.144149,No,Danish,
53731,0.030215,No,Danish,
35388,0.015189,No,Danish,
169216,0.092688,No,Danish,
65535,0.105211,No,Danish,
55610,0.396068,No,Danish,
180537,0.403567,No,Danish,
163960,0.075858,No,Danish,
63625,0.236516,No,Danish,
23975,0.310694,No,Danish,
60935,0.472683,No,Danish,
178126,0.075858,No,Danish,
170578,0.001346,No,Danish,
148036,0.201813,No,Danish,
30647,0.577495,Yes,Danish,
27457,0.168857,No,Danish,
38920,0.168857,No,Danish,
4523,0.015425,No,Danish,
7818,0.152032,No,Danish,
65895,0.060975,No,Danish,
161677,0.011332,No,Danish,
64330,0.037327,No,Danish,
20423,0.012432,No,Danish,
184916,0.175538,No,Danish,
35957,0.173288,No,Danish,
163967,0.290981,No,Danish,
39907,0.041462,No,Danish,
56295,0.692642,Yes,Danish,
46381,0.025565,No,Danish,
22222,0.022286,No,Danish,
16666,0.148047,No,Danish,
162436,0.037892,No,Danish,
34367,0.016915,No,Danish,
2435,0.040238,No,Danish,
11321,0.125923,No,Danish,
149446,0.324235,No,Danish,
172338,0.096706,No,Danish,
35865,0.011869,No,Danish,
152825,0.078078,No,Danish,
150076,0.065605,No,Danish,
63375,0.085099,No,Danish,
188131,0.317426,No,Danish,
45681,0.014064,No,Danish,
47303,0.366590,No,Danish,
163242,0.320821,No,Danish,
57071,0.132964,No,Danish,
41285,0.140336,No,Danish,
66115,0.177811,No,Danish,
65261,0.191933,No,Danish,
4315,0.122523,No,Danish,
161938,0.377541,No,Danish,
2964,0.042088,No,Danish,
23895,0.015425,No,Danish,
168025,0.445530,No,Danish,
33322,0.091382,No,Danish,
48558,0.352202,No,Danish,
169870,0.184768,No,Danish,
57798,0.148047,No,Danish,
7544,0.461017,No,Danish,
16064,0.265880,No,Danish,
49829,0.095349,No,Danish,
32656,0.115961,No,Danish,
62358,0.002758,No,Danish,
153125,0.060975,No,Danish,
165083,0.042088,No,Danish,
51206,0.531209,Yes,Danish,
149398,0.115961,No,Danish,
168214,0.063715,No,Danish,
174839,0.009860,No,Danish,
9937,0.507812,Yes,Danish,
161010,0.134776,No,Danish,
31016,0.399812,No,Danish,
47169,0.199308,No,Danish,
28565,0.037327,No,Danish,
48533,0.092688,No,Danish,
173463,0.003324,No,Danish,
41370,0.268941,No,Danish,
160988,0.542863,Yes,Danish,
167853,0.156105,No,Danish,
26935,0.040238,No,Danish,
41811,0.152032,No,Danish,
149850,0.044681,No,Danish,
180601,0.140336,No,Danish,
3394,0.016915,No,Danish,
59638,0.095349,No,Danish,
149495,0.281406,No,Danish,
29657,0.017986,No,Danish,
59257,0.048137,No,Danish,
183647,0.239349,No,Danish,
62620,0.036220,No,Danish,
6974,0.233706,No,Danish,
54478,0.268941,No,Danish,
19618,0.366590,No,Danish,
65670,0.331120,No,Danish,
173526,0.230920,No,Danish,
25291,0.007938,No,Danish,
42562,0.236516,No,Danish,
182446,0.168857,No,Danish,
20340,0.072637,No,Danish,
159638,0.122523,No,Danish,
31651,0.091382,No,Danish,
180771,0.407333,No,Danish,
63057,0.119203,No,Danish,
179671,0.396068,No,Danish,
60816,0.228157,No,Danish,
61659,0.259826,No,Danish,
11436,0.284576,No,Danish,
53422,0.345105,No,Danish,
971,0.037327,No,Danish,
170732,0.746139,Yes,Danish,
39989,0.100879,No,Danish,
166330,0.201813,No,Danish,
176780,0.156105,No,Danish,
25981,0.062789,No,Danish,
53599,0.366590,No,Danish,
53240,0.012821,No,Danish,
1593,0.740174,Yes,Danish,
183787,0.352202,No,Danish,
10679,0.414899,No,Danish,
54309,0.136608,No,Danish,
152157,0.182426,No,Danish,
41272,0.096706,No,Danish,
2379,0.057493,No,Danish,
147068,0.177811,No,Danish,
59311,0.065605,No,Danish,
163186,0.103749,No,Danish,
136873,0.051845,No,Danish,
45414,0.233706,No,Danish,
147764,0.067547,No,Danish,
169301,0.150029,No,Danish,
44868,0.098079,No,Danish,
173514,0.262842,No,Danish,
159848,0.511717,Yes,Danish,
172622,0.290981,No,Danish,
12332,0.194368,No,Danish,
43435,0.209470,No,Danish,
50559,0.095349,No,Danish,
9450,0.124213,No,Danish,
161594,0.082697,No,Danish,
29358,0.396068,No,Danish,
57177,0.294215,No,Danish,
148177,0.076961,No,Danish,
175631,0.065605,No,Danish,
163724,0.060087,No,Danish,
28763,0.392337,No,Danish,
49885,0.187133,No,Danish,
54955,0.122523,No,Danish,
21710,0.034100,No,Danish,
151714,0.080357,No,Danish,
52834,0.150029,No,Danish,
182839,0.658418,Yes,Danish,
60969,0.341582,No,Danish,
181928,0.220007,No,Danish,
161553,0.073696,No,Danish,
47818,0.596433,Yes,Danish,
171529,0.160266,No,Danish,
169608,0.206894,No,Danish,
52090,0.314051,No,Danish,
155178,0.177811,No,Danish,
157110,0.041462,No,Danish,
165096,0.114369,No,Danish,
181172,0.199308,No,Danish,
62554,0.418697,No,Danish,
66142,0.042722,No,Danish,
55614,0.122523,No,Danish,
47421,0.112795,No,Danish,
33692,0.396068,No,Danish,
170489,0.004265,No,Danish,
53112,0.120853,No,Danish,
173331,0.225417,No,Danish,
4345,0.320821,No,Danish,
8342,0.098079,No,Danish,
183305,0.056652,No,Danish,
163692,0.044019,No,Danish,
53052,0.001957,No,Danish,
29832,0.006590,No,Danish,
53955,0.558327,Yes,Danish,
44474,0.242206,No,Danish,
50882,0.449393,No,Danish,
25484,0.114369,No,Danish,
56812,0.566019,Yes,Danish,
178160,0.327668,No,Danish,
9656,0.189521,No,Danish,
183790,0.300746,No,Danish,
148457,0.096706,No,Danish,
179936,0.024054,No,Danish,
36072,0.162380,No,Danish,
180371,0.320821,No,Danish,
1621,0.426322,No,Danish,
17463,0.177811,No,Danish,
151190,0.136608,No,Danish,
60280,0.074770,No,Danish,
182529,0.160266,No,Danish,
184408,0.056652,No,Danish,
56502,0.327668,No,Danish,
149355,0.041462,No,Danish,
22463,0.030215,No,Danish,
58548,0.138462,No,Danish,
43051,0.039639,No,Danish,
54475,0.078078,No,Danish,
164349,0.025565,No,Danish,
4998,0.250913,No,Danish,
56499,0.259826,No,Danish,
10812,0.125923,No,Danish,
2622,0.144149,No,Danish,
153088,0.173288,No,Danish,
32322,0.023689,No,Danish,
150119,0.199308,No,Danish,
41508,0.156105,No,Danish,
28657,0.150029,No,Danish,
25243,0.259826,No,Danish,
15820,0.150029,No,Danish,
182324,0.013223,No,Danish,
171693,0.230920,No,Danish,
27339,0.225417,No,Danish,
21837,0.004830,No,Danish,
44627,0.034619,No,Danish,
23032,0.098079,No,Danish,
152649,0.461017,No,Danish,
172339,0.275130,No,Danish,
50618,0.018547,No,Danish,
151703,0.230920,No,Danish,
1591,0.014064,No,Danish,
27865,0.067547,No,Danish,
31701,0.012821,No,Danish,
55963,0.457137,No,Danish,
17870,0.096706,No,Danish,
26596,0.278257,No,Danish,
152544,0.585101,Yes,Danish,
327,0.012241,No,Danish,
47391,0.256832,No,Danish,
173835,0.359364,No,Danish,
176517,0.399812,No,Danish,
150959,0.166675,No,Danish,
173387,0.164516,No,Danish,
8518,0.007696,No,Danish,
51510,0.310694,No,Danish,
34515,0.028008,No,Danish,
54831,0.083890,No,Danish,
63928,0.278257,No,Danish,
184692,0.538983,Yes,Danish,
30876,0.025957,No,Danish,
28627,0.131173,No,Danish,
7733,0.021287,No,Danish,
32858,0.088820,No,Danish,
62219,0.042088,No,Danish,
61125,0.199308,No,Danish,
42994,0.049589,No,Danish,
181034,0.204342,No,Danish,
33188,0.068537,No,Danish,
39713,0.201813,No,Danish,
183759,0.250913,No,Danish,
174819,0.129403,No,Danish,
48490,0.201813,No,Danish,
53539,0.119203,No,Danish,
179096,0.236516,No,Danish,
21751,0.131173,No,Danish,
22709,0.206894,No,Danish,
176100,0.542863,Yes,Danish,
166960,0.500000,No,Danish,
9231,0.014064,No,Danish,
59985,0.124213,No,Danish,
26553,0.017986,No,Danish,
51008,0.004755,No,Danish,
157409,0.069542,No,Danish,
169094,0.345105,No,Danish,
1750,0.201813,No,Danish,
55065,0.030676,No,Danish,
60643,0.457137,No,Danish,
24287,0.201813,No,Danish,
136942,0.777300,Yes,Danish,
174823,0.496094,No,Danish,
175252,0.449393,No,Danish,
52871,0.054199,No,Danish,
48529,0.087564,No,Danish,
24828,0.132964,No,Danish,
174409,0.082697,No,Danish,
30276,0.331120,No,Danish,
156796,0.558327,Yes,Danish,
12284,0.048137,No,Danish,
27607,0.066569,No,Danish,
153194,0.222700,No,Danish,
183012,0.154058,No,Danish,
4182,0.004755,No,Danish,
186008,0.111241,No,Danish,
37574,0.068537,No,Danish,
149359,0.220007,No,Danish,
64513,0.008316,No,Danish,
148573,0.253861,No,Danish,
169425,0.236516,No,Danish,
52054,0.092688,No,Danish,
15650,0.046725,No,Danish,
25223,0.003377,No,Danish,
178512,0.025565,No,Danish,
56829,0.189521,No,Danish,
65825,0.019419,No,Danish,
158872,0.647798,Yes,Danish,
60123,0.355775,No,Danish,
164714,0.314051,No,Danish,
173452,0.182426,No,Danish,
33014,0.191933,No,Danish,
51041,0.119203,No,Danish,
19744,0.685949,Yes,Danish,
159822,0.177811,No,Danish,
11458,0.184768,No,Danish,
1406,0.045353,No,Danish,
40411,0.122523,No,Danish,
152960,0.094010,No,Danish,
45303,0.064653,No,Danish,
804,0.087564,No,Danish,
11300,0.063715,No,Danish,
174630,0.073696,No,Danish,
16958,0.088820,No,Danish,
57997,0.046034,No,Danish,
269,0.083890,No,Danish,
16396,0.013849,No,Danish,
20368,0.000925,No,Danish,
21952,0.403567,No,Danish,
183378,0.100879,No,Danish,
18764,0.048137,No,Danish,
8355,0.175538,No,Danish,
43037,0.220007,No,Danish,
43800,0.003650,No,Danish,
24220,0.272025,No,Danish,
173029,0.569853,Yes,Danish,
171624,0.009413,No,Danish,
183463,0.027169,No,Danish,
64596,0.030676,No,Danish,
178008,0.079210,No,Danish,
38282,0.028871,No,Danish,
50329,0.095349,No,Danish,
175131,0.023331,No,Danish,
147715,0.256832,No,Danish,
59598,0.150029,No,Danish,
38289,0.377541,No,Danish,
28322,0.294215,No,Danish,
159096,0.265880,No,Danish,
1929,0.554470,Yes,Danish,
3429,0.199308,No,Danish,
63225,0.196826,No,Danish,
36499,0.217338,No,Danish,
3945,0.106691,No,Danish,
21942,0.515620,Yes,Danish,
20084,0.066569,No,Danish,
754,0.091382,No,Danish,
156988,0.230920,No,Danish,
36419,0.055005,No,Danish,
162379,0.618780,Yes,Danish,
53994,0.250913,No,Danish,
3474,0.327668,No,Danish,
42144,0.457137,No,Danish,
50009,0.063715,No,Danish,
183261,0.115961,No,Danish,
177643,0.042722,No,Danish,
183380,0.307358,No,Danish,
175652,0.098079,No,Danish,
7913,0.136608,No,Danish,
65362,0.144149,No,Danish,
165347,0.191933,No,Danish,
20614,0.034100,No,Danish,
26883,0.034619,No,Danish,
9996,0.060087,No,Danish,
36722,0.156105,No,Danish,
149113,0.327668,No,Danish,
52702,0.239349,No,Danish,
44893,0.265880,No,Danish,
149290,0.111241,No,Danish,
27184,0.033086,No,Danish,
177539,0.087564,No,Danish,
46140,0.075858,No,Danish,
30982,0.359364,No,Danish,
32402,0.086323,No,Danish,
17563,0.002981,No,Danish,
39776,0.086323,No,Danish,
47736,0.461017,No,Danish,
63876,0.015425,No,Danish,
64141,0.073696,No,Danish,
148093,0.327668,No,Danish,
53074,0.117572,No,Danish,
43339,0.088820,No,Danish,
51159,0.712232,Yes,Danish,
55868,0.453262,No,Danish,
50952,0.629775,Yes,Danish,
43276,0.013637,No,Danish,
181082,0.054199,No,Danish,
173398,0.184768,No,Danish,
162,0.103749,No,Danish,
41292,0.032590,No,Danish,
169254,0.120853,No,Danish,
169909,0.134776,No,Danish,
38265,0.352202,No,Danish,
149630,0.453262,No,Danish,
58038,0.307358,No,Danish,
4696,0.331120,No,Danish,
65309,0.154058,No,Danish,
44978,0.076961,No,Danish,
200097,0.484380,No,Danish,
38858,0.078078,No,Danish,
17355,0.531209,Yes,Danish,
44649,0.177811,No,Danish,
64352,0.287768,No,Danish,
2598,0.041462,No,Danish,
164017,0.175538,No,Danish,
164334,0.166675,No,Danish,
66028,0.132964,No,Danish,
155221,0.156105,No,Danish,
169911,0.096706,No,Danish,
149771,0.094010,No,Danish,
175165,0.109706,No,Danish,
152733,0.142232,No,Danish,
154453,0.125923,No,Danish,
153093,0.087564,No,Danish,
169320,0.022977,No,Danish,
9516,0.036769,No,Danish,
1550,0.122523,No,Danish,
4601,0.050331,No,Danish,
61103,0.120853,No,Danish,
183206,0.373876,No,Danish,
61864,0.191933,No,Danish,
49830,0.281406,No,Danish,
162335,0.108189,No,Danish,
61470,0.359364,No,Danish,
182476,0.059210,No,Danish,
32421,0.307358,No,Danish,
174071,0.042722,No,Danish,
153329,0.217338,No,Danish,
156694,0.275130,No,Danish,
199418,0.166675,No,Danish,
15637,0.239349,No,Danish,
182952,0.065605,No,Danish,
49298,0.679179,Yes,Danish,
154986,0.094010,No,Danish,
54473,0.212069,No,Danish,
57970,0.131173,No,Danish,
20183,0.134776,No,Danish,
151241,0.668880,Yes,Danish,
62745,0.096706,No,Danish,
158823,0.168857,No,Danish,
181690,0.140336,No,Danish,
32219,0.034619,No,Danish,
163155,0.045353,No,Danish,
157163,0.114369,No,Danish,
23047,0.041462,No,Danish,
183651,0.173288,No,Danish,
8128,0.327668,No,Danish,
21090,0.046034,No,Danish,
44945,0.090093,No,Danish,
61312,0.392337,No,Danish,
5327,0.352202,No,Danish,
169321,0.384912,No,Danish,
186776,0.284576,No,Danish,
29289,0.094010,No,Danish,
39858,0.012054,No,Danish,
7614,0.020964,No,Danish,
58674,0.006004,No,Danish,
20389,0.422505,No,Danish,
160366,0.134776,No,Danish,
46858,0.132964,No,Danish,
36304,0.242206,No,Danish,
152083,0.081520,No,Danish,
170982,0.081520,No,Danish,
34589,0.334589,No,Danish,
31718,0.222700,No,Danish,
29104,0.464902,No,Danish,
172259,0.256832,No,Danish,
170081,0.030676,No,Danish,
60828,0.214691,No,Danish,
36320,0.182426,No,Danish,
160228,0.029760,No,Danish,
33388,0.403567,No,Danish,
64192,0.160266,No,Danish,
36411,0.124213,No,Danish,
152163,0.094010,No,Danish,
183996,0.016915,No,Danish,
156047,0.515620,Yes,Danish,
167573,0.310694,No,Danish,
37658,0.014064,No,Danish,
33536,0.019719,No,Danish,
7370,0.531209,Yes,Danish,
166918,0.331120,No,Danish,
58523,0.187133,No,Danish,
150741,0.158174,No,Danish,
36697,0.245085,No,Danish,
152531,0.152032,No,Danish,
184553,0.012054,No,Danish,
35532,0.345105,No,Danish,
18552,0.331120,No,Danish,
28196,0.033590,No,Danish,
179881,0.194368,No,Danish,
17783,0.233706,No,Danish,
159748,0.236516,No,Danish,
22156,0.114369,No,Danish,
2568,0.091382,No,Danish,
60403,0.092688,No,Danish,
12054,0.320821,No,Danish,
181112,0.124213,No,Danish,
18855,0.023689,No,Danish,
155525,0.171061,No,Danish,
181710,0.065605,No,Danish,
169742,0.148047,No,Danish,
33130,0.164516,No,Danish,
151728,0.040238,No,Danish,
166065,0.069542,No,Danish,
146409,0.132964,No,Danish,
62470,0.201813,No,Danish,
7723,0.381220,No,Danish,
22555,0.055823,No,Danish,
167395,0.008847,No,Danish,
184735,0.105211,No,Danish,
30482,0.138462,No,Danish,
180257,0.253861,No,Danish,
170820,0.453262,No,Danish,
156257,0.078078,No,Danish,
5727,0.033590,No,Danish,
188083,0.067547,No,Danish,
61424,0.066569,No,Danish,
181751,0.122523,No,Danish,
39012,0.430147,No,Danish,
40476,0.204342,No,Danish,
5596,0.112795,No,Danish,
58757,0.124213,No,Danish,
152303,0.148047,No,Danish,
183253,0.056652,No,Danish,
20521,0.002890,No,Danish,
36060,0.577495,Yes,Danish,
154846,0.320821,No,Danish,
26518,0.366590,No,Danish,
154540,0.392337,No,Danish,
15258,0.542863,Yes,Danish,
24924,0.338077,No,Danish,
5598,0.002511,No,Danish,
15515,0.388618,No,Danish,
42420,0.603932,Yes,Danish,
53177,0.061876,No,Danish,
146655,0.125923,No,Danish,
163824,0.220007,No,Danish,
49451,0.236516,No,Danish,
45943,0.377541,No,Danish,
178409,0.247987,No,Danish,
176833,0.079210,No,Danish,
156239,0.392337,No,Danish,
60536,0.214691,No,Danish,
54793,0.015906,No,Danish,
146571,0.065605,No,Danish,
184939,0.209470,No,Danish,
172472,0.125923,No,Danish,
147873,0.022977,No,Danish,
148816,0.253861,No,Danish,
23031,0.050331,No,Danish,
25794,0.297470,No,Danish,
50446,0.272025,No,Danish,
158819,0.063715,No,Danish,
37765,0.060087,No,Danish,
186221,0.422505,No,Danish,
22819,0.016403,No,Danish,
31337,0.095349,No,Danish,
6602,0.114369,No,Danish,
37784,0.362969,No,Danish,
136893,0.384912,No,Danish,
1153,0.173288,No,Danish,
32888,0.317426,No,Danish,
11286,0.225417,No,Danish,
154625,0.154058,No,Danish,
3617,0.182426,No,Danish,
45111,0.370225,No,Danish,
21344,0.132964,No,Danish,
161622,0.562177,Yes,Danish,
168884,0.058346,No,Danish,
45601,0.095349,No,Danish,
168890,0.048858,No,Danish,
163972,0.214691,No,Danish,
148552,0.853913,Yes,Danish,
184875,0.007816,No,Danish,
58566,0.045353,No,Danish,
20600,0.114369,No,Danish,
179531,0.150029,No,Danish,
11273,0.422505,No,Danish,
65549,0.362969,No,Danish,
153970,0.187133,No,Danish,
180166,0.152032,No,Danish,
755,0.007577,No,Danish,
28147,0.002217,No,Danish,
30423,0.290981,No,Danish,
4320,0.112795,No,Danish,
147605,0.132964,No,Danish,
156999,0.037892,No,Danish,
22813,0.175538,No,Danish,
166736,0.327668,No,Danish,
157222,0.754915,Yes,Danish,
155696,0.592667,Yes,Danish,
181020,0.083890,No,Danish,
167893,0.445530,No,Danish,
148053,0.039048,No,Danish,
8765,0.064653,No,Danish,
146585,0.184768,No,Danish,
21281,0.103749,No,Danish,
39573,0.171061,No,Danish,
42686,0.201813,No,Danish,
23273,0.083890,No,Danish,
147669,0.239349,No,Danish,
41473,0.256832,No,Danish,
169064,0.175538,No,Danish,
21566,0.287768,No,Danish,
170440,0.146087,No,Danish,
37861,0.217338,No,Danish,
18337,0.070560,No,Danish,
5315,0.090093,No,Danish,
55034,0.433981,No,Danish,
17932,0.022629,No,Danish,
183008,0.262842,No,Danish,
180741,0.030215,No,Danish,
164172,0.046034,No,Danish,
24056,0.281406,No,Danish,
19348,0.142232,No,Danish,
199911,0.012054,No,Danish,
55556,0.096706,No,Danish,
51992,0.100879,No,Danish,
44445,0.262842,No,Danish,
28954,0.585101,Yes,Danish,
63943,0.622459,Yes,Danish,
179708,0.307358,No,Danish,
10841,0.307358,No,Danish,
177292,0.040846,No,Danish,
146383,0.327668,No,Danish,
51490,0.146087,No,Danish,
1891,0.016403,No,Danish,
38169,0.015906,No,Danish,
160610,0.615088,Yes,Danish,
62541,0.304042,No,Danish,
185587,0.098079,No,Danish,
136859,0.060975,No,Danish,
153310,0.115961,No,Danish,
153051,0.290981,No,Danish,
165636,0.414899,No,Danish,
176059,0.275130,No,Danish,
18383,0.496094,No,Danish,
26273,0.019719,No,Danish,
7398,0.392337,No,Danish,
182121,0.140336,No,Danish,
3207,0.366590,No,Danish,
165480,0.236516,No,Danish,
43579,0.095349,No,Danish,
6829,0.418697,No,Danish,
166255,0.148047,No,Danish,
22228,0.507812,Yes,Danish,
151226,0.044681,No,Danish,
6979,0.094010,No,Danish,
42692,0.047426,No,Danish,
36817,0.180107,No,Danish,
50237,0.182426,No,Danish,
157934,0.403567,No,Danish,
156532,0.092688,No,Danish,
181576,0.055823,No,Danish,
185722,0.090093,No,Danish,
63141,0.067547,No,Danish,
150296,0.156105,No,Danish,
61004,0.355775,No,Danish,
177216,0.131173,No,Danish,
44441,0.004007,No,Danish,
166368,0.837620,Yes,Danish,
147863,0.665411,Yes,Danish,
42806,0.535098,Yes,Danish,
21525,0.024054,No,Danish,
5286,0.144149,No,Danish,
48249,0.026355,No,Danish,
65128,0.437823,No,Danish,
42623,0.019719,No,Danish,
35526,0.191933,No,Danish,
35652,0.527317,Yes,Danish,
15873,0.562177,Yes,Danish,
11133,0.002183,No,Danish,
180709,0.060975,No,Danish,
1325,0.173288,No,Danish,
3740,0.272025,No,Danish,
51972,0.411111,No,Danish,
184493,0.268941,No,Danish,
25668,0.324235,No,Danish,
147733,0.158174,No,Danish,
148605,0.370225,No,Danish,
33343,0.006004,No,Danish,
162789,0.069542,No,Danish,
147212,0.228157,No,Danish,
11891,0.008985,No,Danish,
53035,0.001346,No,Danish,
176991,0.647798,Yes,Danish,
49650,0.060975,No,Danish,
62166,0.324235,No,Danish,
7885,0.006693,No,Danish,
170634,0.127653,No,Danish,
14927,0.071591,No,Danish,
43262,0.018264,No,Danish,
156976,0.191933,No,Danish,
184837,0.272025,No,Danish,
152685,0.060087,No,Danish,
179656,0.695958,Yes,Danish,
179045,0.014282,No,Danish,
151116,0.338077,No,Danish,
11633,0.180107,No,Danish,
154967,0.108189,No,Danish,
1254,0.074770,No,Danish,
16061,0.012821,No,Danish,
166858,0.168857,No,Danish,
170226,0.065605,No,Danish,
180247,0.297470,No,Danish,
55415,0.307358,No,Danish,
171997,0.060087,No,Danish,
34756,0.049589,No,Danish,
181734,0.134776,No,Danish,
172221,0.020023,No,Danish,
62578,0.464902,No,Danish,
15674,0.184768,No,Danish,
150142,0.146087,No,Danish,
165412,0.037892,No,Danish,
152449,0.407333,Ja,Danish,
25561,0.334589,No,Danish,
6949,0.083890,No,Danish,
171493,0.414899,No,Danish,
7916,0.341582,No,Danish,
28569,0.000553,No,Danish,
151201,0.040846,No,Danish,
178436,0.026355,No,Danish,
175126,0.136608,No,Danish,
24327,0.150029,No,Danish,
47388,0.078078,No,Danish,
34006,0.016403,No,Danish,
182833,0.162380,No,Danish,
51529,0.388618,No,Danish,
33554,0.020332,No,Danish,
33806,0.209470,No,Danish,
152944,0.217338,No,Danish,
25208,0.468791,No,Danish,
164857,0.705785,Yes,Danish,
22820,0.041462,No,Danish,
171501,0.182426,No,Danish,
35648,0.066569,No,Danish,
5397,0.272025,No,Danish,
16232,0.132964,No,Danish,
173020,0.338077,No,Danish,
32394,0.014282,No,Danish,
29595,0.171061,No,Danish,
167131,0.189521,No,Danish,
153936,0.577495,Yes,Danish,
17512,0.287768,No,Danish,
33858,0.661923,Yes,Danish,
160125,0.111241,No,Danish,
161687,0.314051,No,Danish,
3491,0.058346,No,Danish,
136762,0.658418,Yes,Danish,
18362,0.122523,No,Danish,
31263,0.055005,No,Danish,
52296,0.472683,No,Danish,
152539,0.611382,Yes,Danish,
164587,0.384912,No,Danish,
36626,0.622459,Yes,Danish,
15783,0.074770,No,Danish,
187188,0.396068,No,Danish,
7359,0.189521,No,Danish,
24579,0.103749,No,Danish,
18656,0.012241,No,Danish,
509,0.047426,No,Danish,
176654,0.035145,No,Danish,
31631,0.253861,No,Danish,
4252,0.064653,No,Danish,
186153,0.150029,No,Danish,
178768,0.222700,No,Danish,
8781,0.341582,No,Danish,
9567,0.320821,No,Danish,
156271,0.338077,No,Danish,
33585,0.012821,No,Danish,
166850,0.250913,No,Danish,
51538,0.222700,No,Danish,
64815,0.064653,No,Danish,
52041,0.046725,No,Danish,
152688,0.081520,No,Danish,
153912,0.171061,No,Danish,
148520,0.396068,No,Danish,
152013,0.112795,No,Danish,
148823,0.134776,No,Danish,
52588,0.230920,No,Danish,
165034,0.331120,No,Danish,
20839,0.144149,No,Danish,
51120,0.236516,No,Danish,
148905,0.071591,No,Danish,
55417,0.527317,Yes,Danish,
37852,0.160266,No,Danish,
34251,0.171061,No,Danish,
23013,0.013020,No,Danish,
50992,0.362969,No,Danish,
22117,0.048858,No,Danish,
148329,0.426322,No,Danish,
155079,0.171061,No,Danish,
60591,0.290981,No,Danish,
164234,0.290981,No,Danish,
4198,0.284576,No,Danish,
1517,0.175538,No,Danish,
174419,0.189521,No,Danish,
55050,0.242206,No,Danish,
168980,0.230920,No,Danish,
148140,0.476580,No,Danish,
166696,0.036220,No,Danish,
45300,0.173288,No,Danish,
63626,0.268941,No,Danish,
147671,0.503906,Yes,Danish,
160431,0.259826,No,Danish,
182287,0.212069,No,Danish,
161121,0.381220,No,Danish,
185036,0.426322,No,Danish,
181603,0.144149,No,Danish,
185681,0.041462,No,Danish,
163801,0.056652,No,Danish,
43776,0.182426,No,Danish,
59826,0.815232,Yes,Danish,
63355,0.189521,No,Danish,
20909,0.068537,No,Danish,
12405,0.033590,No,Danish,
31766,0.138462,No,Danish,
152937,0.160266,No,Danish,
173189,0.022629,No,Danish,
2935,0.546738,Yes,Danish,
177097,0.051845,No,Danish,
147310,0.119203,No,Danish,
59644,0.511717,Yes,Danish,
29331,0.075858,No,Danish,
20360,0.016915,No,Danish,
25288,0.307358,No,Danish,
182438,0.090093,No,Danish,
177512,0.236516,No,Danish,
164599,0.399812,No,Danish,
26733,0.090093,No,Danish,
32117,0.160266,No,Danish,
7921,0.294215,No,Danish,
43613,0.018547,No,Danish,
20113,0.281406,No,Danish,
20817,0.071591,No,Danish,
173328,0.692642,Yes,Danish,
15606,0.437823,No,Danish,
56592,0.201813,No,Danish,
149746,0.111241,No,Danish,
148996,0.114369,No,Danish,
8027,0.217338,No,Danish,
153834,0.259826,No,Danish,
33094,0.242206,No,Danish,
55453,0.265880,No,Danish,
171670,0.204342,No,Danish,
46292,0.119203,No,Danish,
49209,0.122523,No,Danish,
12001,0.112795,No,Danish,
37968,0.039639,No,Danish,
172274,0.125923,No,Danish,
22436,0.180107,No,Danish,
8640,0.008847,No,Danish,
2600,0.206894,No,Danish,
49651,0.300746,No,Danish,
64778,0.006590,No,Danish,
49988,0.392337,No,Danish,
169407,0.294215,No,Danish,
185115,0.228157,No,Danish,
33145,0.225417,No,Danish,
46209,0.911180,Yes,Danish,
171354,0.297470,No,Danish,
41494,0.140336,No,Danish,
166234,0.059210,No,Danish,
29816,0.020023,No,Danish,
136867,0.039048,No,Danish,
37871,0.044019,No,Danish,
31945,0.538983,Yes,Danish,
169681,0.132964,No,Danish,
27706,0.236516,No,Danish,
185011,0.294215,No,Danish,
47060,0.422505,No,Danish,
182466,0.048137,No,Danish,
176755,0.314051,No,Danish,
51234,0.256832,No,Danish,
52462,0.046034,No,Danish,
167119,0.352202,No,Danish,
183330,0.239349,No,Danish,
10554,0.194368,No,Danish,
35065,0.067547,No,Danish,
48726,0.019419,No,Danish,
172246,0.035145,No,Danish,
17069,0.007121,No,Danish,
182811,0.603932,Yes,Danish,
46962,0.239349,No,Danish,
184132,0.099470,No,Danish,
17556,0.017177,No,Danish,
61240,0.245085,No,Danish,
148533,0.566019,Yes,Danish,
159360,0.320821,No,Danish,
153443,0.060975,No,Danish,
41346,0.480479,No,Danish,
61793,0.011687,No,Danish,
179756,0.060087,No,Danish,
174604,0.182426,No,Danish,
31825,0.647798,Yes,Danish,
181725,0.268941,No,Danish,
181486,0.268941,No,Danish,
180587,0.180107,No,Danish,
164809,0.066569,No,Danish,
153918,0.297470,No,Danish,
180315,0.073696,No,Danish,
136781,0.013637,No,Danish,
22590,0.021615,No,Danish,
46989,0.109706,No,Danish,
183939,0.069542,No,Danish,
166722,0.108189,No,Danish,
51684,0.290981,No,Danish,
61963,0.074770,No,Danish,
63424,0.096706,No,Danish,
20508,0.010328,No,Danish,
34037,0.331120,No,Danish,
163991,0.204342,No,Danish,
155285,0.324235,No,Danish,
35896,0.247987,No,Danish,
180105,0.168857,No,Danish,
21652,0.418697,No,Danish,
181016,0.064653,No,Danish,
676,0.006904,No,Danish,
15130,0.819893,Yes,Danish,
152545,0.047426,No,Danish,
185598,0.250913,No,Danish,
49048,0.002116,No,Danish,
181741,0.154058,No,Danish,
62792,0.005060,No,Danish,
48011,0.042088,No,Danish,
24674,0.230920,No,Danish,
1983,0.003028,No,Danish,
4736,0.239349,No,Danish,
184163,0.392337,No,Danish,
57834,0.060087,No,Danish,
801,0.355775,No,Danish,
44024,0.034100,No,Danish,
24303,0.076961,No,Danish,
7333,0.117572,No,Danish,
151175,0.377541,No,Danish,
148426,0.672332,Yes,Danish,
153299,0.647798,Yes,Danish,
50611,0.242206,No,Danish,
20442,0.010987,No,Danish,
23000,0.006590,No,Danish,
153191,0.175538,No,Danish,
155783,0.236516,No,Danish,
52451,0.146087,No,Danish,
55192,0.175538,No,Danish,
42924,0.154058,No,Danish,
152524,0.558327,Yes,Danish,
63363,0.196826,No,Danish,
27831,0.014282,No,Danish,
35106,0.044019,No,Danish,
51906,0.075858,No,Danish,
22089,0.327668,No,Danish,
17803,0.014957,No,Danish,
32679,0.019719,No,Danish,
183358,0.076961,No,Danish,
31494,0.217338,No,Danish,
170495,0.148047,No,Danish,
23725,0.021615,No,Danish,
20289,0.480479,No,Danish,
52544,0.294215,No,Danish,
5257,0.009559,No,Danish,
38491,0.162380,No,Danish,
48799,0.228157,No,Danish,
47184,0.112795,No,Danish,
60085,0.275130,No,Danish,
151787,0.317426,No,Danish,
173210,0.236516,No,Danish,
184558,0.080357,No,Danish,
175597,0.053403,No,Danish,
22136,0.007696,No,Danish,
151845,0.005385,No,Danish,
146882,0.078078,No,Danish,
59555,0.228157,No,Danish,
31814,0.111241,No,Danish,
54366,0.007696,No,Danish,
174963,0.191933,No,Danish,
10639,0.134776,No,Danish,
177744,0.464902,No,Danish,
65863,0.268941,No,Danish,
11287,0.105211,No,Danish,
149679,0.046034,No,Danish,
187990,0.007577,No,Danish,
150036,0.457137,No,Danish,
63511,0.006488,No,Danish,
168505,0.366590,No,Danish,
6207,0.074770,No,Danish,
175949,0.102305,No,Danish,
156188,0.430147,No,Danish,
31670,0.430147,No,Danish,
14792,0.362969,No,Danish,
5667,0.017177,No,Danish,
169256,0.067547,No,Danish,
46327,0.647798,Yes,Danish,
176864,0.384912,No,Danish,
170338,0.086323,No,Danish,
177995,0.142232,No,Danish,
152440,0.201813,No,Danish,
159543,0.037327,No,Danish,
47234,0.253861,No,Danish,
21511,0.065605,No,Danish,
181625,0.062789,No,Danish,
172424,0.320821,No,Danish,
24917,0.030215,No,Danish,
30191,0.108189,No,Danish,
150964,0.426322,No,Danish,
56800,0.396068,No,Danish,
184401,0.171061,No,Danish,
52926,0.331120,No,Danish,
10572,0.002511,No,Danish,
172629,0.154058,No,Danish,
65145,0.006904,No,Danish,
20487,0.359364,No,Danish,
166081,0.138462,No,Danish,
59942,0.212069,No,Danish,
21353,0.033590,No,Danish,
28397,0.020646,No,Danish,
188146,0.399812,No,Danish,
36148,0.242206,No,Danish,
38620,0.396068,No,Danish,
153391,0.233706,No,Danish,
149997,0.066569,No,Danish,
9829,0.106691,No,Danish,
27696,0.629775,Yes,Danish,
161378,0.091382,No,Danish,
7822,0.256832,No,Danish,
7026,0.355775,No,Danish,
17619,0.314051,No,Danish,
2616,0.162380,No,Danish,
34545,0.851953,Yes,Danish,
184243,0.247987,No,Danish,
158534,0.059210,No,Danish,
152224,0.048858,No,Danish,
66487,0.092688,No,Danish,
44113,0.131173,No,Danish,
153100,0.085099,No,Danish,
154821,0.160266,No,Danish,
14914,0.500000,No,Danish,
66608,0.519521,Yes,Danish,
46766,0.073696,No,Danish,
18608,0.030676,No,Danish,
149716,0.230920,No,Danish,
56660,0.290981,No,Danish,
47247,0.214691,No,Danish,
6141,0.025179,No,Danish,
155455,0.154058,No,Danish,
167507,0.001116,No,Danish,
148322,0.247987,No,Danish,
159415,0.281406,No,Danish,
4641,0.297470,No,Danish,
45335,0.099470,No,Danish,
178286,0.051083,No,Danish,
177878,0.075858,No,Danish,
39273,0.112795,No,Danish,
151515,0.399812,No,Danish,
169451,0.194368,No,Danish,
5711,0.152032,No,Danish,
186260,0.262842,No,Danish,
169244,0.182426,No,Danish,
155733,0.023689,No,Danish,
37591,0.011332,No,Danish,
50878,0.078078,No,Danish,
183576,0.523420,Yes,Danish,
163957,0.127653,No,Danish,
6338,0.212069,No,Danish,
39293,0.171061,No,Danish,
154029,0.068537,No,Danish,
38328,0.100879,No,Danish,
53023,0.414899,No,Danish,
183262,0.220007,No,Danish,
31580,0.003324,No,Danish,
171849,0.581303,Ja,Danish,
161439,0.554470,Yes,Danish,
44209,0.162380,No,Danish,
20569,0.256832,No,Danish,
59626,0.287768,No,Danish,
61427,0.191933,No,Danish,
166393,0.212069,No,Danish,
65284,0.488283,No,Danish,
163034,0.362969,No,Danish,
151575,0.082697,No,Danish,
166388,0.072637,No,Danish,
7058,0.396068,No,Danish,
176067,0.000767,No,Danish,
154466,0.030676,No,Danish,
149759,0.253861,No,Danish,
22801,0.138462,No,Danish,
154518,0.230920,No,Danish,
18813,0.088820,No,Danish,
171569,0.331120,No,Danish,
4343,0.002217,No,Danish,
25519,0.484380,No,Danish,
180144,0.304042,No,Danish,
58389,0.256832,No,Danish,
58739,0.253861,No,Danish,
177918,0.023689,No,Danish,
44747,0.049589,No,Danish,
24266,0.250913,No,Danish,
183581,0.407333,No,Danish,
49456,0.247987,No,Danish,
172057,0.076961,No,Danish,
21285,0.061876,No,Danish,
165093,0.036769,No,Danish,
42916,0.377541,No,Danish,
49998,0.055005,No,Danish,
11672,0.009413,No,Danish,
24759,0.515620,Yes,Danish,
30571,0.019719,No,Danish,
43182,0.281406,No,Danish,
61617,0.294215,No,Danish,
148173,0.204342,No,Danish,
56321,0.182426,No,Danish,
26970,0.022629,No,Danish,
179533,0.297470,No,Danish,
56659,0.511717,Yes,Danish,
34594,0.037327,No,Danish,
54353,0.045353,No,Danish,
46062,0.148047,No,Danish,
18689,0.314051,No,Danish,
48899,0.138462,No,Danish,
37679,0.087564,No,Danish,
56451,0.468791,No,Danish,
178861,0.026759,No,Danish,
181023,0.040846,No,Danish,
146942,0.168857,No,Danish,
989,0.078078,No,Danish,
63571,0.199308,No,Danish,
147817,0.072637,No,Danish,
19754,0.422505,No,Danish,
159742,0.150029,No,Danish,
161780,0.120853,No,Danish,
8632,0.262842,No,Danish,
200511,0.114369,No,Danish,
57232,0.377541,No,Danish,
45971,0.327668,No,Danish,
36599,0.037327,No,Danish,
49483,0.233706,No,Danish,
50079,0.191933,No,Danish,
161699,0.026355,No,Danish,
55223,0.033590,No,Danish,
62887,0.103749,No,Danish,
43542,0.150029,No,Danish,
43352,0.418697,No,Danish,
167144,0.484380,No,Danish,
160010,0.204342,No,Danish,
152210,0.144149,No,Danish,
148013,0.010653,No,Danish,
54684,0.338077,No,Danish,
8207,0.300746,No,Danish,
200525,0.259826,No,Danish,
58260,0.300746,No,Danish,
163753,0.177811,No,Danish,
15302,0.061876,No,Danish,
23258,0.086323,No,Danish,
177105,0.150029,No,Danish,
50736,0.472683,No,Danish,
35199,0.032101,No,Danish,
180634,0.102305,No,Danish,
39174,0.484380,No,Danish,
152352,0.284576,No,Danish,
40991,0.449393,No,Danish,
153931,0.212069,No,Danish,
178846,0.125923,No,Danish,
55420,0.626124,Yes,Danish,
51432,0.171061,No,Danish,
52323,0.297470,No,Danish,
41060,0.334589,No,Danish,
188117,0.021287,No,Danish,
6583,0.204342,No,Danish,
157732,0.468791,No,Danish,
18659,0.348645,No,Danish,
179049,0.171061,No,Danish,
185151,0.079210,No,Danish,
174564,0.086323,No,Danish,
5722,0.004468,No,Danish,
40235,0.164516,No,Danish,
165380,0.381220,No,Danish,
55570,0.366590,No,Danish,
26319,0.250913,No,Danish,
5003,0.310694,No,Danish,
703,0.373876,No,Danish,
39111,0.585101,Yes,Danish,
160262,0.592667,Yes,Danish,
32942,0.036220,No,Danish,
3788,0.225417,No,Danish,
147729,0.204342,No,Danish,
168027,0.503906,Yes,Danish,
597,0.138462,No,Danish,
40227,0.320821,No,Danish,
29126,0.015664,No,Danish,
57373,0.334589,No,Danish,
37037,0.411111,No,Danish,
51920,0.044019,No,Danish,
57439,0.236516,No,Danish,
64916,0.099470,No,Danish,
177192,0.099470,No,Danish,
170002,0.324235,No,Danish,
10319,0.324235,No,Danish,
56235,0.334589,No,Danish,
62136,0.152032,No,Danish,
174079,0.507812,Yes,Danish,
16172,0.017177,No,Danish,
40390,0.317426,No,Danish,
161450,0.290981,No,Danish,
160801,0.461017,No,Danish,
35331,0.278257,No,Danish,
166232,0.272025,No,Danish,
163737,0.250913,No,Danish,
5423,0.373876,No,Danish,
55178,0.037327,No,Danish,
185584,0.320821,No,Danish,
43231,0.388618,No,Danish,
176641,0.314051,No,Danish,
23097,0.247987,No,Danish,
152795,0.225417,No,Danish,
58477,0.290981,No,Danish,
151797,0.324235,No,Danish,
159041,0.468791,No,Danish,
58388,0.214691,No,Danish,
174443,0.015664,No,Danish,
168949,0.112795,No,Danish,
173130,0.102305,No,Danish,
175716,0.021287,No,Danish,
51180,0.734120,Yes,Danish,
27894,0.399812,No,Danish,
182473,0.008577,No,Danish,
60593,0.523420,Yes,Danish,
9320,0.069542,No,Danish,
62722,0.009126,No,Danish,
16191,0.129403,No,Danish,
23533,0.032101,No,Danish,
1211,0.030215,No,Danish,
29326,0.327668,No,Danish,
165514,0.120853,No,Danish,
30368,0.060975,No,Danish,
49329,0.140336,No,Danish,
41761,0.355775,No,Danish,
162453,0.705785,Yes,Danish,
175241,0.120853,No,Danish,
61239,0.129403,No,Danish,
157572,0.106691,No,Danish,
40596,0.573678,Yes,Danish,
42750,0.426322,No,Danish,
29196,0.403567,No,Danish,
180090,0.061876,No,Danish,
23724,0.017442,No,Danish,
5287,0.028871,No,Danish,
54778,0.087564,No,Danish,
44968,0.331120,No,Danish,
15526,0.100879,No,Danish,
35021,0.090093,No,Danish,
4634,0.154058,No,Danish,
154556,0.214691,No,Danish,
65140,0.010489,No,Danish,
15795,0.272025,No,Danish,
43114,0.108189,No,Danish,
185879,0.366590,No,Danish,
2239,0.132964,No,Danish,
15585,0.426322,No,Danish,
155964,0.074770,No,Danish,
162739,0.366590,No,Danish,
926,0.081520,No,Danish,
1410,0.050331,No,Danish,
159233,0.055005,No,Danish,
152259,0.148047,No,Danish,
20749,0.055823,No,Danish,
54698,0.112795,No,Danish,
5196,0.220007,No,Danish,
171194,0.173288,No,Danish,
20230,0.021615,No,Danish,
2872,0.032590,No,Danish,
152521,0.042722,No,Danish,
53560,0.057493,No,Danish,
183836,0.184768,No,Danish,
153035,0.075858,No,Danish,
159797,0.535098,Yes,Danish,
50415,0.769080,Yes,Danish,
56671,0.184768,No,Danish,
171721,0.007816,No,Danish,
52801,0.010328,No,Danish,
30971,0.129403,No,Danish,
150701,0.039639,No,Danish,
56969,0.699254,Yes,Danish,
26689,0.160266,No,Danish,
47468,0.206894,No,Danish,
176565,0.262842,No,Danish,
46600,0.225417,No,Danish,
161830,0.079210,No,Danish,
17534,0.158174,No,Danish,
166862,0.103749,No,Danish,
56411,0.396068,No,Danish,
45940,0.297470,No,Danish,
14832,0.199308,No,Danish,
16414,0.102305,No,Danish,
152348,0.182426,No,Danish,
42383,0.384912,No,Danish,
32949,0.086323,No,Danish,
161770,0.025179,No,Danish,
155449,0.217338,No,Danish,
166461,0.098079,No,Danish,
54551,0.307358,No,Danish,
30877,0.099470,No,Danish,
30607,0.242206,No,Danish,
47183,0.136608,No,Danish,
23425,0.034100,No,Danish,
38460,0.162380,No,Danish,
29750,0.191933,No,Danish,
36901,0.112795,No,Danish,
21075,0.080357,No,Danish,
12081,0.007938,No,Danish,
57381,0.120853,No,Danish,
18281,0.168857,No,Danish,
168903,0.430147,No,Danish,
59860,0.262842,No,Danish,
24650,0.052619,No,Danish,
20035,0.222700,No,Danish,
48031,0.004468,No,Danish,
66283,0.327668,No,Danish,
168186,0.042722,No,Danish,
41629,0.399812,No,Danish,
28881,0.457137,No,Danish,
199813,0.230920,No,Danish,
35486,0.080357,No,Danish,
171410,0.184768,No,Danish,
178604,0.094010,No,Danish,
27787,0.094010,No,Danish,
16921,0.324235,No,Danish,
35492,0.152032,No,Danish,
548,0.019719,No,Danish,
156978,0.053403,No,Danish,
166288,0.331120,No,Danish,
33199,0.177811,No,Danish,
41602,0.550607,Yes,Danish,
54701,0.445530,No,Danish,
161601,0.433981,No,Danish,
589,0.010170,No,Danish,
46953,0.037892,No,Danish,
43322,0.550607,Yes,Danish,
2277,0.171061,No,Danish,
49907,0.020023,No,Danish,
55433,0.166675,No,Danish,
26654,0.046034,No,Danish,
2115,0.014064,No,Danish,
45169,0.152032,No,Danish,
37841,0.201813,No,Danish,
150954,0.120853,No,Danish,
51978,0.449393,No,Danish,
20747,0.362969,No,Danish,
36276,0.012821,No,Danish,
184991,0.078078,No,Danish,
178246,0.018547,No,Danish,
156207,0.048858,No,Danish,
61155,0.063715,No,Danish,
15527,0.355775,No,Danish,
351,0.377541,No,Danish,
156388,0.290981,No,Danish,
6198,0.074770,No,Danish,
6457,0.098079,No,Danish,
180780,0.008985,No,Danish,
9740,0.715424,Yes,Danish,
173289,0.160266,No,Danish,
153529,0.148047,No,Danish,
184902,0.201813,No,Danish,
50249,0.196826,No,Danish,
169303,0.457137,No,Danish,
154506,0.287768,No,Danish,
164385,0.043366,No,Danish,
55316,0.384912,No,Danish,
17645,0.187133,No,Danish,
8744,0.016403,No,Danish,
47751,0.236516,No,Danish,
163466,0.721743,Ja,Danish,
167556,0.053403,No,Danish,
53877,0.204342,No,Danish,
168824,0.037327,No,Danish,
59995,0.168857,No,Danish,
60691,0.496094,No,Danish,
181384,0.492188,No,Danish,
200021,0.222700,No,Danish,
5865,0.148047,No,Danish,
169273,0.294215,No,Danish,
171063,0.437823,No,Danish,
150427,0.348645,No,Danish,
170158,0.007233,No,Danish,
184859,0.168857,No,Danish,
15343,0.496094,No,Danish,
43347,0.156105,No,Danish,
177235,0.109706,No,Danish,
41399,0.433981,No,Danish,
184012,0.239349,No,Danish,
37840,0.109706,No,Danish,
39662,0.002591,No,Danish,
62146,0.164516,No,Danish,
62326,0.327668,No,Danish,
42502,0.023331,No,Danish,
152668,0.201813,No,Danish,
169131,0.196826,No,Danish,
237,0.793106,Yes,Danish,
34492,0.284576,No,Danish,
65054,0.002935,No,Danish,
63335,0.262842,No,Danish,
152889,0.418697,No,Danish,
59700,0.359364,No,Danish,
29893,0.014957,No,Danish,
41136,0.668880,Yes,Danish,
30168,0.173288,No,Danish,
4228,0.115961,No,Danish,
58354,0.228157,No,Danish,
169263,0.063715,No,Danish,
152329,0.262842,No,Danish,
181085,0.184768,No,Danish,
55975,0.214691,No,Danish,
22111,0.006488,No,Danish,
16891,0.150029,No,Danish,
33902,0.026355,No,Danish,
179555,0.056652,No,Danish,
52117,0.059210,No,Danish,
57570,0.209470,No,Danish,
171790,0.136608,No,Danish,
65293,0.618780,Yes,Danish,
21689,0.051083,No,Danish,
161021,0.265880,No,Danish,
19478,0.164516,No,Danish,
1954,0.129403,No,Danish,
162891,0.028008,No,Danish,
4785,0.065605,No,Danish,
150382,0.028436,No,Danish,
176512,0.577495,Yes,Danish,
15290,0.546738,Yes,Danish,
26008,0.046034,No,Danish,
51091,0.036220,No,Danish,
17271,0.304042,No,Danish,
50185,0.009413,No,Danish,
57200,0.087564,No,Danish,
152689,0.109706,No,Danish,
58656,0.091382,No,Danish,
6968,0.607663,Yes,Danish,
41396,0.160266,No,Danish,
55519,0.355775,No,Danish,
8039,0.245085,No,Danish,
178287,0.168857,No,Danish,
32655,0.059210,No,Danish,
35968,0.117572,No,Danish,
51282,0.086323,No,Danish,
148543,0.021948,No,Danish,
62924,0.013637,No,Danish,
176642,0.144149,No,Danish,
136908,0.102305,No,Danish,
175757,0.162380,No,Danish,
18139,0.381220,No,Danish,
150298,0.535098,Yes,Danish,
53043,0.073696,No,Danish,
151433,0.036220,No,Danish,
149391,0.048137,No,Danish,
154222,0.152032,No,Danish,
163547,0.348645,No,Danish,
51511,0.122523,No,Danish,
184794,0.054199,No,Danish,
185953,0.327668,No,Danish,
159323,0.082697,No,Danish,
24624,0.166675,No,Danish,
49782,0.038466,No,Danish,
37021,0.588889,Yes,Danish,
24319,0.194368,No,Danish,
182731,0.134776,No,Danish,
32900,0.034100,No,Danish,
53546,0.037892,No,Danish,
169360,0.122523,No,Danish,
182086,0.091382,No,Danish,
65739,0.087564,No,Danish,
50065,0.348645,No,Danish,
8570,0.055823,No,Danish,
177486,0.168857,No,Danish,
169232,0.484380,No,Danish,
41425,0.449393,No,Danish,
5350,0.011869,No,Danish,
61555,0.027585,No,Danish,
181961,0.073696,No,Danish,
182079,0.115961,No,Danish,
152151,0.146087,No,Danish,
179621,0.472683,No,Danish,
159780,0.225417,No,Danish,
41270,0.057493,No,Danish,
42648,0.034619,No,Danish,
10722,0.035679,No,Danish,
172587,0.152032,No,Danish,
149007,0.022286,No,Danish,
6778,0.087564,No,Danish,
3242,0.140336,No,Danish,
171901,0.182426,No,Danish,
50287,0.297470,No,Danish,
45016,0.090093,No,Danish,
53092,0.003124,No,Danish,
16602,0.091382,No,Danish,
55792,0.146087,No,Danish,
170594,0.171061,No,Danish,
175159,0.138462,No,Danish,
48541,0.024798,No,Danish,
49738,0.046725,No,Danish,
53756,0.140336,No,Danish,
169232,0.199308,No,Danish,
172243,0.381220,No,Danish,
65382,0.272025,No,Danish,
45247,0.146087,No,Danish,
24485,0.411111,No,Danish,
175796,0.550607,Yes,Danish,
17113,0.091382,No,Danish,
23058,0.150029,No,Danish,
38969,0.392337,No,Danish,
8782,0.839734,Yes,Danish,
25847,0.022977,No,Danish,
169185,0.281406,No,Danish,
28002,0.072637,No,Danish,
57268,0.461017,No,Danish,
26939,0.060975,No,Danish,
44965,0.065605,No,Danish,
163630,0.214691,No,Danish,
45837,0.596433,Yes,Danish,
177151,0.038466,No,Danish,
169600,0.092688,No,Danish,
51707,0.091382,No,Danish,
180583,0.184768,No,Danish,
52955,0.038466,No,Danish,
54061,0.166675,No,Danish,
146838,0.338077,No,Danish,
59030,0.112795,No,Danish,
161999,0.307358,No,Danish,
199,0.148047,No,Danish,
17080,0.004332,No,Danish,
152801,0.071591,No,Danish,
34435,0.449393,No,Danish,
7654,0.256832,No,Danish,
49161,0.228157,No,Danish,
18527,0.073696,No,Danish,
153177,0.189521,No,Danish,
7806,0.148047,No,Danish,
34549,0.005820,No,Danish,
153916,0.384912,No,Danish,
170792,0.011508,No,Danish,
26032,0.060087,No,Danish,
45951,0.214691,No,Danish,
170953,0.503906,Yes,Danish,
185235,0.334589,No,Danish,
169671,0.359364,No,Danish,
185658,0.023689,No,Danish,
18539,0.087564,No,Danish,
2563,0.115961,No,Danish,
170054,0.004610,No,Danish,
154430,0.035145,No,Danish,
6515,0.196826,No,Danish,
153038,0.048137,No,Danish,
33625,0.334589,No,Danish,
150148,0.090093,No,Danish,
153555,0.281406,No,Danish,
199519,0.182426,No,Danish,
47800,0.370225,No,Danish,
20220,0.108189,No,Danish,
63257,0.225417,No,Danish,
58989,0.618780,Yes,Danish,
4811,0.144149,No,Danish,
175526,0.338077,No,Danish,
182205,0.217338,No,Danish,
23684,0.051083,No,Danish,
47859,0.566019,Yes,Danish,
185434,0.392337,No,Danish,
200785,0.449393,No,Danish,
51507,0.173288,No,Danish,
188226,0.281406,No,Danish,
4790,0.345105,No,Danish,
517,0.201813,No,Danish,
31267,0.033086,No,Danish,
18915,0.092688,No,Danish,
152567,0.046725,No,Danish,
1491,0.407333,No,Danish,
90,0.160266,No,Danish,
33044,0.132964,No,Danish,
41017,0.695958,Yes,Danish,
5556,0.086323,No,Danish,
8059,0.051845,No,Danish,
154631,0.592667,Yes,Danish,
11832,0.036769,No,Danish,
6782,0.194368,No,Danish,
174320,0.411111,No,Danish,
153840,0.045353,No,Danish,
17876,0.120853,No,Danish,
153048,0.090093,No,Danish,
52067,0.005385,No,Danish,
59706,0.355775,No,Danish,
2679,0.426322,No,Danish,
27501,0.058346,No,Danish,
31464,0.407333,No,Danish,
28867,0.148047,No,Danish,
6976,0.122523,No,Danish,
9330,0.138462,No,Danish,
151662,0.142232,No,Danish,
146993,0.189521,No,Danish,
173119,0.023331,No,Danish,
171524,0.173288,No,Danish,
47738,0.051083,No,Danish,
161204,0.523420,Yes,Danish,
146807,0.080357,No,Danish,
9654,0.496094,No,Danish,
180651,0.430147,No,Danish,
31252,0.142232,No,Danish,
33300,0.050331,No,Danish,
38335,0.119203,No,Danish,
154481,0.272025,No,Danish,
40796,0.025565,No,Danish,
152782,0.259826,No,Danish,
5168,0.055823,No,Danish,
181927,0.156105,No,Danish,
54980,0.061876,No,Danish,
64493,0.005140,No,Danish,
161893,0.204342,No,Danish,
32884,0.373876,No,Danish,
45739,0.297470,No,Danish,
2005,0.057493,No,Danish,
19607,0.010170,No,Danish,
183279,0.287768,No,Danish,
169504,0.262842,No,Danish,
182630,0.059210,No,Danish,
153073,0.187133,No,Danish,
21507,0.287768,No,Danish,
168218,0.108189,No,Danish,
152846,0.341582,No,Danish,
3896,0.009559,No,Danish,
167013,0.026759,No,Danish,
1473,0.032590,No,Danish,
151772,0.050331,No,Danish,
36547,0.281406,No,Danish,
40801,0.012241,No,Danish,
20328,0.064653,No,Danish,
45787,0.511717,Yes,Danish,
23434,0.013428,No,Danish,
11117,0.008847,No,Danish,
171435,0.088820,No,Danish,
173629,0.150029,No,Danish,
170955,0.109706,No,Danish,
23942,0.005911,No,Danish,
55827,0.665411,Yes,Danish,
174887,0.017442,No,Danish,
46175,0.637031,Yes,Danish,
185821,0.418697,No,Danish,
171239,0.253861,No,Danish,
170143,0.120853,No,Danish,
49967,0.005555,No,Danish,
184627,0.146087,No,Danish,
25885,0.002591,No,Danish,
34842,0.060087,No,Danish,
58706,0.310694,No,Danish,
8545,0.041462,No,Danish,
152187,0.039639,No,Danish,
960,0.013849,No,Danish,
150184,0.348645,No,Danish,
20383,0.002252,No,Danish,
55518,0.472683,No,Danish,
38896,0.284576,No,Danish,
5980,0.087564,No,Danish,
174216,0.403567,No,Danish,
43722,0.109706,No,Danish,
168473,0.092688,No,Danish,
51337,0.039639,No,Danish,
56747,0.558327,Yes,Danish,
20131,0.217338,No,Danish,
136757,0.464902,No,Danish,
184897,0.341582,No,Danish,
51932,0.037892,No,Danish,
43062,0.496094,No,Danish,
25802,0.018547,No,Danish,
31619,0.044681,No,Danish,
179111,0.152032,No,Danish,
42190,0.006004,No,Danish,
21438,0.018264,No,Danish,
53213,0.106691,No,Danish,
4511,0.166675,No,Danish,
25545,0.019419,No,Danish,
61411,0.146087,No,Danish,
152594,0.076961,No,Danish,
154431,0.091382,No,Danish,
170233,0.396068,No,Danish,
183307,0.199308,No,Danish,
4759,0.018833,No,Danish,
169031,0.037892,No,Danish,
8620,0.182426,No,Danish,
154229,0.287768,No,Danish,
14857,0.189521,No,Danish,
22221,0.005060,No,Danish,
55071,0.146087,No,Danish,
34245,0.004399,No,Danish,
147194,0.177811,No,Danish,
178708,0.039639,No,Danish,
22978,0.125923,No,Danish,
40339,0.005385,No,Danish,
4029,0.426322,No,Danish,
156683,0.307358,No,Danish,
36135,0.189521,No,Danish,
5443,0.015189,No,Danish,
8465,0.142232,No,Danish,
8849,0.053403,No,Danish,
29722,0.338077,No,Danish,
177236,0.150029,No,Danish,
163373,0.480479,No,Danish,
154701,0.132964,No,Danish,
6369,0.061876,No,Danish,
172029,0.129403,No,Danish,
8992,0.020964,No,Danish,
58525,0.399812,No,Danish,
17620,0.148047,No,Danish,
163277,0.500000,Ja,Danish,
64709,0.131173,No,Danish,
186593,0.073696,No,Danish,
175856,0.029312,No,Danish,
16796,0.352202,No,Danish,
176515,0.066569,No,Danish,
3807,0.001674,No,Danish,
184202,0.064653,No,Danish,
157383,0.142232,No,Danish,
169547,0.028871,No,Danish,
19054,0.095349,No,Danish,
32485,0.013637,No,Danish,
21777,0.106691,No,Danish,
160989,0.272025,No,Danish,
54900,0.164516,No,Danish,
60622,0.055005,No,Danish,
44557,0.220007,No,Danish,
156311,0.411111,No,Danish,
163505,0.334589,No,Danish,
172632,0.603932,Yes,Danish,
173805,0.144149,No,Danish,
57019,0.013849,No,Danish,
55669,0.247987,No,Danish,
57262,0.140336,No,Danish,
173122,0.056652,No,Danish,
22567,0.075858,No,Danish,
4904,0.523420,Yes,Danish,
183863,0.403567,No,Danish,
162702,0.071591,No,Danish,
46902,0.044681,No,Danish,
47228,0.010328,No,Danish,
57053,0.284576,No,Danish,
175827,0.206894,No,Danish,
23925,0.007696,No,Danish,
177855,0.042088,No,Danish,
183867,0.125923,No,Danish,
27797,0.253861,No,Danish,
167624,0.010014,No,Danish,
54159,0.603932,Yes,Danish,
169508,0.127653,No,Danish,
40999,0.265880,No,Danish,
156033,0.108189,No,Danish,
147030,0.129403,No,Danish,
27155,0.173288,No,Danish,
169265,0.006388,No,Danish,
3785,0.108189,No,Danish,
148066,0.043366,No,Danish,
175467,0.182426,No,Danish,
65551,0.164516,No,Danish,
19894,0.041462,No,Danish,
15967,0.134776,No,Danish,
148288,0.038466,No,Danish,
59408,0.366590,No,Danish,
177340,0.307358,No,Danish,
46826,0.021287,No,Danish,
1446,0.082697,No,Danish,
61317,0.120853,No,Danish,
62020,0.131173,No,Danish,
54234,0.724870,Yes,Danish,
177773,0.124213,No,Danish,
166681,0.399812,No,Danish,
150541,0.091382,No,Danish,
20923,0.156105,No,Danish,
14777,0.262842,No,Danish,
150896,0.184768,No,Danish,
14894,0.039048,No,Danish,
16087,0.682574,Yes,Danish,
24981,0.171061,No,Danish,
150089,0.320821,No,Danish,
152428,0.028436,No,Danish,
54574,0.228157,No,Danish,
28677,0.003765,No,Danish,
62262,0.220007,No,Danish,
37868,0.164516,No,Danish,
185554,0.201813,No,Danish,
164047,0.445530,No,Danish,
44991,0.041462,No,Danish,
174452,0.132964,No,Danish,
176950,0.090093,No,Danish,
52847,0.007938,No,Danish,
55919,0.640636,Yes,Danish,
27854,0.003594,No,Danish,
16194,0.262842,No,Danish,
173447,0.265880,No,Danish,
182147,0.056652,No,Danish,
26673,0.030676,No,Danish,
181218,0.338077,No,Danish,
34253,0.056652,No,Danish,
37215,0.134776,No,Danish,
169310,0.189521,No,Danish,
147097,0.017177,No,Danish,
166867,0.187133,No,Danish,
171421,0.647798,Yes,Danish,
28382,0.182426,No,Danish,
148910,0.366590,No,Danish,
151304,0.078078,No,Danish,
172838,0.262842,No,Danish,
3999,0.043366,No,Danish,
1911,0.028871,No,Danish,
66627,0.265880,No,Danish,
4853,0.300746,No,Danish,
26960,0.125923,No,Danish,
48767,0.355775,No,Danish,
2432,0.281406,No,Danish,
25372,0.304042,No,Danish,
26082,0.005911,No,Danish,
172612,0.039048,No,Danish,
166262,0.348645,No,Danish,
26703,0.106691,No,Danish,
157685,0.204342,No,Danish,
168250,0.073696,No,Danish,
53949,0.008188,No,Danish,
149712,0.042722,No,Danish,
162344,0.039639,No,Danish,
40187,0.341582,No,Danish,
5290,0.206894,No,Danish,
32336,0.065605,No,Danish,
168934,0.099470,No,Danish,
169432,0.056652,No,Danish,
18873,0.187133,No,Danish,
146505,0.152032,No,Danish,
58862,0.069542,No,Danish,
66181,0.011869,No,Danish,
49678,0.278257,No,Danish,
61202,0.079210,No,Danish,
153582,0.247987,No,Danish,
174849,0.230920,No,Danish,
169691,0.622459,Yes,Danish,
39385,0.099470,No,Danish,
156004,0.749087,Yes,Danish,
43692,0.061876,No,Danish,
9179,0.272025,No,Danish,
49825,0.262842,No,Danish,
25642,0.300746,No,Danish,
59808,0.171061,No,Danish,
8494,0.008062,No,Danish,
46929,0.129403,No,Danish,
171668,0.120853,No,Danish,
59046,0.204342,No,Danish,
151984,0.036769,No,Danish,
154706,0.449393,No,Danish,
181083,0.265880,No,Danish,
180813,0.068537,No,Danish,
42670,0.307358,No,Danish,
22239,0.046725,No,Danish,
48567,0.196826,No,Danish,
163396,0.373876,No,Danish,
1790,0.054199,No,Danish,
178141,0.233706,No,Danish,
160805,0.166675,No,Danish,
152762,0.535098,Yes,Danish,
9097,0.201813,No,Danish,
176457,0.090093,No,Danish,
5523,0.403567,No,Danish,
58773,0.615088,Yes,Danish,
17806,0.108189,No,Danish,
9263,0.058346,No,Danish,
153115,0.236516,No,Danish,
50815,0.042722,No,Danish,
21656,0.002758,No,Danish,
54006,0.718594,Yes,Danish,
148228,0.095349,No,Danish,
48471,0.027585,No,Danish,
152113,0.338077,No,Danish,
7526,0.815232,Yes,Danish,
44710,0.069542,No,Danish,
160354,0.090093,No,Danish,
50000,0.056652,No,Danish,
44775,0.468791,No,Danish,
60487,0.284576,No,Danish,
171119,0.100879,No,Danish,
153405,0.038466,No,Danish,
49427,0.009559,No,Danish,
42805,0.535098,Yes,Danish,
6884,0.304042,No,Danish,
176901,0.577495,Yes,Danish,
48986,0.622459,Yes,Danish,
146553,0.144149,No,Danish,
162978,0.184768,No,Danish,
183093,0.180107,No,Danish,
57084,0.087564,No,Danish,
55334,0.538983,Yes,Danish,
7618,0.031619,No,Danish,
6239,0.007461,No,Danish,
17359,0.042722,No,Danish,
147286,0.018547,No,Danish,
61836,0.029312,No,Danish,
5545,0.003650,No,Danish,
15365,0.201813,No,Danish,
8125,0.206894,No,Danish,
178586,0.105211,No,Danish,
157720,0.066569,No,Danish,
34861,0.007577,No,Danish,
49360,0.054199,No,Danish,
64354,0.245085,No,Danish,
62347,0.003765,No,Danish,
147591,0.182426,No,Danish,
47470,0.046034,No,Danish,
168677,0.044019,No,Danish,
36491,0.085099,No,Danish,
65580,0.403567,No,Danish,
161503,0.111241,No,Danish,
156429,0.284576,No,Danish,
40272,0.067547,No,Danish,
63282,0.120853,No,Danish,
158867,0.102305,No,Danish,
148370,0.150029,No,Danish,
54833,0.042088,No,Danish,
180331,0.092688,No,Danish,
146926,0.180107,No,Danish,
9953,0.331120,No,Danish,
59364,0.177811,No,Danish,
45229,0.112795,No,Danish,
33185,0.016403,No,Danish,
166476,0.196826,No,Danish,
156400,0.061876,No,Danish,
186471,0.090093,No,Danish,
36454,0.057493,No,Danish,
186856,0.013428,No,Danish,
25125,0.011332,No,Danish,
163426,0.180107,No,Danish,
32625,0.075858,No,Danish,
43825,0.078078,No,Danish,
184483,0.507812,Yes,Danish,
158202,0.146087,No,Danish,
40236,0.191933,No,Danish,
31988,0.014729,No,Danish,
185193,0.327668,No,Danish,
44632,0.053403,No,Danish,
26690,0.242206,No,Danish,
30935,0.048137,No,Danish,
50894,0.300746,No,Danish,
179915,0.098079,No,Danish,
54829,0.065605,No,Danish,
179596,0.381220,No,Danish,
52695,0.088820,No,Danish,
42208,0.230920,No,Danish,
39203,0.307358,No,Danish,
174952,0.558327,Yes,Danish,
153229,0.245085,No,Danish,
146556,0.144149,No,Danish,
24583,0.220007,No,Danish,
45588,0.136608,No,Danish,
178711,0.087564,No,Danish,
163451,0.214691,No,Danish,
34434,0.453262,No,Danish,
23430,0.019419,No,Danish,
163076,0.071591,No,Danish,
41476,0.287768,No,Danish,
15489,0.158174,No,Danish,
5501,0.187133,No,Danish,
49891,0.105211,No,Danish,
63982,0.154058,No,Danish,
45746,0.338077,No,Danish,
44315,0.182426,No,Danish,
171610,0.168857,No,Danish,
25593,0.201813,No,Danish,
63269,0.039048,No,Danish,
53415,0.042088,No,Danish,
172051,0.468791,No,Danish,
56825,0.689306,Yes,Danish,
162894,0.047426,No,Danish,
6688,0.206894,No,Danish,
33887,0.721743,Yes,Danish,
165383,0.484380,No,Danish,
170024,0.024798,No,Danish,
149479,0.184768,No,Danish,
163780,0.546738,Yes,Danish,
20123,0.111241,No,Danish,
7751,0.209470,No,Danish,
161453,0.041462,No,Danish,
30122,0.430147,No,Danish,
158582,0.158174,No,Danish,
53920,0.060975,No,Danish,
167385,0.294215,No,Danish,
19001,0.204342,No,Danish,
180731,0.411111,No,Danish,
158584,0.268941,No,Danish,
158891,0.388618,No,Danish,
19671,0.009413,No,Danish,
48376,0.087564,No,Danish,
60014,0.095349,No,Danish,
148902,0.094010,No,Danish,
62143,0.111241,No,Danish,
32284,0.180107,No,Danish,
152175,0.125923,No,Danish,
150856,0.073696,No,Danish,
169658,0.851953,Yes,Danish,
9710,0.051845,No,Danish,
175069,0.209470,No,Danish,
11409,0.071591,No,Danish,
152048,0.222700,No,Danish,
155766,0.146087,No,Danish,
166144,0.075858,No,Danish,
151313,0.070560,No,Danish,
172265,0.148047,No,Danish,
29961,0.088820,No,Danish,
65204,0.024798,No,Danish,
1890,0.164516,No,Danish,
65262,0.384912,No,Danish,
152442,0.384912,No,Danish,
151670,0.426322,No,Danish,
48743,0.294215,No,Danish,
28148,0.004332,No,Danish,
63507,0.300746,No,Danish,
39389,0.256832,No,Danish,
188196,0.317426,No,Danish,
47614,0.069542,No,Danish,
3241,0.160266,No,Danish,
29583,0.307358,No,Danish,
158501,0.206894,No,Danish,
183564,0.430147,No,Danish,
170091,0.633410,Yes,Danish,
15483,0.035679,No,Danish,
62247,0.384912,No,Danish,
169634,0.051083,No,Danish,
179462,0.132964,No,Danish,
54186,0.220007,No,Danish,
137007,0.010170,No,Danish,
62477,0.233706,No,Danish,
184267,0.134776,No,Danish,
55032,0.184768,No,Danish,
32398,0.171061,No,Danish,
155889,0.220007,No,Danish,
34408,0.046725,No,Danish,
52787,0.044019,No,Danish,
18338,0.228157,No,Danish,
58124,0.127653,No,Danish,
157520,0.087564,No,Danish,
182536,0.194368,No,Danish,
27622,0.030676,No,Danish,
185453,0.012241,No,Danish,
65078,0.239349,No,Danish,
154434,0.300746,No,Danish,
180147,0.096706,No,Danish,
50040,0.017177,No,Danish,
172200,0.334589,No,Danish,
64110,0.086323,No,Danish,
154545,0.496094,No,Danish,
50091,0.042722,No,Danish,
39078,0.180107,No,Danish,
42425,0.051845,No,Danish,
173519,0.411111,No,Danish,
34924,0.217338,No,Danish,
28435,0.091382,No,Danish,
157913,0.044681,No,Danish,
170372,0.164516,No,Danish,
59628,0.507812,Yes,Danish,
147808,0.206894,No,Danish,
186062,0.222700,No,Danish,
185571,0.069542,No,Danish,
38490,0.196826,No,Danish,
2927,0.087564,No,Danish,
2483,0.222700,No,Danish,
42185,0.278257,No,Danish,
41299,0.171061,No,Danish,
60133,0.314051,No,Danish,
40648,0.272025,No,Danish,
54414,0.142232,No,Danish,
23467,0.146087,No,Danish,
10756,0.010653,No,Danish,
183515,0.284576,No,Danish,
158671,0.067547,No,Danish,
152311,0.073696,No,Danish,
158438,0.022629,No,Danish,
10505,0.098079,No,Danish,
185281,0.191933,No,Danish,
168040,0.377541,No,Danish,
156131,0.076961,No,Danish,
31063,0.055005,No,Danish,
185156,0.430147,No,Danish,
22290,0.100879,No,Danish,
43516,0.011332,No,Danish,
164649,0.407333,No,Danish,
53707,0.011332,No,Danish,
58606,0.040846,No,Danish,
45571,0.253861,No,Danish,
58426,0.184768,No,Danish,
55093,0.138462,No,Danish,
35836,0.112795,No,Danish,
26145,0.247987,No,Danish,
26362,0.204342,No,Danish,
183304,0.087564,No,Danish,
10432,0.070560,No,Danish,
176317,0.013020,No,Danish,
156422,0.129403,No,Danish,
169370,0.028871,No,Danish,
27203,0.098079,No,Danish,
163134,0.230920,No,Danish,
40724,0.009268,No,Danish,
50495,0.122523,No,Danish,
35103,0.021615,No,Danish,
159122,0.140336,No,Danish,
147784,0.132964,No,Danish,
21388,0.078078,No,Danish,
12013,0.112795,No,Danish,
164965,0.449393,No,Danish,
38947,0.082697,No,Danish,
43378,0.426322,No,Danish,
62641,0.095349,No,Danish,
172808,0.180107,No,Danish,
31681,0.284576,No,Danish,
22754,0.500000,No,Danish,
52873,0.033590,No,Danish,
6924,0.083890,No,Danish,
18664,0.007121,No,Danish,
35515,0.140336,No,Danish,
36218,0.422505,No,Danish,
21498,0.538983,Yes,Danish,
1678,0.004265,No,Danish,
9964,0.259826,No,Danish,
162023,0.119203,No,Danish,
33947,0.025565,No,Danish,
50914,0.596433,Yes,Danish,
56329,0.225417,No,Danish,
44967,0.317426,No,Danish,
178595,0.119203,No,Danish,
170029,0.287768,No,Danish,
147484,0.013428,No,Danish,
34998,0.021615,No,Danish,
178584,0.433981,No,Danish,
62991,0.345105,No,Danish,
55575,0.064653,No,Danish,
180187,0.102305,No,Danish,
55162,0.144149,No,Danish,
159093,0.028871,No,Danish,
147951,0.422505,No,Danish,
6738,0.236516,No,Danish,
1305,0.003075,No,Danish,
21257,0.297470,No,Danish,
166713,0.067547,No,Danish,
5091,0.158174,No,Danish,
183076,0.476580,No,Danish,
57613,0.025957,No,Danish,
51769,0.348645,No,Danish,
2103,0.370225,No,Danish,
11152,0.008316,No,Danish,
5340,0.492188,No,Danish,
57699,0.061876,No,Danish,
20350,0.230920,No,Danish,
31584,0.304042,No,Danish,
8517,0.006290,No,Danish,
158883,0.006693,No,Danish,
33890,0.206894,No,Danish,
165980,0.287768,No,Danish,
32859,0.088820,No,Danish,
152892,0.134776,No,Danish,
3826,0.596433,Yes,Danish,
165799,0.370225,No,Danish,
19332,0.037327,No,Danish,
154805,0.034619,No,Danish,
47752,0.022629,No,Danish,
172399,0.414899,No,Danish,
17319,0.396068,No,Danish,
16940,0.403567,No,Danish,
42831,0.480479,No,Danish,
18555,0.189521,No,Danish,
4042,0.222700,No,Danish,
156039,0.030676,No,Danish,
176057,0.071591,No,Danish,
37013,0.236516,No,Danish,
34577,0.039048,No,Danish,
136726,0.090093,No,Danish,
40268,0.006693,No,Danish,
155618,0.132964,No,Danish,
11815,0.245085,No,Danish,
182513,0.132964,No,Danish,
64975,0.044681,No,Danish,
61722,0.069542,No,Danish,
11148,0.117572,No,Danish,
179675,0.059210,No,Danish,
59315,0.100879,No,Danish,
65855,0.015906,No,Danish,
10917,0.206894,No,Danish,
182939,0.156105,No,Danish,
23907,0.028008,No,Danish,
167344,0.433981,No,Danish,
182288,0.010014,No,Danish,
35887,0.199308,No,Danish,
41517,0.250913,No,Danish,
185522,0.173288,No,Danish,
63321,0.272025,No,Danish,
23360,0.300746,No,Danish,
26227,0.140336,No,Danish,
32436,0.287768,No,Danish,
55726,0.607663,Yes,Danish,
147145,0.304042,No,Danish,
51733,0.102305,No,Danish,
181128,0.217338,No,Danish,
52499,0.070560,No,Danish,
60584,0.148047,No,Danish,
167679,0.194368,No,Danish,
49320,0.222700,No,Danish,
151927,0.042088,No,Danish,
56792,0.175538,No,Danish,
6100,0.225417,No,Danish,
12021,0.272025,No,Danish,
20655,0.079210,No,Danish,
50801,0.131173,No,Danish,
53626,0.062789,No,Danish,
28736,0.063715,No,Danish,
185952,0.259826,No,Danish,
65941,0.177811,No,Danish,
26108,0.015906,No,Danish,
167345,0.496094,No,Danish,
165702,0.066569,No,Danish,
180274,0.503906,Yes,Danish,
18046,0.679179,Yes,Danish,
25388,0.675765,Yes,Danish,
184629,0.103749,No,Danish,
4012,0.007012,No,Danish,
160059,0.422505,No,Danish,
185876,0.287768,No,Danish,
188054,0.278257,No,Danish,
166166,0.146087,No,Danish,
8789,0.310694,No,Danish,
166951,0.111241,No,Danish,
19573,0.464902,No,Danish,
97,0.081520,No,Danish,
46447,0.015906,No,Danish,
57135,0.016915,No,Danish,
63404,0.039048,No,Danish,
178652,0.317426,No,Danish,
148402,0.204342,No,Danish,
154104,0.637031,Yes,Danish,
50995,0.236516,No,Danish,
161209,0.245085,No,Danish,
149269,0.399812,No,Danish,
156561,0.024054,No,Danish,
154823,0.290981,No,Danish,
149150,0.160266,No,Danish,
183882,0.056652,No,Danish,
23020,0.071591,No,Danish,
47439,0.484380,No,Danish,
5465,0.154058,No,Danish,
162021,0.055823,No,Danish,
182824,0.392337,No,Danish,
33984,0.039048,No,Danish,
172477,0.146087,No,Danish,
158103,0.414899,No,Danish,
65019,0.611382,Yes,Danish,
177471,0.214691,No,Danish,
4442,0.005060,No,Danish,
156626,0.106691,No,Danish,
160995,0.317426,No,Danish,
23172,0.184768,No,Danish,
3743,0.028871,No,Danish,
168528,0.177811,No,Danish,
160549,0.381220,No,Danish,
10968,0.131173,No,Danish,
33220,0.217338,No,Danish,
48732,0.057493,No,Danish,
55583,0.399812,No,Danish,
49953,0.217338,No,Danish,
31451,0.352202,No,Danish,
182827,0.225417,No,Danish,
17183,0.388618,No,Danish,
53196,0.054199,No,Danish,
180279,0.317426,No,Danish,
36495,0.314051,No,Danish,
3443,0.164516,No,Danish,
40134,0.021615,No,Danish,
22961,0.022629,No,Danish,
183491,0.055823,No,Danish,
174465,0.031619,No,Danish,
45655,0.225417,No,Danish,
51757,0.060975,No,Danish,
160261,0.078078,No,Danish,
181214,0.099470,No,Danish,
10583,0.242206,No,Danish,
64726,0.209470,No,Danish,
6127,0.039639,No,Danish,
57155,0.284576,No,Danish,
160082,0.384912,No,Danish,
22187,0.002801,No,Danish,
2350,0.074770,No,Danish,
147585,0.281406,No,Danish,
9901,0.037892,No,Danish,
177638,0.100879,No,Danish,
46288,0.618780,Yes,Danish,
169538,0.031144,No,Danish,
24467,0.078078,No,Danish,
32439,0.108189,No,Danish,
15086,0.236516,No,Danish,
159313,0.091382,No,Danish,
45002,0.585101,Yes,Danish,
1232,0.236516,No,Danish,
33743,0.047426,No,Danish,
185860,0.500000,No,Danish,
181799,0.184768,No,Danish,
62802,0.053403,No,Danish,
178858,0.021948,No,Danish,
62284,0.403567,No,Danish,
45499,0.327668,No,Danish,
179996,0.120853,No,Danish,
173882,0.220007,No,Danish,
160771,0.091382,No,Danish,
20068,0.230920,No,Danish,
47843,0.523420,Yes,Danish,
33383,0.013428,No,Danish,
170487,0.352202,No,Danish,
153710,0.685949,Yes,Danish,
165078,0.177811,No,Danish,
159192,0.262842,No,Danish,
164060,0.154058,No,Danish,
136864,0.034619,No,Danish,
22188,0.262842,No,Danish,
6191,0.042722,No,Danish,
181968,0.114369,No,Danish,
165734,0.018833,No,Danish,
171535,0.403567,No,Danish,
161180,0.138462,No,Danish,
3116,0.072637,No,Danish,
60548,0.242206,No,Danish,
1148,0.034100,No,Danish,
26151,0.136608,No,Danish,
31349,0.228157,No,Danish,
165005,0.168857,No,Danish,
170507,0.103749,No,Danish,
161485,0.201813,No,Danish,
146589,0.067547,No,Danish,
172844,0.098079,No,Danish,
157509,0.036220,No,Danish,
56614,0.142232,No,Danish,
180405,0.105211,No,Danish,
806,0.230920,No,Danish,
200549,0.088820,No,Danish,
3755,0.290981,No,Danish,
25264,0.016153,No,Danish,
151878,0.461017,No,Danish,
50247,0.003273,No,Danish,
181063,0.059210,No,Danish,
5090,0.003377,No,Danish,
170015,0.079210,No,Danish,
24881,0.464902,No,Danish,
137088,0.535098,Yes,Danish,
32465,0.222700,No,Danish,
18927,0.004134,No,Danish,
55888,0.083890,No,Danish,
171541,0.102305,No,Danish,
169468,0.217338,No,Danish,
11919,0.204342,No,Danish,
2847,0.222700,No,Danish,
38416,0.359364,No,Danish,
32204,0.109706,No,Danish,
37424,0.105211,No,Danish,
156341,0.388618,No,Danish,
41824,0.233706,No,Danish,
154260,0.180107,No,Danish,
173593,0.016657,No,Danish,
531,0.039048,No,Danish,
43668,0.247987,No,Danish,
158484,0.022629,No,Danish,
147285,0.042722,No,Danish,
48829,0.132964,No,Danish,
19458,0.314051,No,Danish,
59132,0.259826,No,Danish,
160238,0.051845,No,Danish,
28202,0.396068,No,Danish,
161218,0.112795,No,Danish,
38821,0.287768,No,Danish,
176526,0.099470,No,Danish,
152437,0.201813,No,Danish,
3533,0.265880,No,Danish,
50769,0.453262,No,Danish,
147552,0.388618,No,Danish,
36672,0.098079,No,Danish,
32182,0.196826,No,Danish,
148888,0.225417,No,Danish,
172748,0.125923,No,Danish,
60181,0.250913,No,Danish,
178924,0.242206,No,Danish,
17459,0.142232,No,Danish,
22014,0.228157,No,Danish,
36668,0.457137,No,Danish,
184904,0.162380,No,Danish,
25483,0.008062,No,Danish,
10529,0.348645,No,Danish,
164807,0.182426,No,Danish,
155591,0.125923,No,Danish,
63576,0.083890,No,Danish,
6304,0.017712,No,Danish,
22141,0.003430,No,Danish,
175337,0.079210,No,Danish,
148245,0.359364,No,Danish,
184176,0.088820,No,Danish,
167002,0.030676,No,Danish,
44796,0.307358,No,Danish,
47099,0.341582,No,Danish,
170563,0.158174,No,Danish,
17182,0.013637,No,Danish,
171673,0.247987,No,Danish,
56376,0.140336,No,Danish,
19963,0.433981,No,Danish,
172293,0.800692,Yes,Danish,
5019,0.345105,No,Danish,
22725,0.399812,No,Danish,
150998,0.705785,Yes,Danish,
55355,0.177811,No,Danish,
175591,0.511717,Yes,Danish,
61545,0.366590,No,Danish,
56706,0.558327,Yes,Danish,
36318,0.027169,No,Danish,
180750,0.334589,No,Danish,
17840,0.037892,No,Danish,
199655,0.453262,No,Danish,
64009,0.132964,No,Danish,
42905,0.148047,No,Danish,
1749,0.324235,No,Danish,
26977,0.034619,No,Danish,
162283,0.083890,No,Danish,
155871,0.275130,No,Danish,
151377,0.150029,No,Danish,
184049,0.083890,No,Danish,
164164,0.488283,No,Danish,
164777,0.134776,No,Danish,
4955,0.171061,No,Danish,
3067,0.055005,No,Danish,
45200,0.009268,No,Danish,
5587,0.028871,No,Danish,
186332,0.045353,No,Danish,
153742,0.049589,No,Danish,
179288,0.222700,No,Danish,
31969,0.023331,No,Danish,
66113,0.800692,Yes,Danish,
153995,0.164516,No,Danish,
56048,0.242206,No,Danish,
152215,0.168857,No,Danish,
184291,0.168857,No,Danish,
40208,0.073696,No,Danish,
11859,0.039639,No,Danish,
185719,0.184768,No,Danish,
177726,0.538983,Yes,Danish,
61348,0.384912,No,Danish,
150641,0.109706,No,Danish,
44220,0.377541,No,Danish,
176380,0.297470,No,Danish,
21515,0.268941,No,Danish,
171518,0.191933,No,Danish,
150604,0.194368,No,Danish,
173246,0.067547,No,Danish,
173462,0.164516,No,Danish,
153306,0.088820,No,Danish,
18485,0.611382,Yes,Danish,
7976,0.233706,No,Danish,
65441,0.040846,No,Danish,
152808,0.129403,No,Danish,
33134,0.214691,No,Danish,
154473,0.519521,Yes,Danish,
36824,0.287768,No,Danish,
7597,0.359364,No,Danish,
65051,0.071591,No,Danish,
41938,0.348645,No,Danish,
61011,0.771843,Yes,Danish,
31171,0.092688,No,Danish,
51622,0.074770,No,Danish,
35162,0.031144,No,Danish,
43567,0.199308,No,Danish,
64317,0.001170,No,Danish,
28441,0.577495,Yes,Danish,
166793,0.355775,No,Danish,
1764,0.044019,No,Danish,
153861,0.411111,No,Danish,
24223,0.396068,No,Danish,
43562,0.108189,No,Danish,
65973,0.014282,No,Danish,
147228,0.021287,No,Danish,
17304,0.300746,No,Danish,
44576,0.217338,No,Danish,
169669,0.043366,No,Danish,
46133,0.158174,No,Danish,
23398,0.025179,No,Danish,
147540,0.012432,No,Danish,
38901,0.297470,No,Danish,
153737,0.125923,No,Danish,
62329,0.307358,No,Danish,
41231,0.054199,No,Danish,
42401,0.345105,No,Danish,
32581,0.009860,No,Danish,
163909,0.275130,No,Danish,
64389,0.160266,No,Danish,
34623,0.002473,No,Danish,
165406,0.679179,Yes,Danish,
39396,0.092688,No,Danish,
170962,0.272025,No,Danish,
24444,0.184768,No,Danish,
28776,0.030215,No,Danish,
169441,0.496094,No,Danish,
21015,0.003028,No,Danish,
151903,0.012241,No,Danish,
28340,0.046034,No,Danish,
22812,0.284576,No,Danish,
5814,0.294215,No,Danish,
11258,0.158174,No,Danish,
58991,0.250913,No,Danish,
153482,0.250913,No,Danish,
46027,0.377541,No,Danish,
33906,0.370225,No,Danish,
154929,0.058346,No,Danish,
24328,0.441673,No,Danish,
44877,0.066569,No,Danish,
61805,0.196826,No,Danish,
27007,0.132964,No,Danish,
4458,0.005060,No,Danish,
41374,0.449393,No,Danish,
151864,0.500000,No,Danish,
52671,0.027585,No,Danish,
185511,0.168857,No,Danish,
178714,0.063715,No,Danish,
20090,0.177811,No,Danish,
165746,0.042088,No,Danish,
199512,0.166675,No,Danish,
17047,0.092688,No,Danish,
147505,0.453262,No,Danish,
23753,0.030676,No,Danish,
11274,0.000755,No,Danish,
175151,0.573678,Yes,Danish,
62650,0.046725,No,Danish,
44758,0.105211,No,Danish,
39262,0.034100,No,Danish,
151974,0.010014,No,Danish,
183129,0.037327,No,Danish,
46594,0.131173,No,Danish,
175762,0.020964,No,Danish,
148409,0.437823,No,Danish,
30480,0.134776,No,Danish,
148647,0.061876,No,Danish,
146779,0.388618,No,Danish,
23531,0.168857,No,Danish,
22403,0.150029,No,Danish,
53205,0.019419,No,Danish,
153321,0.812867,Yes,Danish,
151301,0.034619,No,Danish,
10442,0.102305,No,Danish,
171702,0.079210,No,Danish,
184871,0.064653,No,Danish,
178746,0.099470,No,Danish,
167823,0.268941,No,Danish,
177534,0.019124,No,Danish,
183057,0.573678,Yes,Danish,
36827,0.359364,No,Danish,
26797,0.265880,No,Danish,
5769,0.073696,No,Danish,
167864,0.492188,No,Danish,
59542,0.411111,No,Danish,
3514,0.527317,Yes,Danish,
186481,0.014282,No,Danish,
188046,0.453262,No,Danish,
150492,0.166675,No,Danish,
175066,0.204342,No,Danish,
39708,0.106691,No,Danish,
184555,0.012054,No,Danish,
48432,0.028008,No,Danish,
169510,0.064653,No,Danish,
50805,0.177811,No,Danish,
5101,0.018264,No,Danish,
147889,0.338077,No,Danish,
155623,0.230920,No,Danish,
25311,0.004265,No,Danish,
164815,0.184768,No,Danish,
31325,0.076961,No,Danish,
53348,0.032101,No,Danish,
9835,0.038466,No,Danish,
181742,0.212069,No,Danish,
26302,0.182426,No,Danish,
4441,0.003707,No,Danish,
165949,0.021615,No,Danish,
17972,0.317426,No,Danish,
58145,0.025957,No,Danish,
168781,0.029760,No,Danish,
185403,0.045353,No,Danish,
63034,0.588889,Yes,Danish,
164851,0.334589,No,Danish,
31071,0.047426,No,Danish,
176309,0.125923,No,Danish,
165494,0.100879,No,Danish,
46944,0.033086,No,Danish,
21409,0.554470,Yes,Danish,
25559,0.519521,Yes,Danish,
153845,0.052619,No,Danish,
160564,0.338077,No,Danish,
7025,0.058346,No,Danish,
177435,0.290981,No,Danish,
51140,0.131173,No,Danish,
188123,0.100879,No,Danish,
184203,0.076961,No,Danish,
36121,0.418697,No,Danish,
186482,0.032101,No,Danish,
19982,0.173288,No,Danish,
26567,0.011158,No,Danish,
149844,0.265880,No,Danish,
1309,0.019124,No,Danish,
148015,0.209470,No,Danish,
31114,0.044681,No,Danish,
11013,0.073696,No,Danish,
16902,0.056652,No,Danish,
50114,0.054199,No,Danish,
152497,0.023689,No,Danish,
5376,0.106691,No,Danish,
46325,0.373876,No,Danish,
160265,0.187133,No,Danish,
44471,0.088820,No,Danish,
47597,0.225417,No,Danish,
25144,0.262842,No,Danish,
11659,0.102305,No,Danish,
172630,0.507812,Yes,Danish,
19246,0.016657,No,Danish,
188163,0.441673,No,Danish,
42733,0.125923,No,Danish,
155711,0.287768,No,Danish,
156552,0.038466,No,Danish,
169857,0.156105,No,Danish,
60596,0.327668,No,Danish,
180325,0.546738,Yes,Danish,
23576,0.039048,No,Danish,
136897,0.069542,No,Danish,
173859,0.013223,No,Danish,
10423,0.022286,No,Danish,
157548,0.124213,No,Danish,
5803,0.345105,No,Danish,
11427,0.014729,No,Danish,
24033,0.031144,No,Danish,
57993,0.177811,No,Danish,
24115,0.074770,No,Danish,
166076,0.037327,No,Danish,
47573,0.331120,No,Danish,
184481,0.048858,No,Danish,
162616,0.239349,No,Danish,
20849,0.002183,No,Danish,
2530,0.029312,No,Danish,
11215,0.142232,No,Danish,
180052,0.175538,No,Danish,
5996,0.384912,No,Danish,
165056,0.225417,No,Danish,
170527,0.105211,No,Danish,
178394,0.041462,No,Danish,
39168,0.275130,No,Danish,
16030,0.025957,No,Danish,
53634,0.407333,No,Danish,
153994,0.039639,No,Danish,
24957,0.031619,No,Danish,
44618,0.017442,No,Danish,
46453,0.036769,No,Danish,
176216,0.381220,No,Danish,
11140,0.075858,No,Danish,
20726,0.136608,No,Danish,
64467,0.268941,No,Danish,
155596,0.272025,No,Danish,
43439,0.633410,Yes,Danish,
20370,0.029312,No,Danish,
163702,0.127653,No,Danish,
36029,0.488283,No,Danish,
48352,0.384912,No,Danish,
37410,0.008316,No,Danish,
21039,0.212069,No,Danish,
33726,0.158174,No,Danish,
48365,0.018833,No,Danish,
160367,0.086323,No,Danish,
19171,0.070560,No,Danish,
148067,0.037892,No,Danish,
54640,0.046725,No,Danish,
167139,0.131173,No,Danish,
34736,0.272025,No,Danish,
183367,0.069542,No,Danish,
179635,0.140336,No,Danish,
22015,0.081520,No,Danish,
174275,0.160266,No,Danish,
156218,0.236516,No,Danish,
178997,0.422505,No,Danish,
46975,0.080357,No,Danish,
40435,0.464902,No,Danish,
11953,0.004199,No,Danish,
32132,0.063715,No,Danish,
49851,0.158174,No,Danish,
151909,0.600188,Yes,Danish,
186755,0.134776,No,Danish,
22846,0.048137,No,Danish,
167337,0.046725,No,Danish,
41928,0.010653,No,Danish,
15182,0.184768,No,Danish,
49947,0.320821,No,Danish,
61416,0.304042,No,Danish,
26971,0.102305,No,Danish,
22578,0.048137,No,Danish,
8884,0.002019,No,Danish,
46761,0.297470,No,Danish,
28998,0.024054,No,Danish,
52971,0.331120,No,Danish,
55107,0.324235,No,Danish,
322,0.032590,No,Danish,
55021,0.042722,No,Danish,
170267,0.164516,No,Danish,
32270,0.049589,No,Danish,
146615,0.007233,No,Danish,
172727,0.002019,No,Danish,
54733,0.476580,No,Danish,
153408,0.230920,No,Danish,
179970,0.242206,No,Danish,
186253,0.381220,No,Danish,
62382,0.117572,No,Danish,
184958,0.111241,No,Danish,
29056,0.217338,No,Danish,
35470,0.233706,No,Danish,
150234,0.088820,No,Danish,
38540,0.031619,No,Danish,
185362,0.152032,No,Danish,
173977,0.105211,No,Danish,
167054,0.327668,No,Danish,
136756,0.020646,No,Danish,
149131,0.668880,Yes,Danish,
59513,0.278257,No,Danish,
47257,0.294215,No,Danish,
151178,0.535098,Yes,Danish,
185071,0.112795,No,Danish,
182796,0.209470,No,Danish,
153685,0.035145,No,Danish,
177014,0.373876,No,Danish,
156510,0.225417,No,Danish,
177270,0.414899,No,Danish,
48137,0.005140,No,Danish,
158805,0.220007,No,Danish,
26758,0.403567,No,Danish,
31812,0.044681,No,Danish,
39850,0.503906,Yes,Danish,
16640,0.148047,No,Danish,
18017,0.064653,No,Danish,
10895,0.040846,No,Danish,
12221,0.044019,No,Danish,
170547,0.066569,No,Danish,
150099,0.138462,No,Danish,
9012,0.108189,No,Danish,
62636,0.033086,No,Danish,
154092,0.023331,No,Danish,
164759,0.164516,No,Danish,
137099,0.523420,Yes,Danish,
9139,0.081520,No,Danish,
15845,0.230920,No,Danish,
40265,0.001478,No,Danish,
161357,0.144149,No,Danish,
164715,0.106691,No,Danish,
178269,0.184768,No,Danish,
61636,0.031619,No,Danish,
147707,0.519521,Yes,Danish,
33831,0.695958,Yes,Danish,
29571,0.021615,No,Danish,
59189,0.603932,Yes,Danish,
170602,0.199308,No,Danish,
7770,0.076961,No,Danish,
43186,0.069542,No,Danish,
53452,0.290981,No,Danish,
153161,0.314051,No,Danish,
9199,0.148047,No,Danish,
63691,0.194368,No,Danish,
54394,0.022977,No,Danish,
151122,0.233706,No,Danish,
153081,0.075858,No,Danish,
48998,0.334589,No,Danish,
170557,0.622459,Yes,Danish,
62884,0.177811,No,Danish,
25411,0.672332,Yes,Danish,
43041,0.010489,No,Danish,
46494,0.265880,No,Danish,
1367,0.217338,No,Danish,
56681,0.242206,No,Danish,
7673,0.800692,Yes,Danish,
34400,0.060087,No,Danish,
177867,0.355775,No,Danish,
173261,0.067547,No,Danish,
30502,0.019719,No,Danish,
174938,0.095349,No,Danish,
56141,0.194368,No,Danish,
62907,0.294215,No,Danish,
21608,0.073696,No,Danish,
16979,0.111241,No,Danish,
61992,0.035679,No,Danish,
8644,0.099470,No,Danish,
63947,0.542863,Yes,Danish,
169100,0.366590,No,Danish,
21086,0.012432,No,Danish,
157408,0.236516,No,Danish,
25760,0.220007,No,Danish,
20283,0.334589,No,Danish,
150617,0.396068,No,Danish,
58816,0.187133,No,Danish,
18458,0.373876,No,Danish,
178566,0.233706,No,Danish,
21185,0.049589,No,Danish,
31473,0.051083,No,Danish,
18928,0.366590,No,Danish,
45112,0.010170,No,Danish,
18488,0.098079,No,Danish,
63222,0.209470,No,Danish,
40527,0.019719,No,Danish,
6458,0.078078,No,Danish,
29585,0.036769,No,Danish,
26228,0.132964,No,Danish,
1756,0.142232,No,Danish,
62926,0.484380,No,Danish,
38239,0.080357,No,Danish,
2731,0.023331,No,Danish,
148069,0.233706,No,Danish,
165233,0.168857,No,Danish,
51712,0.096706,No,Danish,
29602,0.142232,No,Danish,
59344,0.281406,No,Danish,
35181,0.100879,No,Danish,
61548,0.212069,No,Danish,
155337,0.573678,Yes,Danish,
26572,0.009268,No,Danish,
6340,0.233706,No,Danish,
152090,0.220007,No,Danish,
162590,0.010818,No,Danish,
1703,0.013849,No,Danish,
16352,0.721743,Yes,Danish,
136843,0.182426,No,Danish,
180969,0.119203,No,Danish,
148166,0.445530,No,Danish,
171469,0.430147,No,Danish,
161844,0.168857,No,Danish,
33099,0.310694,No,Danish,
24904,0.464902,No,Danish,
149862,0.320821,No,Danish,
46795,0.324235,No,Danish,
917,0.245085,No,Danish,
188236,0.320821,No,Danish,
180082,0.070560,No,Danish,
176612,0.392337,No,Danish,
38662,0.373876,No,Danish,
21900,0.013849,No,Danish,
36074,0.042088,No,Danish,
63536,0.138462,No,Danish,
18099,0.384912,No,Danish,
65450,0.327668,No,Danish,
30178,0.160266,No,Danish,
46847,0.040846,No,Danish,
150593,0.381220,No,Danish,
185173,0.222700,No,Danish,
44703,0.100879,No,Danish,
7525,0.519521,Yes,Danish,
184654,0.142232,No,Danish,
46625,0.010818,No,Danish,
169351,0.065605,No,Danish,
185250,0.064653,No,Danish,
35358,0.096706,No,Danish,
62021,0.558327,Yes,Danish,
35113,0.067547,No,Danish,
54757,0.196826,No,Danish,
63852,0.278257,No,Danish,
49441,0.212069,No,Danish,
25541,0.138462,No,Danish,
51109,0.822189,Yes,Danish,
182413,0.214691,No,Danish,
179152,0.338077,No,Danish,
1370,0.124213,No,Danish,
51369,0.366590,No,Danish,
57981,0.461017,No,Danish,
56059,0.538983,Yes,Danish,
184095,0.029760,No,Danish,
35443,0.214691,No,Danish,
52076,0.044681,No,Danish,
57687,0.046725,No,Danish,
23667,0.073696,No,Danish,
170490,0.136608,No,Danish,
62599,0.003124,No,Danish,
40625,0.230920,No,Danish,
168975,0.027169,No,Danish,
165374,0.384912,No,Danish,
175356,0.067547,No,Danish,
149068,0.166675,No,Danish,
43831,0.236516,No,Danish,
38638,0.250913,No,Danish,
64448,0.071591,No,Danish,
4190,0.119203,No,Danish,
36254,0.162380,No,Danish,
167698,0.310694,No,Danish,
58619,0.016153,No,Danish,
20321,0.031619,No,Danish,
168857,0.069542,No,Danish,
38996,0.214691,No,Danish,
177129,0.055005,No,Danish,
27125,0.715424,Yes,Danish,
153589,0.019419,No,Danish,
152398,0.507812,Yes,Danish,
31682,0.242206,No,Danish,
55038,0.136608,No,Danish,
199801,0.131173,No,Danish,
64035,0.138462,No,Danish,
34419,0.007816,No,Danish,
16542,0.009268,No,Danish,
186051,0.090093,No,Danish,
183326,0.396068,No,Danish,
31732,0.096706,No,Danish,
157181,0.180107,No,Danish,
151041,0.111241,No,Danish,
59256,0.290981,No,Danish,
19762,0.111241,No,Danish,
16939,0.154058,No,Danish,
4797,0.679179,Yes,Danish,
49293,0.217338,No,Danish,
146667,0.259826,No,Danish,
59436,0.222700,No,Danish,
16604,0.201813,No,Danish,
179020,0.142232,No,Danish,
162293,0.426322,No,Danish,
4907,0.040238,No,Danish,
29183,0.041462,No,Danish,
39413,0.026355,No,Danish,
157166,0.100879,No,Danish,
7268,0.362969,No,Danish,
24664,0.766294,Yes,Danish,
183291,0.136608,No,Danish,
185067,0.115961,No,Danish,
181182,0.225417,No,Danish,
157488,0.056652,No,Danish,
175798,0.206894,No,Danish,
25107,0.542863,Yes,Danish,
41448,0.189521,No,Danish,
171542,0.011687,No,Danish,
169341,0.021615,No,Danish,
49310,0.053403,No,Danish,
148460,0.088820,No,Danish,
6544,0.076961,No,Danish,
150753,0.284576,No,Danish,
52230,0.119203,No,Danish,
184490,0.074770,No,Danish,
178849,0.088820,No,Danish,
29489,0.017712,No,Danish,
150776,0.253861,No,Danish,
6086,0.091382,No,Danish,
41003,0.265880,No,Danish,
170294,0.112795,No,Danish,
186213,0.094010,No,Danish,
43507,0.134776,No,Danish,
41524,0.042088,No,Danish,
60677,0.449393,No,Danish,
165816,0.106691,No,Danish,
169744,0.115961,No,Danish,
8546,0.114369,No,Danish,
148170,0.154058,No,Danish,
11696,0.001245,No,Danish,
30342,0.015425,No,Danish,
26461,0.004905,No,Danish,
23094,0.007938,No,Danish,
160077,0.250913,No,Danish,
175074,0.062789,No,Danish,
25318,0.160266,No,Danish,
61267,0.026355,No,Danish,
10600,0.013637,No,Danish,
56513,0.554470,Yes,Danish,
146632,0.592667,Yes,Danish,
60982,0.445530,No,Danish,
28140,0.114369,No,Danish,
57224,0.090093,No,Danish,
61161,0.199308,No,Danish,
54151,0.640636,Yes,Danish,
156706,0.144149,No,Danish,
17369,0.381220,No,Danish,
19577,0.225417,No,Danish,
170559,0.661923,Yes,Danish,
38252,0.001755,No,Danish,
1672,0.005730,No,Danish,
55522,0.370225,No,Danish,
3349,0.088820,No,Danish,
159378,0.120853,No,Danish,
182262,0.082697,No,Danish,
155378,0.007121,No,Danish,
157048,0.265880,No,Danish,
60750,0.457137,No,Danish,
36540,0.063715,No,Danish,
19770,0.102305,No,Danish,
168477,0.472683,No,Danish,
51130,0.086323,No,Danish,
43000,0.566019,Yes,Danish,
186466,0.016657,No,Danish,
147851,0.044681,No,Danish,
10296,0.310694,No,Danish,
52032,0.162380,No,Danish,
59194,0.180107,No,Danish,
11948,0.008577,No,Danish,
162400,0.331120,No,Danish,
163779,0.146087,No,Danish,
16774,0.359364,No,Danish,
178422,0.430147,No,Danish,
178968,0.036220,No,Danish,
39813,0.088820,No,Danish,
58579,0.803174,Yes,Danish,
166889,0.173288,No,Danish,
35980,0.012625,No,Danish,
155254,0.310694,No,Danish,
184954,0.106691,No,Danish,
65611,0.095349,No,Danish,
54998,0.144149,No,Danish,
54896,0.206894,No,Danish,
184000,0.117572,No,Danish,
44749,0.492188,No,Danish,
7681,0.228157,No,Danish,
182261,0.048137,No,Danish,
28503,0.103749,No,Danish,
44814,0.519521,Yes,Danish,
19094,0.403567,No,Danish,
43608,0.468791,No,Danish,
35478,0.168857,No,Danish,
9649,0.120853,No,Danish,
177398,0.074770,No,Danish,
44208,0.327668,No,Danish,
60304,0.204342,No,Danish,
30729,0.136608,No,Danish,
11327,0.011687,No,Danish,
150301,0.290981,No,Danish,
151809,0.626124,Yes,Danish,
147044,0.095349,No,Danish,
165715,0.087564,No,Danish,
177487,0.106691,No,Danish,
164043,0.206894,No,Danish,
54647,0.152032,No,Danish,
150592,0.278257,No,Danish,
150515,0.191933,No,Danish,
175759,0.032590,No,Danish,
42717,0.131173,No,Danish,
54462,0.209470,No,Danish,
15310,0.453262,No,Danish,
43967,0.187133,No,Danish,
33216,0.180107,No,Danish,
162687,0.069542,No,Danish,
34403,0.496094,No,Danish,
182464,0.012241,No,Danish,
5141,0.370225,No,Danish,
185672,0.114369,No,Danish,
11422,0.092688,No,Danish,
184032,0.026355,No,Danish,
43159,0.743168,Yes,Danish,
200221,0.071591,No,Danish,
151571,0.106691,No,Danish,
64586,0.294215,No,Danish,
62688,0.127653,No,Danish,
39749,0.035145,No,Danish,
37246,0.076961,No,Danish,
61086,0.156105,No,Danish,
146410,0.430147,No,Danish,
26837,0.007346,No,Danish,
149342,0.096706,No,Danish,
59990,0.519521,Yes,Danish,
11808,0.003707,No,Danish,
154577,0.076961,No,Danish,
157247,0.142232,No,Danish,
54206,0.445530,No,Danish,
41945,0.119203,No,Danish,
47182,0.018547,No,Danish,
37808,0.056652,No,Danish,
64397,0.070560,No,Danish,
54023,0.370225,No,Danish,
44137,0.464902,No,Danish,
160456,0.307358,No,Danish,
60537,0.201813,No,Danish,
178996,0.300746,No,Danish,
9043,0.025957,No,Danish,
2800,0.014064,No,Danish,
59272,0.070560,No,Danish,
34653,0.009559,No,Danish,
155574,0.294215,No,Danish,
154411,0.760651,Yes,Danish,
151079,0.206894,No,Danish,
38961,0.068537,No,Danish,
36996,0.199308,No,Danish,
17983,0.236516,No,Danish,
166790,0.060975,No,Danish,
161392,0.527317,Yes,Danish,
21360,0.079210,No,Danish,
162890,0.122523,No,Danish,
34860,0.054199,No,Danish,
56331,0.160266,No,Danish,
176790,0.005820,No,Danish,
23594,0.120853,No,Danish,
179307,0.550607,Yes,Danish,
157307,0.026355,No,Danish,
180894,0.026355,No,Danish,
53507,0.122523,No,Danish,
146659,0.233706,No,Danish,
153282,0.352202,No,Danish,
7801,0.148047,No,Danish,
200148,0.072637,No,Danish,
9223,0.078078,No,Danish,
149678,0.242206,No,Danish,
31390,0.031619,No,Danish,
17583,0.284576,No,Danish,
50676,0.247987,No,Danish,
168093,0.523420,Yes,Danish,
31620,0.016657,No,Danish,
151195,0.798187,Yes,Danish,
176193,0.272025,No,Danish,
151844,0.018833,No,Danish,
176572,0.002981,No,Danish,
149059,0.129403,No,Danish,
40022,0.523420,Yes,Danish,
178935,0.140336,No,Danish,
44698,0.095349,No,Danish,
60191,0.307358,No,Danish,
29042,0.115961,No,Danish,
181627,0.484380,No,Danish,
176811,0.100879,No,Danish,
158031,0.065605,No,Danish,
51901,0.071591,No,Danish,
36236,0.035145,No,Danish,
28311,0.112795,No,Danish,
19373,0.849971,Yes,Danish,
3808,0.685949,Yes,Danish,
7232,0.396068,No,Danish,
185175,0.134776,No,Danish,
168132,0.294215,No,Danish,
29757,0.040238,No,Danish,
7290,0.201813,No,Danish,
7634,0.320821,No,Danish,
176020,0.233706,No,Danish,
160899,0.388618,No,Danish,
62717,0.035145,No,Danish,
25044,0.078078,No,Danish,
36686,0.044019,No,Danish,
179361,0.061876,No,Danish,
177196,0.099470,No,Danish,
164605,0.554470,Yes,Danish,
153197,0.201813,No,Danish,
147446,0.611382,Yes,Danish,
157901,0.125923,No,Danish,
53685,0.055823,No,Danish,
186301,0.144149,No,Danish,
159253,0.028008,No,Danish,
151658,0.053403,No,Danish,
185465,0.134776,No,Danish,
53017,0.011687,No,Danish,
2786,0.044019,No,Danish,
60143,0.281406,No,Danish,
154861,0.414899,No,Danish,
43232,0.030676,No,Danish,
11525,0.209470,No,Danish,
64303,0.016915,No,Danish,
169471,0.527317,Yes,Danish,
49064,0.523420,Yes,Danish,
8217,0.247987,No,Danish,
56617,0.037892,No,Danish,
53125,0.092688,No,Danish,
148260,0.068537,No,Danish,
10408,0.011869,No,Danish,
173617,0.124213,No,Danish,
177159,0.012241,No,Danish,
54350,0.175538,No,Danish,
60646,0.278257,No,Danish,
153213,0.250913,No,Danish,
158332,0.422505,No,Danish,
154774,0.060087,No,Danish,
33312,0.144149,No,Danish,
31560,0.445530,No,Danish,
57848,0.085099,No,Danish,
24480,0.679179,Yes,Danish,
2207,0.278257,No,Danish,
20785,0.131173,No,Danish,
56741,0.079210,No,Danish,
32202,0.016153,No,Danish,
22509,0.171061,No,Danish,
164023,0.956634,Yes,Danish,
10764,0.160266,No,Danish,
40691,0.345105,No,Danish,
60791,0.689306,Yes,Danish,
8072,0.527317,Yes,Danish,
64363,0.160266,No,Danish,
30275,0.600188,Yes,Danish,
58008,0.065605,No,Danish,
42366,0.085099,No,Danish,
60740,0.381220,No,Danish,
26913,0.194368,No,Danish,
159101,0.236516,No,Danish,
44088,0.492188,No,Danish,
153028,0.136608,No,Danish,
64359,0.008577,No,Danish,
151121,0.388618,No,Danish,
18588,0.024423,No,Danish,
34005,0.087564,No,Danish,
46909,0.201813,No,Danish,
169544,0.718594,Yes,Danish,
40471,0.016153,No,Danish,
148726,0.094010,No,Danish,
48320,0.392337,No,Danish,
44304,0.078078,No,Danish,
384,0.182426,No,Danish,
52663,0.006388,No,Danish,
39772,0.009413,No,Danish,
21411,0.503906,Yes,Danish,
176552,0.124213,No,Danish,
158589,0.307358,No,Danish,
4866,0.120853,No,Danish,
21680,0.011869,No,Danish,
146536,0.065605,No,Danish,
39480,0.003377,No,Danish,
147904,0.095349,No,Danish,
172170,0.120853,No,Danish,
44781,0.074770,No,Danish,
156348,0.033086,No,Danish,
20963,0.037892,No,Danish,
1675,0.359364,No,Danish,
155216,0.043366,No,Danish,
152229,0.071591,No,Danish,
170983,0.076961,No,Danish,
41477,0.055005,No,Danish,
147722,0.245085,No,Danish,
179889,0.037327,No,Danish,
63942,0.119203,No,Danish,
55444,0.476580,No,Danish,
183577,0.272025,No,Danish,
15922,0.136608,No,Danish,
60398,0.341582,No,Danish,
187149,0.055005,No,Danish,
147048,0.061876,No,Danish,
171520,0.056652,No,Danish,
57154,0.006590,No,Danish,
30329,0.317426,No,Danish,
66385,0.012054,No,Danish,
31569,0.201813,No,Danish,
151356,0.004682,No,Danish,
31936,0.033086,No,Danish,
156543,0.253861,No,Danish,
146466,0.407333,No,Danish,
797,0.031144,No,Danish,
3799,0.577495,Yes,Danish,
46258,0.331120,No,Danish,
12037,0.009860,No,Danish,
43725,0.114369,No,Danish,
37708,0.152032,No,Danish,
166021,0.058346,No,Danish,
2875,0.168857,No,Danish,
21620,0.492188,No,Danish,
19899,0.373876,No,Danish,
62852,0.441673,No,Danish,
20430,0.138462,No,Danish,
186370,0.114369,No,Danish,
51147,0.106691,No,Danish,
162394,0.044681,No,Danish,
9299,0.317426,No,Danish,
166507,0.204342,No,Danish,
168045,0.212069,No,Danish,
183329,0.142232,No,Danish,
46671,0.099470,No,Danish,
184423,0.076961,No,Danish,
176715,0.268941,No,Danish,
64669,0.070560,No,Danish,
29243,0.055823,No,Danish,
146605,0.059210,No,Danish,
25702,0.122523,No,Danish,
6655,0.015664,No,Danish,
176322,0.115961,No,Danish,
174355,0.204342,No,Danish,
149108,0.041462,No,Danish,
162218,0.056652,No,Danish,
157074,0.124213,No,Danish,
38605,0.164516,No,Danish,
172210,0.048858,No,Danish,
64998,0.338077,No,Danish,
181212,0.079210,No,Danish,
55154,0.053403,No,Danish,
49047,0.740174,Yes,Danish,
60830,0.094010,No,Danish,
158656,0.245085,No,Danish,
62161,0.294215,No,Danish,
47651,0.373876,No,Danish,
53175,0.105211,No,Danish,
280,0.028008,No,Danish,
173285,0.233706,No,Danish,
18371,0.027585,No,Danish,
54373,0.220007,No,Danish,
45452,0.259826,No,Danish,
157300,0.209470,No,Danish,
41950,0.150029,No,Danish,
186397,0.078078,No,Danish,
56480,0.355775,No,Danish,
154686,0.644225,Yes,Danish,
65118,0.000511,No,Danish,
168973,0.531209,Yes,Danish,
31533,0.054199,No,Danish,
149107,0.056652,No,Danish,
25696,0.245085,No,Danish,
542,0.051845,No,Danish,
26393,0.063715,No,Danish,
4394,0.016915,No,Danish,
6661,0.048858,No,Danish,
54177,0.300746,No,Danish,
45351,0.024423,No,Danish,
17818,0.362969,No,Danish,
22058,0.355775,No,Danish,
44513,0.031144,No,Danish,
48477,0.129403,No,Danish,
33863,0.538983,Yes,Danish,
17415,0.080357,No,Danish,
3270,0.217338,No,Danish,
2038,0.001478,No,Danish,
148701,0.592667,Yes,Danish,
38254,0.236516,No,Danish,
156629,0.307358,No,Danish,
30052,0.392337,No,Danish,
27306,0.182426,No,Danish,
51809,0.058346,No,Danish,
29101,0.411111,No,Danish,
184375,0.037892,No,Danish,
19910,0.422505,No,Danish,
160969,0.124213,No,Danish,
4874,0.171061,No,Danish,
19447,0.003945,No,Danish,
42504,0.345105,No,Danish,
11239,0.373876,No,Danish,
61520,0.111241,No,Danish,
21031,0.278257,No,Danish,
170564,0.209470,No,Danish,
19369,0.099470,No,Danish,
174434,0.327668,No,Danish,
12361,0.062789,No,Danish,
171600,0.032590,No,Danish,
153816,0.445530,No,Danish,
163479,0.040846,No,Danish,
150357,0.054199,No,Danish,
1642,0.111241,No,Danish,
28697,0.281406,No,Danish,
7038,0.025565,No,Danish,
42789,0.278257,No,Danish,
19059,0.001082,No,Danish,
175896,0.250913,No,Danish,
8547,0.015425,No,Danish,
3995,0.014729,No,Danish,
18358,0.262842,No,Danish,
40702,0.870597,Yes,Danish,
151034,0.445530,No,Danish,
185888,0.304042,No,Danish,
171207,0.341582,No,Danish,
43898,0.015425,No,Danish,
157646,0.461017,No,Danish,
146688,0.352202,No,Danish,
4066,0.029760,No,Danish,
157042,0.053403,No,Danish,
36266,0.117572,No,Danish,
17123,0.045353,No,Danish,
157268,0.287768,No,Danish,
51477,0.230920,No,Danish,
157942,0.268941,No,Danish,
182584,0.088820,No,Danish,
54311,0.048858,No,Danish,
174599,0.233706,No,Danish,
185672,0.384912,No,Danish,
150167,0.129403,No,Danish,
19834,0.098079,No,Danish,
178367,0.527317,Yes,Danish,
155336,0.057493,No,Danish,
37570,0.052619,No,Danish,
56422,0.180107,No,Danish,
43293,0.044681,No,Danish,
182676,0.204342,No,Danish,
3929,0.099470,No,Danish,
184097,0.117572,No,Danish,
33283,0.152032,No,Danish,
35495,0.239349,No,Danish,
150204,0.032590,No,Danish,
158001,0.045353,No,Danish,
163507,0.790530,Yes,Danish,
60524,0.815232,Yes,Danish,
177507,0.511717,Yes,Danish,
3266,0.031619,No,Danish,
47479,0.209470,No,Danish,
163984,0.115961,No,Danish,
24235,0.399812,No,Danish,
55648,0.140336,No,Danish,
186736,0.426322,No,Danish,
159768,0.407333,No,Danish,
151191,0.692642,Yes,Danish,
18396,0.472683,No,Danish,
20097,0.006904,No,Danish,
19536,0.100879,No,Danish,
148708,0.082697,No,Danish,
8923,0.080357,No,Danish,
154698,0.106691,No,Danish,
160945,0.615088,Yes,Danish,
4926,0.004538,No,Danish,
49395,0.088820,No,Danish,
30553,0.063715,No,Danish,
37374,0.039639,No,Danish,
186372,0.256832,No,Danish,
40011,0.709019,Yes,Danish,
182004,0.164516,No,Danish,
61167,0.699254,Yes,Danish,
6936,0.008985,No,Danish,
146984,0.051845,No,Danish,
23992,0.002935,No,Danish,
163939,0.076961,No,Danish,
64079,0.129403,No,Danish,
64489,0.146087,No,Danish,
155033,0.035145,No,Danish,
172064,0.310694,No,Danish,
159010,0.422505,No,Danish,
158606,0.052619,No,Danish,
181673,0.028871,No,Danish,
163401,0.026759,No,Danish,
155536,0.384912,No,Danish,
43636,0.300746,No,Danish,
44583,0.082697,No,Danish,
37613,0.046725,No,Danish,
64881,0.002673,No,Danish,
151847,0.437823,No,Danish,
52385,0.230920,No,Danish,
163594,0.086323,No,Danish,
61532,0.074770,No,Danish,
163444,0.265880,No,Danish,
179295,0.037892,No,Danish,
42491,0.618780,Yes,Danish,
34025,0.032101,No,Danish,
175970,0.082697,No,Danish,
177747,0.217338,No,Danish,
58824,0.581303,Yes,Danish,
20110,0.019419,No,Danish,
148657,0.651355,Yes,Danish,
183517,0.259826,No,Danish,
3779,0.014064,No,Danish,
176430,0.407333,No,Danish,
19466,0.314051,No,Danish,
51706,0.268941,No,Danish,
62557,0.476580,No,Danish,
17121,0.013223,No,Danish,
147945,0.056652,No,Danish,
31091,0.108189,No,Danish,
42483,0.059210,No,Danish,
43361,0.082697,No,Danish,
55127,0.119203,No,Danish,
150004,0.433981,No,Danish,
173767,0.259826,No,Danish,
3489,0.472683,No,Danish,
5951,0.284576,No,Danish,
181933,0.162380,No,Danish,
64083,0.010014,No,Danish,
48001,0.032590,No,Danish,
176593,0.014282,No,Danish,
168549,0.059210,No,Danish,
5871,0.196826,No,Danish,
4632,0.035679,No,Danish,
55997,0.607663,Yes,Danish,
24264,0.314051,No,Danish,
151768,0.199308,No,Danish,
40743,0.008316,No,Danish,
58957,0.031619,No,Danish,
148427,0.048137,No,Danish,
159713,0.256832,No,Danish,
28399,0.064653,No,Danish,
47117,0.168857,No,Danish,
44477,0.073696,No,Danish,
162496,0.094010,No,Danish,
65905,0.004755,No,Danish,
59721,0.132964,No,Danish,
36088,0.304042,No,Danish,
59794,0.718594,Yes,Danish,
58590,0.331120,No,Danish,
35855,0.414899,No,Danish,
147875,0.020964,No,Danish,
60600,0.377541,No,Danish,
162019,0.187133,No,Danish,
169197,0.265880,No,Danish,
32087,0.125923,No,Danish,
62361,0.035145,No,Danish,
157015,0.626124,Yes,Danish,
152127,0.125923,No,Danish,
34156,0.194368,No,Danish,
47475,0.453262,No,Danish,
53952,0.032101,No,Danish,
46514,0.250913,No,Danish,
3691,0.096706,No,Danish,
171746,0.025179,No,Danish,
61006,0.196826,No,Danish,
178083,0.262842,No,Danish,
199433,0.075858,No,Danish,
56879,0.430147,No,Danish,
178226,0.032590,No,Danish,
62537,0.272025,No,Danish,
173418,0.194368,No,Danish,
3436,0.048858,No,Danish,
26176,0.045353,No,Danish,
37347,0.039048,No,Danish,
52708,0.005385,No,Danish,
20553,0.014064,No,Danish,
3113,0.566019,Yes,Danish,
172579,0.001032,No,Danish,
186518,0.245085,No,Danish,
168252,0.142232,No,Danish,
7638,0.022977,No,Danish,
185567,0.111241,No,Danish,
150110,0.076961,No,Danish,
26777,0.011687,No,Danish,
5249,0.086323,No,Danish,
186246,0.065605,No,Danish,
181736,0.259826,No,Danish,
147160,0.162380,No,Danish,
169221,0.173288,No,Danish,
7022,0.320821,No,Danish,
65748,0.146087,No,Danish,
184486,0.558327,Yes,Danish,
148071,0.196826,No,Danish,
35450,0.120853,No,Danish,
21312,0.040846,No,Danish,
59890,0.535098,Yes,Danish,
39348,0.204342,No,Danish,
151146,0.352202,No,Danish,
47629,0.317426,No,Danish,
66341,0.156105,No,Danish,
33326,0.003124,No,Danish,
40405,0.017177,No,Danish,
152375,0.119203,No,Danish,
19481,0.352202,No,Danish,
178072,0.006098,No,Danish,
34422,0.039048,No,Danish,
60795,0.108189,No,Danish,
3073,0.523420,Yes,Danish,
10223,0.028871,No,Danish,
151840,0.317426,No,Danish,
180388,0.737158,Yes,Danish,
177612,0.381220,No,Danish,
179010,0.327668,No,Danish,
33780,0.324235,No,Danish,
56883,0.250913,No,Danish,
161232,0.331120,No,Danish,
176118,0.233706,No,Danish,
47224,0.007461,No,Danish,
23950,0.317426,No,Danish,
43845,0.331120,No,Danish,
28192,0.109706,No,Danish,
181594,0.043366,No,Danish,
184961,0.138462,No,Danish,
59254,0.054199,No,Danish,
162497,0.017177,No,Danish,
50571,0.072637,No,Danish,
11896,0.407333,No,Danish,
44502,0.199308,No,Danish,
41794,0.100879,No,Danish,
152236,0.071591,No,Danish,
182686,0.352202,No,Danish,
23123,0.080357,No,Danish,
56919,0.146087,No,Danish,
157650,0.044681,No,Danish,
155307,0.430147,No,Danish,
27133,0.056652,No,Danish,
59556,0.790530,Yes,Danish,
9800,0.187133,No,Danish,
57326,0.196826,No,Danish,
16031,0.120853,No,Danish,
168818,0.114369,No,Danish,
8549,0.073696,No,Danish,
163019,0.300746,No,Danish,
174078,0.136608,No,Danish,
158260,0.124213,No,Danish,
153285,0.341582,No,Danish,
152153,0.206894,No,Danish,
40017,0.324235,No,Danish,
62254,0.692642,Yes,Danish,
49660,0.042088,No,Danish,
186680,0.006004,No,Danish,
153171,0.554470,Yes,Danish,
497,0.236516,No,Danish,
55927,0.453262,No,Danish,
147232,0.160266,No,Danish,
41312,0.150029,No,Danish,
62605,0.013428,No,Danish,
49807,0.531209,Yes,Danish,
157155,0.418697,No,Danish,
40023,0.000607,No,Danish,
186898,0.099470,No,Danish,
46610,0.028436,No,Danish,
173748,0.014282,No,Danish,
14775,0.679179,Yes,Danish,
45626,0.044019,No,Danish,
186308,0.314051,No,Danish,
36220,0.037892,No,Danish,
15114,0.384912,No,Danish,
153787,0.484380,No,Danish,
15402,0.569853,Yes,Danish,
11483,0.464902,No,Danish,
56444,0.124213,No,Danish,
17046,0.129403,No,Danish,
35592,0.461017,No,Danish,
177247,0.214691,No,Danish,
168516,0.272025,No,Danish,
47199,0.392337,No,Danish,
33934,0.320821,No,Danish,
152077,0.136608,No,Danish,
181250,0.103749,No,Danish,
163836,0.035145,No,Danish,
183131,0.092688,No,Danish,
39286,0.079210,No,Danish,
185683,0.078078,No,Danish,
22419,0.262842,No,Danish,
62081,0.085099,No,Danish,
173570,0.290981,No,Danish,
157526,0.087564,No,Danish,
179652,0.067547,No,Danish,
18649,0.142232,No,Danish,
18283,0.403567,No,Danish,
15083,0.426322,No,Danish,
180648,0.573678,Yes,Danish,
167585,0.206894,No,Danish,
28078,0.496094,No,Danish,
150848,0.140336,No,Danish,
51003,0.867036,Yes,Danish,
43217,0.275130,No,Danish,
164596,0.476580,No,Danish,
7225,0.094010,No,Danish,
66205,0.464902,No,Danish,
31790,0.008188,No,Danish,
169610,0.144149,No,Danish,
177118,0.043366,No,Danish,
38890,0.230920,No,Danish,
64930,0.117572,No,Danish,
164947,0.098079,No,Danish,
7046,0.256832,No,Danish,
166090,0.156105,No,Danish,
24806,0.352202,No,Danish,
163143,0.472683,No,Danish,
19069,0.138462,No,Danish,
178661,0.464902,No,Danish,
64342,0.028436,No,Danish,
179058,0.112795,No,Danish,
26153,0.131173,No,Danish,
15561,0.433981,No,Danish,
166115,0.359364,No,Danish,
31380,0.129403,No,Danish,
57836,0.239349,No,Danish,
66175,0.033086,No,Danish,
174485,0.078078,No,Danish,
177658,0.511717,Yes,Danish,
163928,0.036220,No,Danish,
159932,0.222700,No,Danish,
181527,0.324235,No,Danish,
3195,0.239349,No,Danish,
25406,0.831143,Yes,Danish,
185697,0.007346,No,Danish,
17177,0.320821,No,Danish,
17828,0.053403,No,Danish,
45676,0.359364,No,Danish,
5040,0.132964,No,Danish,
56702,0.262842,No,Danish,
157861,0.039048,No,Danish,
25606,0.007577,No,Danish,
8973,0.098079,No,Danish,
58465,0.189521,No,Danish,
181291,0.067547,No,Danish,
16827,0.071591,No,Danish,
4349,0.054199,No,Danish,
26792,0.024054,No,Danish,
63878,0.007461,No,Danish,
39008,0.094010,No,Danish,
150642,0.265880,No,Danish,
6558,0.039048,No,Danish,
19216,0.384912,No,Danish,
183327,0.201813,No,Danish,
50038,0.272025,No,Danish,
155850,0.217338,No,Danish,
31447,0.214691,No,Danish,
21010,0.061876,No,Danish,
60598,0.496094,No,Danish,
54705,0.388618,No,Danish,
164372,0.214691,No,Danish,
50387,0.175538,No,Danish,
33990,0.062789,No,Danish,
50047,0.144149,No,Danish,
4652,0.092688,No,Danish,
149429,0.345105,No,Danish,
162225,0.177811,No,Danish,
151905,0.228157,No,Danish,
158289,0.092688,No,Danish,
50260,0.025565,No,Danish,
165908,0.228157,No,Danish,
147449,0.206894,No,Danish,
184662,0.304042,No,Danish,
65558,0.721743,Yes,Danish,
156066,0.112795,No,Danish,
184941,0.411111,No,Danish,
158082,0.092688,No,Danish,
148356,0.381220,No,Danish,
1791,0.120853,No,Danish,
64877,0.050331,No,Danish,
33952,0.055823,No,Danish,
63977,0.297470,No,Danish,
44904,0.581303,Yes,Danish,
171615,0.320821,No,Danish,
25355,0.233706,No,Danish,
51312,0.204342,No,Danish,
147943,0.044681,No,Danish,
8875,0.091382,No,Danish,
164209,0.180107,No,Danish,
42088,0.004682,No,Danish,
154119,0.177811,No,Danish,
147120,0.152032,No,Danish,
28873,0.199308,No,Danish,
12347,0.051083,No,Danish,
42359,0.124213,No,Danish,
54481,0.072637,No,Danish,
38754,0.047426,No,Danish,
10029,0.016403,No,Danish,
154592,0.262842,No,Danish,
162361,0.603932,Yes,Danish,
161401,0.150029,No,Danish,
161102,0.228157,No,Danish,
58381,0.265880,No,Danish,
56298,0.144149,No,Danish,
64099,0.191933,No,Danish,
31317,0.045353,No,Danish,
46186,0.016915,No,Danish,
184940,0.124213,No,Danish,
49631,0.168857,No,Danish,
146581,0.359364,No,Danish,
64383,0.065605,No,Danish,
5202,0.070560,No,Danish,
49227,0.290981,No,Danish,
155784,0.060975,No,Danish,
156407,0.175538,No,Danish,
56551,0.103749,No,Danish,
180316,0.272025,No,Danish,
54014,0.362969,No,Danish,
175085,0.362969,No,Danish,
14935,0.033086,No,Danish,
24564,0.124213,No,Danish,
59296,0.017712,No,Danish,
157565,0.388618,No,Danish,
159448,0.191933,No,Danish,
5458,0.112795,No,Danish,
170117,0.407333,No,Danish,
173980,0.433981,No,Danish,
165368,0.134776,No,Danish,
28062,0.045353,No,Danish,
36246,0.087564,No,Danish,
174044,0.345105,No,Danish,
29965,0.119203,No,Danish,
53571,0.119203,No,Danish,
32002,0.099470,No,Danish,
57393,0.191933,No,Danish,
39305,0.204342,No,Danish,
24120,0.388618,No,Danish,
30694,0.388618,No,Danish,
8076,0.115961,No,Danish,
39081,0.314051,No,Danish,
159203,0.088820,No,Danish,
4996,0.056652,No,Danish,
37973,0.096706,No,Danish,
180169,0.065605,No,Danish,
185358,0.115961,No,Danish,
151132,0.120853,No,Danish,
37441,0.003028,No,Danish,
182346,0.117572,No,Danish,
64515,0.019124,No,Danish,
47356,0.284576,No,Danish,
55939,0.453262,No,Danish,
41817,0.065605,No,Danish,
42448,0.021287,No,Danish,
37201,0.212069,No,Danish,
166014,0.035679,No,Danish,
62646,0.009708,No,Danish,
30807,0.523420,Yes,Danish,
155160,0.013223,No,Danish,
178731,0.272025,No,Danish,
17158,0.265880,No,Danish,
180157,0.024054,No,Danish,
167975,0.194368,No,Danish,
148095,0.407333,No,Danish,
174128,0.338077,No,Danish,
174280,0.225417,No,Danish,
10333,0.025179,No,Danish,
154286,0.392337,No,Danish,
154192,0.519521,Yes,Danish,
1718,0.015664,No,Danish,
49767,0.268941,No,Danish,
156890,0.220007,No,Danish,
33696,0.072637,No,Danish,
66082,0.105211,No,Danish,
56765,0.426322,No,Danish,
1265,0.032590,No,Danish,
18676,0.105211,No,Danish,
168340,0.164516,No,Danish,
149835,0.073696,No,Danish,
37361,0.002323,No,Danish,
148937,0.060975,No,Danish,
331,0.099470,No,Danish,
33123,0.046725,No,Danish,
17608,0.021615,No,Danish,
184177,0.162380,No,Danish,
161013,0.262842,No,Danish,
175700,0.075858,No,Danish,
429,0.392337,No,Danish,
16081,0.201813,No,Danish,
146479,0.124213,No,Danish,
154946,0.045353,No,Danish,
61586,0.146087,No,Danish,
41611,0.256832,No,Danish,
10110,0.042722,No,Danish,
46916,0.250913,No,Danish,
30013,0.294215,No,Danish,
10521,0.031144,No,Danish,
183277,0.038466,No,Danish,
17557,0.081520,No,Danish,
29088,0.122523,No,Danish,
186296,0.150029,No,Danish,
27274,0.182426,No,Danish,
30761,0.177811,No,Danish,
34026,0.015189,No,Danish,
185528,0.065605,No,Danish,
169542,0.352202,No,Danish,
45898,0.468791,No,Danish,
172223,0.359364,No,Danish,
44453,0.073696,No,Danish,
62078,0.160266,No,Danish,
33154,0.005469,No,Danish,
2504,0.265880,No,Danish,
47020,0.119203,No,Danish,
26571,0.007012,No,Danish,
1434,0.044019,No,Danish,
61585,0.024054,No,Danish,
148070,0.144149,No,Danish,
164734,0.003222,No,Danish,
20495,0.569853,Yes,Danish,
40222,0.345105,No,Danish,
19790,0.111241,No,Danish,
46752,0.573678,Yes,Danish,
164985,0.558327,Yes,Danish,
168296,0.651355,Yes,Danish,
177499,0.134776,No,Danish,
185348,0.228157,No,Danish,
149193,0.115961,No,Danish,
50081,0.290981,No,Danish,
149848,0.080357,No,Danish,
16107,0.230920,No,Danish,
173076,0.300746,No,Danish,
23759,0.622459,Yes,Danish,
41923,0.233706,No,Danish,
43799,0.095349,No,Danish,
151792,0.088820,No,Danish,
178664,0.928409,Ja,Danish,
7934,0.414899,No,Danish,
8614,0.063715,No,Danish,
136780,0.099470,No,Danish,
27209,0.052619,No,Danish,
23210,0.005820,No,Danish,
43335,0.088820,No,Danish,
11949,0.245085,No,Danish,
178751,0.366590,No,Danish,
63205,0.457137,No,Danish,
32306,0.362969,No,Danish,
170460,0.152032,No,Danish,
160251,0.184768,No,Danish,
154985,0.095349,No,Danish,
47168,0.441673,No,Danish,
25618,0.012821,No,Danish,
59265,0.038466,No,Danish,
39706,0.685949,Yes,Danish,
151823,0.076961,No,Danish,
172090,0.026759,No,Danish,
64033,0.220007,No,Danish,
32943,0.122523,No,Danish,
51457,0.122523,No,Danish,
161783,0.032590,No,Danish,
184990,0.148047,No,Danish,
28699,0.278257,No,Danish,
163063,0.065605,No,Danish,
23807,0.017986,No,Danish,
11053,0.212069,No,Danish,
61314,0.433981,No,Danish,
188071,0.058346,No,Danish,
16842,0.245085,No,Danish,
158622,0.154058,No,Danish,
38087,0.433981,No,Danish,
48547,0.209470,No,Danish,
160348,0.067547,No,Danish,
160682,0.087564,No,Danish,
47406,0.045353,No,Danish,
167392,0.201813,No,Danish,
58244,0.150029,No,Danish,
153147,0.272025,No,Danish,
147038,0.036220,No,Danish,
176321,0.033590,No,Danish,
4617,0.012054,No,Danish,
40424,0.028436,No,Danish,
7989,0.250913,No,Danish,
61176,0.008711,No,Danish,
181761,0.031619,No,Danish,
164161,0.476580,No,Danish,
42641,0.407333,No,Danish,
11154,0.230920,No,Danish,
26873,0.003430,No,Danish,
174582,0.020964,No,Danish,
26136,0.535098,Yes,Danish,
146450,0.127653,No,Danish,
172604,0.027585,No,Danish,
48599,0.272025,No,Danish,
35173,0.138462,No,Danish,
158003,0.787931,Yes,Danish,
47967,0.523420,Yes,Danish,
60362,0.100879,No,Danish,
171808,0.122523,No,Danish,
23125,0.129403,No,Danish,
10086,0.046034,No,Danish,
170998,0.010818,No,Danish,
177028,0.036220,No,Danish,
34263,0.009559,No,Danish,
178285,0.030676,No,Danish,
62357,0.259826,No,Danish,
167598,0.117572,No,Danish,
149710,0.071591,No,Danish,
150647,0.024798,No,Danish,
179508,0.355775,No,Danish,
5822,0.044681,No,Danish,
16404,0.080357,No,Danish,
11465,0.182426,No,Danish,
6830,0.079210,No,Danish,
15640,0.075858,No,Danish,
153876,0.461017,No,Danish,
156165,0.103749,No,Danish,
180508,0.065605,No,Danish,
158704,0.055823,No,Danish,
52892,0.008188,No,Danish,
168657,0.039639,No,Danish,
62770,0.063715,No,Danish,
49447,0.035145,No,Danish,
47860,0.566019,Yes,Danish,
20905,0.214691,No,Danish,
176173,0.152032,No,Danish,
178658,0.275130,No,Danish,
18419,0.080357,No,Danish,
163164,0.086323,No,Danish,
169402,0.083890,No,Danish,
32955,0.209470,No,Danish,
153370,0.233706,No,Danish,
57136,0.168857,No,Danish,
31294,0.003173,No,Danish,
9491,0.239349,No,Danish,
153457,0.154058,No,Danish,
167172,0.030676,No,Danish,
169384,0.068537,No,Danish,
66043,0.002397,No,Danish,
36836,0.355775,No,Danish,
162185,0.043366,No,Danish,
147268,0.236516,No,Danish,
181903,0.206894,No,Danish,
171387,0.125923,No,Danish,
11544,0.411111,No,Danish,
12251,0.310694,No,Danish,
171381,0.373876,No,Danish,
14855,0.204342,No,Danish,
166846,0.100879,No,Danish,
173786,0.348645,No,Danish,
154476,0.217338,No,Danish,
176972,0.327668,No,Danish,
151203,0.090093,No,Danish,
153113,0.220007,No,Danish,
184694,0.071591,No,Danish,
162386,0.031619,No,Danish,
5763,0.637031,Yes,Danish,
42634,0.310694,No,Danish,
173823,0.284576,No,Danish,
66291,0.136608,No,Danish,
57312,0.020964,No,Danish,
23096,0.092688,No,Danish,
18367,0.074770,No,Danish,
34631,0.278257,No,Danish,
66256,0.287768,No,Danish,
171399,0.138462,No,Danish,
175954,0.569853,Yes,Danish,
6910,0.045353,No,Danish,
10707,0.125923,No,Danish,
45662,0.212069,No,Danish,
25462,0.013428,No,Danish,
146470,0.024798,No,Danish,
32861,0.041462,No,Danish,
60180,0.115961,No,Danish,
153000,0.106691,No,Danish,
185396,0.327668,No,Danish,
46981,0.060087,No,Danish,
184704,0.030215,No,Danish,
43972,0.204342,No,Danish,
169342,0.098079,No,Danish,
60297,0.035145,No,Danish,
10359,0.004007,No,Danish,
28476,0.120853,No,Danish,
159306,0.003430,No,Danish,
16560,0.024798,No,Danish,
149185,0.013428,No,Danish,
183149,0.182426,No,Danish,
181895,0.144149,No,Danish,
157651,0.099470,No,Danish,
155556,0.035679,No,Danish,
33126,0.307358,No,Danish,
19614,0.317426,No,Danish,
54620,0.122523,No,Danish,
153293,0.166675,No,Danish,
34641,0.065605,No,Danish,
59247,0.138462,No,Danish,
54215,0.550607,Yes,Danish,
19712,0.156105,No,Danish,
38528,0.044019,No,Danish,
10097,0.083890,No,Danish,
36007,0.236516,No,Danish,
148526,0.039048,No,Danish,
11812,0.284576,No,Danish,
50212,0.061876,No,Danish,
170286,0.096706,No,Danish,
40130,0.025565,No,Danish,
181143,0.026759,No,Danish,
39721,0.075858,No,Danish,
64432,0.187133,No,Danish,
150287,0.142232,No,Danish,
161537,0.030215,No,Danish,
41310,0.146087,No,Danish,
17788,0.032590,No,Danish,
161198,0.043366,No,Danish,
19038,0.021615,No,Danish,
65435,0.080357,No,Danish,
180267,0.259826,No,Danish,
30523,0.120853,No,Danish,
177975,0.566019,Yes,Danish,
183561,0.134776,No,Danish,
32764,0.006798,No,Danish,
159152,0.290981,No,Danish,
4980,0.003538,No,Danish,
183213,0.023331,No,Danish,
47559,0.392337,No,Danish,
16784,0.014729,No,Danish,
29057,0.003765,No,Danish,
37514,0.403567,No,Danish,
163712,0.140336,No,Danish,
159617,0.418697,No,Danish,
153155,0.124213,No,Danish,
23741,0.117572,No,Danish,
25622,0.080357,No,Danish,
149297,0.014957,No,Danish,
35942,0.262842,No,Danish,
25216,0.006798,No,Danish,
10316,0.281406,No,Danish,
34120,0.020023,No,Danish,
174293,0.075858,No,Danish,
12324,0.166675,No,Danish,
49841,0.222700,No,Danish,
169321,0.009860,No,Danish,
35385,0.106691,No,Danish,
150147,0.392337,No,Danish,
27026,0.037892,No,Danish,
7494,0.859664,Yes,Danish,
61497,0.067547,No,Danish,
5344,0.098079,No,Danish,
59933,0.119203,No,Danish,
35346,0.132964,No,Danish,
161706,0.331120,No,Danish,
156276,0.088820,No,Danish,
40404,0.009268,No,Danish,
24029,0.064653,No,Danish,
58860,0.396068,No,Danish,
159778,0.370225,No,Danish,
169786,0.140336,No,Danish,
178515,0.324235,No,Danish,
58946,0.120853,No,Danish,
153573,0.106691,No,Danish,
20058,0.111241,No,Danish,
32589,0.144149,No,Danish,
9778,0.016153,No,Danish,
23106,0.278257,No,Danish,
29700,0.021287,No,Danish,
28289,0.384912,No,Danish,
19795,0.131173,No,Danish,
20240,0.158174,No,Danish,
31990,0.352202,No,Danish,
31595,0.011687,No,Danish,
50232,0.304042,No,Danish,
36786,0.317426,No,Danish,
150020,0.201813,No,Danish,
169654,0.253861,No,Danish,
46011,0.124213,No,Danish,
8515,0.023689,No,Danish,
171947,0.278257,No,Danish,
46725,0.120853,No,Danish,
186507,0.129403,No,Danish,
166088,0.054199,No,Danish,
34039,0.042088,No,Danish,
18605,0.164516,No,Danish,
47541,0.166675,No,Danish,
37817,0.112795,No,Danish,
156181,0.002551,No,Danish,
146796,0.236516,No,Danish,
149805,0.119203,No,Danish,
151557,0.626124,Yes,Danish,
149847,0.074770,No,Danish,
41471,0.377541,No,Danish,
181030,0.013020,No,Danish,
166406,0.418697,No,Danish,
155860,0.359364,No,Danish,
146996,0.037892,No,Danish,
180766,0.647798,Yes,Danish,
55698,0.119203,No,Danish,
152912,0.026355,No,Danish,
186222,0.004199,No,Danish,
156636,0.290981,No,Danish,
62735,0.037892,No,Danish,
45361,0.148047,No,Danish,
62343,0.278257,No,Danish,
3437,0.426322,No,Danish,
26043,0.094010,No,Danish,
158772,0.702530,Yes,Danish,
153481,0.250913,No,Danish,
27963,0.002473,No,Danish,
30894,0.004007,No,Danish,
33487,0.102305,No,Danish,
175839,0.124213,No,Danish,
31220,0.569853,Yes,Danish,
52563,0.345105,No,Danish,
41979,0.262842,No,Danish,
165962,0.132964,No,Danish,
24938,0.046034,No,Danish,
5269,0.581303,Yes,Danish,
46192,0.184768,No,Danish,
183717,0.355775,No,Danish,
61218,0.278257,No,Danish,
155758,0.028871,No,Danish,
169890,0.070560,No,Danish,
9741,0.585101,Yes,Danish,
151196,0.654895,Yes,Danish,
166985,0.162380,No,Danish,
170221,0.117572,No,Danish,
43203,0.055823,No,Danish,
152623,0.073696,No,Danish,
152662,0.464902,No,Danish,
159913,0.088820,No,Danish,
136905,0.217338,No,Danish,
43784,0.214691,No,Danish,
158027,0.122523,No,Danish,
59907,0.175538,No,Danish,
53627,0.457137,No,Danish,
151941,0.348645,No,Danish,
159809,0.327668,No,Danish,
34205,0.236516,No,Danish,
18077,0.187133,No,Danish,
11835,0.125923,No,Danish,
171140,0.073696,No,Danish,
175808,0.189521,No,Danish,
33697,0.334589,No,Danish,
149517,0.166675,No,Danish,
35036,0.015906,No,Danish,
152966,0.094010,No,Danish,
174412,0.031144,No,Danish,
162322,0.519521,Yes,Danish,
150118,0.140336,No,Danish,
36082,0.087564,No,Danish,
50300,0.445530,No,Danish,
157065,0.168857,No,Danish,
149508,0.259826,No,Danish,
174142,0.160266,No,Danish,
181252,0.066569,No,Danish,
154372,0.430147,No,Danish,
57777,0.119203,No,Danish,
24377,0.430147,No,Danish,
168761,0.027169,No,Danish,
165352,0.453262,No,Danish,
46107,0.030676,No,Danish,
40445,0.366590,No,Danish,
9072,0.204342,No,Danish,
153374,0.345105,No,Danish,
5495,0.209470,No,Danish,
42188,0.039639,No,Danish,
6698,0.281406,No,Danish,
23352,0.160266,No,Danish,
153235,0.040846,No,Danish,
54631,0.272025,No,Danish,
171889,0.023331,No,Danish,
22002,0.581303,Yes,Danish,
29696,0.001525,No,Danish,
188141,0.453262,No,Danish,
42367,0.355775,No,Danish,
16896,0.032101,No,Danish,
44976,0.074770,No,Danish,
53929,0.060087,No,Danish,
39167,0.162380,No,Danish,
43006,0.138462,No,Danish,
155002,0.088820,No,Danish,
18352,0.079210,No,Danish,
54663,0.037327,No,Danish,
45930,0.800692,Yes,Danish,
20585,0.057493,No,Danish,
8021,0.294215,No,Danish,
38991,0.018833,No,Danish,
51101,0.480479,No,Danish,
174829,0.045353,No,Danish,
16142,0.017442,No,Danish,
154263,0.119203,No,Danish,
164333,0.095349,No,Danish,
8684,0.760651,Yes,Danish,
51745,0.074770,No,Danish,
3226,0.055005,No,Danish,
57653,0.039639,No,Danish,
184967,0.102305,No,Danish,
35153,0.259826,No,Danish,
14825,0.160266,No,Danish,
155108,0.290981,No,Danish,
66387,0.129403,No,Danish,
14870,0.359364,No,Danish,
166577,0.253861,No,Danish,
57078,0.184768,No,Danish,
183999,0.111241,No,Danish,
18473,0.088820,No,Danish,
52312,0.175538,No,Danish,
48981,0.092688,No,Danish,
181929,0.182426,No,Danish,
26780,0.023689,No,Danish,
26787,0.144149,No,Danish,
163693,0.661923,Yes,Danish,
179166,0.037327,No,Danish,
39811,0.158174,No,Danish,
9457,0.125923,No,Danish,
19411,0.082697,No,Danish,
178168,0.063715,No,Danish,
31148,0.222700,No,Danish,
55161,0.140336,No,Danish,
157270,0.162380,No,Danish,
17545,0.053403,No,Danish,
25177,0.020646,No,Danish,
62862,0.069542,No,Danish,
166134,0.016915,No,Danish,
153059,0.040846,No,Danish,
43318,0.327668,No,Danish,
36322,0.324235,No,Danish,
61929,0.187133,No,Danish,
164270,0.233706,No,Danish,
155119,0.352202,No,Danish,
161083,0.760651,Yes,Danish,
153225,0.511717,Yes,Danish,
46421,0.106691,No,Danish,
32902,0.076961,No,Danish,
19694,0.021948,No,Danish,
5679,0.046725,No,Danish,
158158,0.220007,No,Danish,
39673,0.033086,No,Danish,
1728,0.051845,No,Danish,
173903,0.247987,No,Danish,
49812,0.148047,No,Danish,
177071,0.051083,No,Danish,
41495,0.114369,No,Danish,
65704,0.049589,No,Danish,
65954,0.010987,No,Danish,
17072,0.418697,No,Danish,
9453,0.071591,No,Danish,
184649,0.164516,No,Danish,
186541,0.048137,No,Danish,
184829,0.049589,No,Danish,
61229,0.793106,Yes,Danish,
39438,0.324235,No,Danish,
164087,0.839734,Yes,Danish,
51727,0.262842,No,Danish,
59578,0.206894,No,Danish,
166024,0.086323,No,Danish,
18173,0.220007,No,Danish,
17326,0.596433,Yes,Danish,
64766,0.090093,No,Danish,
25227,0.069542,No,Danish,
184428,0.300746,No,Danish,
28994,0.247987,No,Danish,
178710,0.129403,No,Danish,
3037,0.041462,No,Danish,
199429,0.920790,Yes,Danish,
166559,0.075858,No,Danish,
42728,0.014957,No,Danish,
175274,0.016657,No,Danish,
8315,0.013637,No,Danish,
157925,0.105211,No,Danish,
22134,0.004610,No,Danish,
32043,0.392337,No,Danish,
150847,0.191933,No,Danish,
179487,0.010987,No,Danish,
178887,0.300746,No,Danish,
177343,0.384912,No,Danish,
27951,0.070560,No,Danish,
39304,0.189521,No,Danish,
157044,0.044681,No,Danish,
63501,0.081520,No,Danish,
185728,0.191933,No,Danish,
168581,0.247987,No,Danish,
57321,0.399812,No,Danish,
173113,0.214691,No,Danish,
4837,0.010170,No,Danish,
23865,0.037892,No,Danish,
154383,0.028436,No,Danish,
159946,0.396068,No,Danish,
19747,0.242206,No,Danish,
157401,0.461017,No,Danish,
2247,0.132964,No,Danish,
177394,0.377541,No,Danish,
31335,0.013223,No,Danish,
155408,0.052619,No,Danish,
153396,0.046034,No,Danish,
18945,0.196826,No,Danish,
161354,0.366590,No,Danish,
185404,0.119203,No,Danish,
55324,0.373876,No,Danish,
56470,0.554470,Yes,Danish,
152424,0.025565,No,Danish,
184356,0.076961,No,Danish,
58427,0.275130,No,Danish,
63293,0.388618,No,Danish,
147638,0.278257,No,Danish,
57119,0.247987,No,Danish,
158431,0.125923,No,Danish,
30879,0.068537,No,Danish,
32963,0.014282,No,Danish,
169406,0.136608,No,Danish,
152499,0.294215,No,Danish,
184453,0.381220,No,Danish,
37227,0.021287,No,Danish,
173133,0.102305,No,Danish,
30312,0.171061,No,Danish,
169748,0.129403,No,Danish,
5131,0.290981,No,Danish,
23420,0.008711,No,Danish,
166814,0.573678,Yes,Danish,
155918,0.272025,No,Danish,
184765,0.144149,No,Danish,
170905,0.519521,Yes,Danish,
63993,0.171061,No,Danish,
15259,0.051083,No,Danish,
19749,0.111241,No,Danish,
163920,0.422505,Ja,Danish,
39054,0.034619,No,Danish,
169200,0.230920,No,Danish,
23322,0.297470,No,Danish,
64132,0.014729,No,Danish,
45142,0.115961,No,Danish,
180403,0.596433,Yes,Danish,
26436,0.265880,No,Danish,
30575,0.111241,No,Danish,
44716,0.142232,No,Danish,
176683,0.103749,No,Danish,
9229,0.144149,No,Danish,
175144,0.095349,No,Danish,
172331,0.373876,No,Danish,
4974,0.187133,No,Danish,
33347,0.134776,No,Danish,
49079,0.800692,Yes,Danish,
165391,0.212069,No,Danish,
186047,0.225417,No,Danish,
162929,0.445530,No,Danish,
36331,0.132964,No,Danish,
171441,0.164516,No,Danish,
16108,0.314051,No,Danish,
63881,0.001346,No,Danish,
161133,0.225417,No,Danish,
1101,0.001648,No,Danish,
10378,0.222700,No,Danish,
61368,0.079210,No,Danish,
63746,0.511717,Yes,Danish,
183611,0.573678,Yes,Danish,
49399,0.047426,No,Danish,
47879,0.370225,No,Danish,
42854,0.331120,No,Danish,
6263,0.005385,No,Danish,
160804,0.087564,No,Danish,
19530,0.433981,No,Danish,
46445,0.042088,No,Danish,
167147,0.253861,No,Danish,
42890,0.245085,No,Danish,
19777,0.103749,No,Danish,
11727,0.148047,No,Danish,
160884,0.236516,No,Danish,
177357,0.546738,Yes,Danish,
60932,0.320821,No,Danish,
151537,0.040238,No,Danish,
31478,0.024423,No,Danish,
161695,0.256832,No,Danish,
162264,0.052619,No,Danish,
64587,0.051083,No,Danish,
3510,0.022629,No,Danish,
38603,0.092688,No,Danish,
49719,0.072637,No,Danish,
170334,0.217338,No,Danish,
23952,0.100879,No,Danish,
17958,0.086323,No,Danish,
158171,0.154058,No,Danish,
4045,0.100879,No,Danish,
152098,0.253861,No,Danish,
52521,0.092688,No,Danish,
165957,0.081520,No,Danish,
22313,0.048137,No,Danish,
183629,0.057493,No,Danish,
169138,0.071591,No,Danish,
51994,0.060087,No,Danish,
66566,0.071591,No,Danish,
62263,0.294215,No,Danish,
40853,0.214691,No,Danish,
34334,0.569853,Yes,Danish,
51365,0.314051,No,Danish,
32560,0.230920,No,Danish,
169189,0.194368,No,Danish,
33819,0.072637,No,Danish,
170941,0.177811,No,Danish,
181715,0.158174,No,Danish,
185277,0.134776,No,Danish,
4469,0.085099,No,Danish,
61180,0.081520,No,Danish,
46412,0.433981,No,Danish,
180901,0.132964,No,Danish,
170890,0.233706,No,Danish,
183673,0.220007,No,Danish,
63553,0.032101,No,Danish,
9997,0.022286,No,Danish,
65965,0.012054,No,Danish,
161575,0.600188,Yes,Danish,
159426,0.091382,No,Danish,
46028,0.377541,No,Danish,
21760,0.407333,No,Danish,
26053,0.437823,No,Danish,
177901,0.396068,No,Danish,
151318,0.300746,No,Danish,
155314,0.441673,No,Danish,
185762,0.058346,No,Danish,
22679,0.014957,No,Danish,
35919,0.016403,No,Danish,
64605,0.194368,No,Danish,
32265,0.036220,No,Danish,
179605,0.071591,No,Danish,
1538,0.080357,No,Danish,
3816,0.136608,No,Danish,
51730,0.259826,No,Danish,
47400,0.262842,No,Danish,
137050,0.327668,No,Danish,
19264,0.247987,No,Danish,
20367,0.003075,No,Danish,
15321,0.146087,No,Danish,
166328,0.472683,No,Danish,
150948,0.081520,No,Danish,
155625,0.134776,No,Danish,
23056,0.414899,No,Danish,
37010,0.075858,No,Danish,
10618,0.026759,No,Danish,
65996,0.053403,No,Danish,
25812,0.049589,No,Danish,
175068,0.055005,No,Danish,
155404,0.651355,Yes,Danish,
175502,0.138462,No,Danish,
153293,0.492188,No,Danish,
154682,0.247987,No,Danish,
148881,0.370225,No,Danish,
25130,0.098079,No,Danish,
8195,0.040846,No,Danish,
57842,0.437823,No,Danish,
8596,0.006590,No,Danish,
180505,0.003430,No,Danish,
181804,0.063715,No,Danish,
49847,0.199308,No,Danish,
149761,0.131173,No,Danish,
40072,0.076961,No,Danish,
174864,0.581303,Yes,Danish,
57400,0.310694,No,Danish,
35324,0.044681,No,Danish,
27481,0.026759,No,Danish,
58597,0.111241,No,Danish,
176261,0.236516,No,Danish,
31460,0.217338,No,Danish,
165602,0.187133,No,Danish,
62861,0.500000,No,Danish,
2189,0.228157,No,Danish,
38748,0.426322,No,Danish,
4848,0.426322,No,Danish,
159963,0.015425,No,Danish,
66188,0.426322,No,Danish,
62667,0.035679,No,Danish,
182758,0.300746,No,Danish,
21599,0.611382,Yes,Danish,
173865,0.017986,No,Danish,
